x,y,z
4.999999999999996275e+06,-8.660254037844391540e+06,-1.732050807568877190e+07
7.647967471841163933e+06,-6.989288526591309346e+06,-1.710726690781845525e+07
1.010762399926088192e+07,-5.146226219389326870e+06,-1.647279848434517533e+07
1.231841406884590164e+07,-3.176446961932467297e+06,-1.543272996085487679e+07
1.422591179048395902e+07,-1.128447118776059011e+06,-1.401267168071976118e+07
1.578315897504496388e+07,9.473540402921125060e+05,-1.224758556391912512e+07
1.695181925297987089e+07,2.999854774450493976e+06,-1.018092395176697150e+07
1.770312011401497200e+07,4.978527709776543081e+06,-7.863560180319414474e+06
1.801855995136327669e+07,6.834662318428293802e+06,-5.352537179851054214e+06
1.789036292334120721e+07,8.522562666126234457e+06,-2.709664775347360875e+06
1.732167056664492190e+07,1.000067116446645744e+07,-4.242585683065323848e-09
1.632646546742006950e+07,1.123259086421040632e+07,2.709752447520446964e+06
1.492922877610773593e+07,1.218798127266221493e+07,5.352880529974355362e+06
1.316433979610655457e+07,1.284330571799140051e+07,7.864305889508367516e+06
1.107523214147398993e+07,1.318241185015340149e+07,1.018218538790369965e+07
8.713326905175015330e+06,1.319693088681819290e+07,1.224943387886728346e+07
6.136768767751133069e+06,1.288648559688011929e+07,1.401513074529676512e+07
3.408995874271806329e+06,1.225870166870343499e+07,1.543577547453942336e+07
5.971784873247948708e+05,1.132902192803696916e+07,1.647636115143861249e+07
-2.229435228741160128e+06,1.012032773753411509e+07,1.711123915048298240e+07
-5.001225521704358049e+06,8.662376703702129424e+06,1.732475340740424395e+07
-7.649917287613886409e+06,6.991070415055045858e+06,1.711162833050593734e+07
-1.011026371736263484e+07,5.147570213438576087e+06,1.647710053835399449e+07
-1.232165561092979275e+07,3.177282831423999276e+06,1.543679102288425900e+07
-1.422961647186541371e+07,1.128740986550052883e+06,1.401632083057002164e+07
-1.578714634441282228e+07,-9.475933745398957981e+05,1.225067972571428865e+07
-1.695588109698595852e+07,-3.000573572943614796e+06,1.018336341412276775e+07
-1.770703841461647674e+07,-4.979629626726455986e+06,7.865300652755113319e+06
-1.802212705275773257e+07,-6.836015364040844142e+06,5.353596811857702211e+06
-1.789340180034062266e+07,-8.524010318125991151e+06,2.710125042028197553e+06
-1.732405294780012220e+07,-1.000204663286772370e+07,6.364753797234804220e-09
-1.632812568931628019e+07,-1.123373309510791861e+07,-2.710027999528680928e+06
-1.493017162991621345e+07,-1.218875100328479521e+07,-5.353218590558037162e+06
-1.316464124030521140e+07,-1.284359981097748131e+07,-7.864485970653627999e+06
-1.107503252942105941e+07,-1.318217425980239548e+07,-1.018200187148592621e+07
-8.712817221933288500e+06,-1.319615893661038578e+07,-1.224871735219079442e+07
-6.136171184054365382e+06,-1.288523074208723940e+07,-1.401376598576973937e+07
-3.408540603833396919e+06,-1.225706452254980803e+07,-1.543371403107424080e+07
-5.970793905797677580e+05,-1.132714197217545658e+07,-1.647362703794497065e+07
2.229003675384311005e+06,-1.011836873852333613e+07,-1.710792691579669714e+07
5.000147400506091304e+06,-8.660509343010017648e+06,-1.732101868602002040e+07
7.648148485118607990e+06,-6.989453950153545476e+06,-1.710767180525849760e+07
1.010783781639770791e+07,-5.146335082892343402e+06,-1.647314695067195408e+07
1.231868178214457817e+07,-3.176515994933743495e+06,-1.543306535687437095e+07
1.422626951428583078e+07,-1.128475494629890891e+06,-1.401302404240046442e+07
1.578364977147588879e+07,9.473834994126006495e+05,-1.224796641741566174e+07
1.695248482999600843e+07,2.999972557347996626e+06,-1.018132368402486295e+07
1.770399318571728095e+07,4.978773237775827758e+06,-7.863947990594013594e+06
1.801965797680249438e+07,6.835078813037986867e+06,-5.352863355860890821e+06
1.789168370096156374e+07,8.523191854594130069e+06,-2.709864819617514033e+06
1.732318989496435970e+07,1.000154834908066690e+07,-8.485915622355949273e-09
1.632813682852356508e+07,1.123374075887067243e+07,2.710029848336325958e+06
1.493098479215421528e+07,1.218941485580373369e+07,5.353510150180928409e+06
1.316609507569726184e+07,1.284501819220227376e+07,7.865354484108393081e+06
1.107688708331110328e+07,1.318438166212719865e+07,1.018370688419166766e+07
8.714772055943051353e+06,1.319911966671988554e+07,1.225146551144240424e+07
6.137889420319356024e+06,1.288883883418235183e+07,1.401769008765722252e+07
3.409676711786419153e+06,1.226114995092038438e+07,1.543885827528134175e+07
5.973081958897090517e+05,1.133148261811059341e+07,1.647993985563674755e+07
-2.229959371007188689e+06,1.012270703586258367e+07,1.711526201849326119e+07
-5.002493039598078467e+06,8.664572109093556181e+06,1.732914421818709746e+07
-7.651999877526429482e+06,6.992973642524953000e+06,1.711628674748072401e+07
-1.011321065730970167e+07,5.149070627346305177e+06,1.648190328407317586e+07
-1.232548936653924175e+07,3.178271410090897698e+06,1.544159402063428983e+07
-1.423432870912451111e+07,1.129114777041402878e+06,1.402096243348208070e+07
-1.579269458943603002e+07,-9.479263973744012183e+05,1.225498511259906180e+07
-1.696218631926095486e+07,-3.001689367706621997e+06,1.018715020464491099e+07
-1.771398386222307011e+07,-4.981582847579256631e+06,7.868385755543890409e+06
-1.802955871455242112e+07,-6.838834285140470602e+06,5.355804438114794903e+06
-1.790113087858998403e+07,-8.527692275502361357e+06,2.711295684075428639e+06
-1.733186066971842200e+07,-1.000655442321903072e+07,-2.017486539396724981e-08
-1.633577065081119910e+07,-1.123899282047936320e+07,-2.711296856720296200e+06
-1.493739965046533756e+07,-1.219465184253192693e+07,-5.355810200014116243e+06
-1.317119743020907231e+07,-1.284999611740714312e+07,-7.868402603289341554e+06
-1.108067496198855340e+07,-1.318889022466807067e+07,-1.018718932884185202e+07
-8.717331308109598234e+06,-1.320299582956002466e+07,-1.225506337831168994e+07
-6.139383614542426541e+06,-1.289197646459724568e+07,-1.402110252312419564e+07
-3.410331601142936852e+06,-1.226350492392220348e+07,-1.544182358396465518e+07
-5.973920348949048202e+05,-1.133307312069635838e+07,-1.648225300280706771e+07
2.230158101224491373e+06,-1.012360915443707444e+07,-1.711678730177168921e+07
5.002688767412542365e+06,-8.664911119612587616e+06,-1.732982223922519758e+07
7.651932138653951697e+06,-6.992911737642866559e+06,-1.711613522657320648e+07
1.011266360118017532e+07,-5.148792097535796463e+06,-1.648101172485194355e+07
1.232430701687108539e+07,-3.177966527417662553e+06,-1.544011275177565962e+07
1.423242481460301951e+07,-1.128963753731319215e+06,-1.401908707749521174e+07
1.579005643055465445e+07,9.477680469149700366e+05,-1.225293792567770556e+07
1.695887238667528704e+07,3.001102922302659601e+06,-1.018515992294523865e+07
1.771011581385488063e+07,4.980495062722126953e+06,-7.866667604679649696e+06
1.802530842879780754e+07,6.837222099262754433e+06,-5.354541861494529992e+06
1.789670374252812937e+07,8.525583288408003747e+06,-2.710625152421414852e+06
1.732747647061370686e+07,1.000402320468571782e+07,-1.273202315822288441e-08
1.633164357639680989e+07,1.123615339767499268e+07,2.710611873799906112e+06
1.493371894979372621e+07,1.219164697794526257e+07,5.354490483419428580e+06
1.316811024207560718e+07,1.284698421543399803e+07,7.866558333679464646e+06
1.107827268241027184e+07,1.318603088606682420e+07,1.018498075608174317e+07
8.715640639974474907e+06,1.320043519677594677e+07,1.225268659068996087e+07
6.138363123881231993e+06,1.288983355540432222e+07,1.401877193017173000e+07
3.409874201650789939e+06,1.226186012172126211e+07,1.543975250024312362e+07
5.973333527625167044e+05,1.133195986698957905e+07,1.648063394246429577e+07
-2.230026038523655850e+06,1.012300966726777516e+07,1.711577370136391371e+07
-5.002599582279423252e+06,8.664756646430751309e+06,1.732951329286152497e+07
-7.652124417994328775e+06,6.993087456981710158e+06,1.711656532437486202e+07
-1.011335935208160616e+07,5.149146334251635708e+06,1.648214561788105033e+07
-1.232569130590333231e+07,3.178323482514821459e+06,1.544184701388951764e+07
-1.423462853014298342e+07,1.129138559851878555e+06,1.402125776031639613e+07
-1.579314375840782747e+07,-9.479533578859531553e+05,1.225533366357190721e+07
-1.696283410032200068e+07,-3.001804001368037425e+06,1.018753924900776893e+07
-1.771486892968871817e+07,-4.981831749065201730e+06,7.868778894224242307e+06
-1.803070220418548957e+07,-6.839268024880364537e+06,5.356144119576156139e+06
-1.790253143617494032e+07,-8.528359469333831221e+06,2.711507811776284594e+06
-1.733349178090715036e+07,-1.000749614570289478e+07,1.485918365927441757e-08
-1.633758026397317834e+07,-1.124023783240870573e+07,-2.711597203645014670e+06
-1.493931187150043808e+07,-1.219621294890351780e+07,-5.356495827577421442e+06
-1.317311590262243524e+07,-1.285186780471532792e+07,-7.869548688405188732e+06
-1.108248746335429139e+07,-1.319104757353238016e+07,-1.018885567991116829e+07
-8.718915094125632197e+06,-1.320539458204808272e+07,-1.225728990811973810e+07
-6.140611110120695084e+06,-1.289455405953170359e+07,-1.402390587317205220e+07
-3.411076146832169965e+06,-1.226618229984766804e+07,-1.544519485237168707e+07
-5.975335144278975204e+05,-1.133575711679860018e+07,-1.648615647209074162e+07
2.230727831864574924e+06,-1.012619539723322354e+07,-1.712116006717353687e+07
5.004060682023505680e+06,-8.667287345422446728e+06,-1.733457469084490463e+07
7.654175121108991094e+06,-6.994961543894899078e+06,-1.712115241573756188e+07
1.011581992056509666e+07,-5.150399115523079410e+06,-1.648615570460267179e+07
1.232838838883853517e+07,-3.179018956854934804e+06,-1.544522596773767471e+07
1.423740925393122993e+07,-1.129359136205322575e+06,-1.402399680228807032e+07
1.579588606327181496e+07,9.481179595095718978e+05,-1.225746166681359708e+07
1.696545237507326901e+07,3.002267340664895251e+06,-1.018911173251114227e+07
1.771731457780897245e+07,4.982519522003374062e+06,-7.869865228217899799e+06
1.803295939451076835e+07,6.840124205046983436e+06,-5.356814633489067666e+06
1.790460887659559399e+07,8.529349114778500050e+06,-2.711822459788390901e+06
1.733541183177274466e+07,1.000860468758700229e+07,-1.698380528934530910e-08
1.633936701917188056e+07,1.124146711808364652e+07,2.711893756765004247e+06
1.494097993832278810e+07,1.219757473171875253e+07,5.357093913556936197e+06
1.317466149181485921e+07,1.285337570217319578e+07,7.870472015087504871e+06
1.108388307131242938e+07,1.319270871062196419e+07,1.019013875360009447e+07
8.720108562510251999e+06,1.320720217172752880e+07,1.225896771869920939e+07
6.141529248925589025e+06,1.289648204198187962e+07,1.402600271531809680e+07
3.411632484926502220e+06,1.226818288388376683e+07,1.544771392550306395e+07
5.976391794164450839e+05,1.133776167824490555e+07,1.648907180569582433e+07
-2.231151530805882998e+06,1.012811874180589244e+07,1.712441201807925850e+07
-5.005069631509914063e+06,8.669034897195184603e+06,1.733806979439037666e+07
-7.655791415266430937e+06,6.996438635194133967e+06,1.712476780448674411e+07
-1.011802396822352707e+07,5.151521291006529704e+06,1.648974772909119353e+07
-1.233111521262443997e+07,3.179722100220753346e+06,1.544864218145662546e+07
-1.424054966204063036e+07,1.129608243927509291e+06,1.402709013707234338e+07
-1.579929291193612665e+07,-9.483224491083230823e+05,1.226010534990558960e+07
-1.696895159588684142e+07,-3.002886575338634197e+06,1.019121329461853579e+07
-1.772072006415098906e+07,-4.983477223697168753e+06,7.871377913361603394e+06
-1.803609031251233816e+07,-6.841311800911732949e+06,5.357744694218496792e+06
-1.790730757166441903e+07,-8.530634711830869317e+06,2.712231202696504537e+06
-1.733756030620851368e+07,-1.000984510988086089e+07,1.910914896062021779e-08
-1.634090000141383149e+07,-1.124252180823444761e+07,-2.712148190426128451e+06
-1.494189285929463245e+07,-1.219832002565690689e+07,-5.357421241710909642e+06
-1.317501220568992756e+07,-1.285371786331349611e+07,-7.870681529672719538e+06
-1.108378684973416291e+07,-1.319259418187368847e+07,-1.019005029080882482e+07
-8.719726670804031193e+06,-1.320662377056022361e+07,-1.225843084486731328e+07
-6.141052181612643413e+06,-1.289548025728226081e+07,-1.402491319068095274e+07
-3.411259596621834207e+06,-1.226684198273536935e+07,-1.544602550452508219e+07
-5.975569087045990163e+05,-1.133620092761662975e+07,-1.648680192827985995e+07
2.230790444091413170e+06,-1.012647962000312842e+07,-1.712164062510741875e+07
5.004163620809915476e+06,-8.667465640630587935e+06,-1.733493128126118332e+07
7.654302308160996065e+06,-6.995077776999411173e+06,-1.712143691261240840e+07
1.011598261389704607e+07,-5.150481949697558768e+06,-1.648642085242288560e+07
1.232861990018077567e+07,-3.179078654758874327e+06,-1.544551600929722749e+07
1.423775741514262557e+07,-1.129386753522349987e+06,-1.402433974471729621e+07
1.579640439049384370e+07,9.481490711133211153e+05,-1.225786388394972496e+07
1.696619094305728748e+07,3.002398040306078736e+06,-1.018955530168594792e+07
1.771831156232912466e+07,4.982799897159176879e+06,-7.870308079405798577e+06
1.803423408293995634e+07,6.840607710110566579e+06,-5.357193288455307484e+06
1.790615671432700008e+07,8.530086469527501613e+06,-2.712056894461225718e+06
1.733720180057122931e+07,1.000963812655469030e+07,4.036216529777282195e-08
1.634134137346710265e+07,1.124282547173735872e+07,2.712221446269840002e+06
1.494305609184019454e+07,1.219926966992143542e+07,5.357838319172734395e+06
1.317673567887371965e+07,1.285539930676909909e+07,7.871711123296163045e+06
1.108583531796418503e+07,1.319503239278661087e+07,1.019193358165219240e+07
8.721808492748655379e+06,1.320977683260200359e+07,1.226135752723980322e+07
6.142842305155724287e+06,1.289923930412375741e+07,1.402900146847901866e+07
3.412426235070818104e+06,1.227103719834381714e+07,1.545130798940387741e+07
5.977894858801983064e+05,1.134061312929246761e+07,1.649321881305118650e+07
-2.231754620099660940e+06,1.013085641331578232e+07,1.712904081599326804e+07
-5.006516364595437422e+06,8.671540712404344231e+06,1.734308142480867729e+07
-7.658147293450396508e+06,6.998591614063607529e+06,1.713003752314649150e+07
-1.012132533996490389e+07,5.153202161388800479e+06,1.649512810645997152e+07
-1.233536571243929304e+07,3.180818141249205917e+06,1.545396728381776251e+07
-1.424571767016525008e+07,1.130018187695263652e+06,1.403218067904689908e+07
-1.580531013681675494e+07,-9.486836215650658123e+05,1.226477466082740575e+07
-1.697571285243153200e+07,-3.004083071562676691e+06,1.019527397021168098e+07
-1.772808434740961716e+07,-4.985548230843308382e+06,7.874649059024978429e+06
-1.804388331476151943e+07,-6.844267782908351161e+06,5.360059659143166617e+06
-1.791532582570830733e+07,-8.534454425989573821e+06,2.713445643154455349e+06
-1.734557712811478972e+07,-1.001447362416651472e+07,-3.825744306950229784e-08
-1.634867333185474202e+07,-1.124786985130419023e+07,-2.713438353396841325e+06
-1.494917495571121760e+07,-1.220426501156891510e+07,-5.360032240089407191e+06
-1.318156092651944980e+07,-1.286010688281451166e+07,-7.874593700323581696e+06
-1.108937802178523690e+07,-1.319924913336910494e+07,-1.019519062101881951e+07
-8.724166779623404145e+06,-1.321334861973168515e+07,-1.226467287159138545e+07
-6.144190418975618668e+06,-1.290207018304085545e+07,-1.403208028603943996e+07
-3.412998183824514970e+06,-1.227309391809374467e+07,-1.545389774687840231e+07
-5.978586257512195734e+05,-1.134192477586373314e+07,-1.649512640602338687e+07
2.231898437067746650e+06,-1.013150925796082802e+07,-1.713014463210869208e+07
5.006590284545936622e+06,-8.671668745514130220e+06,-1.734333749102833122e+07
7.657897740116943605e+06,-6.998363553437384777e+06,-1.712947931268078834e+07
1.012054726439203136e+07,-5.152806009641011246e+06,-1.649386004562613554e+07
1.233391720085222647e+07,-3.180444625616022386e+06,-1.545215256253590994e+07
1.424352876247019507e+07,-1.129844556182680186e+06,-1.403002458210753277e+07
1.580238533181147836e+07,9.485080657183224102e+05,-1.226250503916183300e+07
1.697212736480585486e+07,3.003448570804296993e+06,-1.019312059798046015e+07
1.772397467759726569e+07,4.984392496435713954e+06,-7.872823582177761011e+06
1.803943309205923229e+07,6.842579758477210067e+06,-5.358737689877143130e+06
1.791074818141968548e+07,8.532273740193527192e+06,-2.712752315605150536e+06
1.734109504863119870e+07,1.001188589437013306e+07,-2.548405985401946761e-08
1.634449953453744575e+07,1.124499828319226019e+07,2.712745615736034233e+06
1.494549283148607612e+07,1.220125898481615633e+07,5.358712013079012744e+06
1.317850800719578750e+07,1.285712841394992732e+07,7.872769902716703713e+06
1.108703326236222684e+07,1.319645825873928517e+07,1.019303493030017987e+07
8.722542697742991149e+06,1.321088883639486320e+07,1.226238969275240786e+07
6.143230808243729174e+06,1.290005511446912400e+07,1.402988873045340739e+07
3.412581721062858123e+06,1.227159632380481251e+07,1.545201202277635969e+07
5.978082388552110642e+05,1.134096889037493244e+07,1.649373621412212588e+07
-2.231801059305883944e+06,1.013106722006219253e+07,1.712939724364519492e+07
-5.006586141229875386e+06,8.671661569080311805e+06,1.734332313816064224e+07
-7.658229467040323652e+06,6.998666710477320477e+06,1.713022133218345791e+07
-1.012143748256709985e+07,5.153259258012061939e+06,1.649531086973723210e+07
-1.233554833546267450e+07,3.180865232728937175e+06,1.545419607721492089e+07
-1.424602624425136857e+07,1.130042664828439476e+06,1.403248462774415500e+07
-1.580580567505492643e+07,-9.487133653035146417e+05,1.226515919392258301e+07
-1.697645211408985406e+07,-3.004213893958912697e+06,1.019571795599347912e+07
-1.772911068400170654e+07,-4.985836860482091084e+06,7.875104948128442280e+06
-1.804521903539514914e+07,-6.844774438240773976e+06,5.360456444145558402e+06
-1.791696672915947065e+07,-8.535236115134254098e+06,2.713694173511301167e+06
-1.734748957110518590e+07,-1.001557777364182845e+07,-3.401275164266957105e-08
-1.635079391481204703e+07,-1.124932881012169272e+07,-2.713790312911291607e+06
-1.495141264806005545e+07,-1.220609182746489160e+07,-5.360834565513308160e+06
-1.318380125313614309e+07,-1.286229257538200729e+07,-7.875932059411937371e+06
-1.109148881034829281e+07,-1.320176152171570808e+07,-1.019713120702109858e+07
-8.726004929210169241e+06,-1.321613262328390591e+07,-1.226725699268166721e+07
-6.145609182958759367e+06,-1.290504941891008243e+07,-1.403532045419190638e+07
-3.413854542691389564e+06,-1.227617337264787219e+07,-1.545777530017615855e+07
-5.980204287358914735e+05,-1.134499432642602362e+07,-1.649959060637166724e+07
2.232545787576952949e+06,-1.013444784941646829e+07,-1.713511314127826691e+07
5.008137769500743598e+06,-8.674349068080099300e+06,-1.734869813616012782e+07
7.660407435740151443e+06,-7.000657102264624089e+06,-1.713509309608712047e+07
1.012404803730656765e+07,-5.154588403739001602e+06,-1.649956539504998922e+07
1.233840164076905884e+07,-3.181600990832350682e+06,-1.545777074925015122e+07
1.424895152109211497e+07,-1.130274707615679363e+06,-1.403536605598223768e+07
1.580866288343543373e+07,9.488848637917304877e+05,-1.226737636123163812e+07
1.697913913041770458e+07,3.004689398011961952e+06,-1.019733172431425378e+07
1.773156546684922650e+07,4.986527202317305841e+06,-7.876195339682345279e+06
1.804741687045549601e+07,6.845608104222343303e+06,-5.361109326168793254e+06
1.791891322351030633e+07,8.536163380844583735e+06,-2.713988988502008840e+06
1.734921055891567841e+07,1.001657138641744480e+07,-2.974531725019334723e-08
1.635232378015912324e+07,1.125038135585209168e+07,2.714044229251957964e+06
1.495278272240805440e+07,1.220721033403643593e+07,5.361325806180243380e+06
1.318502988543337584e+07,1.286349124545976706e+07,7.876666037747316062e+06
1.109257444411484338e+07,1.320305370875477418e+07,1.019812930115870573e+07
8.726923088509693742e+06,1.321752323848202080e+07,1.226854776620064117e+07
6.146313725354976021e+06,1.290652887426940165e+07,1.403692948561767675e+07
3.414282955565955956e+06,1.227771393937631883e+07,1.545971513383611292e+07
5.981024028430425096e+05,1.134654945018916391e+07,1.650185230035715550e+07
-2.232877705336126499e+06,1.013595456127890386e+07,1.713766065828334168e+07
-5.008936907107075676e+06,8.675733215016366914e+06,1.735146643003273010e+07
-7.661702628872309811e+06,7.001840747269803658e+06,1.713799023375013843e+07
-1.012583550507142209e+07,5.155498480476917699e+06,1.650247850264965184e+07
-1.234064013725314848e+07,3.182178213299119845e+06,1.546057517777181230e+07
-1.425156152093460970e+07,1.130481741572118364e+06,1.403793693308433704e+07
-1.581153022878194228e+07,-9.490569707320691086e+05,1.226960139473267272e+07
-1.698212308589427173e+07,-3.005217449482442345e+06,1.019912382835500687e+07
-1.773451057724635303e+07,-4.987355435624503531e+06,7.877503530142415315e+06
-1.805016748833655939e+07,-6.846651447554784827e+06,5.361926416131293401e+06
-1.792132915094457567e+07,-8.537314273816643283e+06,2.714354903575697448e+06
-1.735118199578611180e+07,-1.001770959602527693e+07,-2.977017738094231276e-08
-1.635378373838161863e+07,-1.125138580555527844e+07,-2.714286542897591367e+06
-1.495371527052195743e+07,-1.220797165125645138e+07,-5.361660171653374098e+06
-1.318547301733075455e+07,-1.286392357085702941e+07,-7.876930762362858281e+06
-1.109261697318488173e+07,-1.320310432942893729e+07,-1.019816840091490000e+07
-8.726695679591665044e+06,-1.321717881208711676e+07,-1.226822806850834191e+07
-6.145974900143012404e+06,-1.290581738156396523e+07,-1.403615567780053057e+07
-3.414001545841879677e+06,-1.227670199392892793e+07,-1.545844092363497801e+07
-5.980383939831489697e+05,-1.134533514359236881e+07,-1.650008627376069687e+07
2.232591764789634384e+06,-1.013465655898337811e+07,-1.713546602306281775e+07
5.008211789080207236e+06,-8.674477273752208799e+06,-1.734895454750448093e+07
7.660503773224153556e+06,-7.000745142711021006e+06,-1.713530858746519685e+07
1.012418856783073395e+07,-5.154659953874500468e+06,-1.649979442325717397e+07
1.233863015198681876e+07,-3.181659915119055193e+06,-1.545805703219980933e+07
1.424932566361153685e+07,-1.130304385857250076e+06,-1.403573459027104825e+07
1.580924471416217275e+07,9.489197870724516688e+05,-1.226782785650065728e+07
1.697998529478707537e+07,3.004839138295616489e+06,-1.019783991372842900e+07
1.773271803656499460e+07,4.986851331636340357e+06,-7.876707300357280299e+06
1.804889571441351622e+07,6.846169047999390401e+06,-5.361548626939098351e+06
1.792071056683847681e+07,8.537019594394402578e+06,-2.714261213158738799e+06
1.735128811153636128e+07,1.001777086198228970e+07,-3.399871911500245602e-08
1.635461253199693188e+07,1.125195601468042657e+07,2.714424100259959232e+06
1.495518524352134019e+07,1.220917171347371116e+07,5.362187231018925086e+06
1.318742476675212011e+07,1.286582772365858406e+07,7.878096726984410547e+06
1.109482238593942672e+07,1.320572934521709569e+07,1.020019598112577200e+07
8.728874093459276482e+06,1.322047816921723448e+07,1.227129054245421104e+07
6.147814870409650728e+06,1.290968110060481168e+07,1.404035779536872171e+07
3.415186283447106835e+06,1.228096229385106266e+07,1.546380536065520719e+07
5.982725610728566535e+05,1.134977750739134103e+07,1.650654702481072024e+07
-2.233556364095645491e+06,1.013903527381981537e+07,1.714286946282095462e+07
-5.010553987970408052e+06,8.678534081231616437e+06,1.735706816246322170e+07
-7.664316328607190400e+06,7.004229342885077931e+06,1.714383665754131973e+07
-1.012946846935776435e+07,5.157348178889292292e+06,1.650839928963124566e+07
-1.234527681116236746e+07,3.183373833828805480e+06,1.546638408596078865e+07
-1.425714711517069302e+07,1.130924809673222713e+06,1.404343880173970759e+07
-1.581797124239249714e+07,-9.494435802995993290e+05,1.227459956179419719e+07
-1.698928925293705985e+07,-3.006485600121318828e+06,1.020342768510345928e+07
-1.774223811598525196e+07,-4.989528598631482571e+06,7.880936030488555320e+06
-1.805826358308086917e+07,-6.849722396277881227e+06,5.364331416766610928e+06
-1.792957765643402189e+07,-8.541243674535728991e+06,2.715604217794188764e+06
-1.735935038929490745e+07,-1.002242562021646462e+07,-2.553237767094229938e-08
-1.636163133075206354e+07,-1.125678494075341336e+07,-2.715589031343441922e+06
-1.496100260743194818e+07,-1.221392091542264074e+07,-5.364273049012668431e+06
-1.319197225823245384e+07,-1.287026431707953289e+07,-7.880813373970428482e+06
-1.109812284402198344e+07,-1.320965775025492162e+07,-1.020323030813884176e+07
-8.731036389355244115e+06,-1.322375311457469687e+07,-1.227433035731404275e+07
-6.149022232598735951e+06,-1.291221641781316884e+07,-1.404311516485393420e+07
-3.415679229850676376e+06,-1.228273492225053534e+07,-1.546603739914624952e+07
-5.983278557152214926e+05,-1.135082649731579423e+07,-1.650807262313243560e+07
2.233649036040637642e+06,-1.013945595007118955e+07,-1.714358073345659301e+07
5.010515771864380687e+06,-8.678467888994172215e+06,-1.735693577798840404e+07
7.663901475448122248e+06,-7.003850218832018785e+06,-1.714290869808713719e+07
1.012848325996305794e+07,-5.156846566401538439e+06,-1.650679365453577600e+07
1.234359344906983152e+07,-3.182939759249465074e+06,-1.546427513975584507e+07
1.425471148390222155e+07,-1.130731607217863668e+06,-1.404103967950388417e+07
1.581480413457592204e+07,9.492534806884088321e+05,-1.227214191538539156e+07
1.698548127637232468e+07,3.005811726921778172e+06,-1.020114069046069309e+07
1.773793897635664418e+07,4.988319580919944681e+06,-7.879026392923183739e+06
1.805366683353864774e+07,6.847978792406784371e+06,-5.362965920694857836e+06
1.792490227833957225e+07,8.539016430573796853e+06,-2.714896087534935679e+06
1.735482072740384564e+07,1.001981041870444641e+07,8.505707180629222226e-08
1.635745695734445937e+07,1.125391297629209235e+07,2.714896198067332152e+06
1.495735964739474468e+07,1.221094686168033816e+07,5.362966864336406812e+06
1.318898758103008755e+07,1.286735242613987997e+07,7.879030343840291724e+06
1.109586232888954505e+07,1.320696714828026295e+07,1.020115206870728172e+07
8.729498201428527012e+06,1.322142342351868190e+07,1.227216793055035174e+07
6.148135714941852726e+06,1.291035483601848967e+07,1.404109053897368722e+07
3.415309625190208200e+06,1.228140582904114388e+07,1.546436384635748155e+07
5.982866349020358175e+05,1.135004450080104731e+07,1.650693532663170062e+07
-2.233588922332336660e+06,1.013918306910906546e+07,1.714311935201490298e+07
-5.010600853473057039e+06,8.678615254662981257e+06,1.735723050932612270e+07
-7.664376483092452399e+06,7.004284316582839936e+06,1.714397121340035275e+07
-1.012956952005217038e+07,5.157399628145113587e+06,1.650856397598342597e+07
-1.234546905417584628e+07,3.183423405935379211e+06,1.546662493145399168e+07
-1.425749508694580570e+07,1.130952411963453284e+06,1.404378155757206306e+07
-1.581854373262475803e+07,-9.494779429349111160e+05,1.227504380892578326e+07
-1.699014886620857567e+07,-3.006637720371046104e+06,1.020394395165942796e+07
-1.774343145936084911e+07,-4.989864194448819384e+06,7.881466102441257797e+06
-1.805981303164005280e+07,-6.850310121252115816e+06,5.364791691119368188e+06
-1.793147542942887917e+07,-8.542147730498412624e+06,2.715891653474263847e+06
-1.736155539035878330e+07,-1.002369867817433551e+07,-1.446445368113985029e-07
-1.636406890380403027e+07,-1.125846198841868341e+07,-2.715993602654769085e+06
-1.496356707578202710e+07,-1.221601450596856512e+07,-5.365192540093186311e+06
-1.319453188005374745e+07,-1.287276151831275038e+07,-7.882342478298926726e+06
-1.110052665631326288e+07,-1.321251891318399273e+07,-1.020544029002227075e+07
-8.733122333109544590e+06,-1.322691241937982477e+07,-1.227726283423954993e+07
-6.150625948808623478e+06,-1.291558403139325045e+07,-1.404677772624584474e+07
-3.416642971346906386e+06,-1.228620052324382402e+07,-1.547040117601776123e+07
-5.985090484992853599e+05,-1.135426389010101929e+07,-1.651307179475628957e+07
2.234369952702869661e+06,-1.014272848869471624e+07,-1.714911387353539094e+07
5.012228517369136214e+06,-8.681434451229067519e+06,-1.736286890245807916e+07
7.666660363295326009e+06,-7.006371498276406899e+06,-1.714907988421558961e+07
1.013230319193509035e+07,-5.158791458106466569e+06,-1.651301915022163838e+07
1.234844779421705753e+07,-3.184191508850425016e+06,-1.547035675037351809e+07
1.426053194626424275e+07,-1.131193305847741896e+06,-1.404677289571598172e+07
1.582148244904531538e+07,9.496543337878418388e+05,-1.227732422572110966e+07
1.699287247099819779e+07,3.007119699249553028e+06,-1.020557969427945092e+07
1.774586594060007855e+07,4.990548827001209371e+06,-7.882547476210994646e+06
1.806192598835078999e+07,6.851111591827355325e+06,-5.365419359445107169e+06
1.793327022227212787e+07,8.543002729055048898e+06,-2.716163491836094763e+06
1.736306179831295460e+07,1.002456840321206301e+07,-4.252723610940326188e-08
1.636533167057779059e+07,1.125933077061494067e+07,2.716203187844017055e+06
1.496463392895043083e+07,1.221688546766611002e+07,5.365575060693558306e+06
1.319544260584923625e+07,1.287365003456184082e+07,7.882886540997788310e+06
1.110130461482988670e+07,1.321344488651232421e+07,1.020615551817638427e+07
8.733769430425243452e+06,1.322789249262222648e+07,1.227817254138913378e+07
6.151121594294725917e+06,1.291662482805028930e+07,1.404790967964916304e+07
3.416947006955364719e+06,1.228729383105628937e+07,1.547177783517582901e+07
5.985681140132434666e+05,1.135538441690784506e+07,1.651470143273095228e+07
-2.234613590552921873e+06,1.014383446157041751e+07,1.715098382941640913e+07
-5.012826939160801470e+06,8.682470948176240548e+06,1.736494189635259658e+07
-7.667650148304739967e+06,7.007276038343406282e+06,1.715129387327852473e+07
-1.013369697071159631e+07,5.159501090843310580e+06,1.651529064715461247e+07
-1.235022816938061453e+07,3.184650599383271765e+06,1.547258723629269749e+07
-1.426264865700555779e+07,1.131361210455369204e+06,1.404885787790193781e+07
-1.582385342753728852e+07,-9.497966472536087967e+05,1.227916408312833495e+07
-1.699538899552036077e+07,-3.007565032460600603e+06,1.020709106862821616e+07
-1.774840156633420661e+07,-4.991261903729964048e+06,7.883673777418104932e+06
-1.806434841258869693e+07,-6.852030447257721797e+06,5.366138957228321582e+06
-1.793545479082958400e+07,-8.544043407911663875e+06,2.716494365418238100e+06
-1.736490505337558687e+07,-1.002563260701869614e+07,-1.703419739285975934e-08
-1.636676323137316480e+07,-1.126031568291858025e+07,-2.716440788283619564e+06
-1.496562511301729269e+07,-1.221769465433117561e+07,-5.365930450109429657e+06
-1.319601053701836430e+07,-1.287420411579523981e+07,-7.883225820027826354e+06
-1.110151108737349324e+07,-1.321369064263477363e+07,-1.020634534189210832e+07
-8.733714441753299907e+06,-1.322780920850907266e+07,-1.227809523680622503e+07
-6.150932135911059566e+06,-1.291622698794529401e+07,-1.404747699526481144e+07
-3.416762322336373385e+06,-1.228662970773926564e+07,-1.547094159177202545e+07
-5.985231074185203761e+05,-1.135453060065581650e+07,-1.651345968520727940e+07
2.234404844607202802e+06,-1.014288687746552750e+07,-1.714938167396712303e+07
5.012285616441295482e+06,-8.681533349722553045e+06,-1.736306669944532961e+07
7.666743299325787462e+06,-7.006447291465499438e+06,-1.714926539870849997e+07
1.013244315625512041e+07,-5.158862719963221811e+06,-1.651324725566354021e+07
1.234869754386779293e+07,-3.184255909715187270e+06,-1.547066964121272974e+07
1.426095734728298150e+07,-1.131227050085741561e+06,-1.404719192016207986e+07
1.582215251207142137e+07,9.496945530442210147e+05,-1.227784418843937293e+07
1.699384895020254329e+07,3.007292500514035113e+06,-1.020616614817985892e+07
1.774719356341024861e+07,4.990922185307888314e+06,-7.883137193831113167e+06
1.806362426548238844e+07,6.851755769317207858e+06,-5.365923844349069521e+06
1.793532757607521489e+07,8.543982805691340938e+06,-2.716475097539697308e+06
1.736543247432295978e+07,1.002593711364468001e+07,7.660247212955125891e-08
1.636793560021886043e+07,1.126112227143645473e+07,2.716635369857452344e+06
1.496735942867598496e+07,1.221911052162658237e+07,5.366552289633928798e+06
1.319815156181826256e+07,1.287629292818406224e+07,7.884504856744105928e+06
1.110383963468997553e+07,1.321646222063404508e+07,1.020848612776092999e+07
8.735962353043811396e+06,1.323121382425046712e+07,1.228125541213527694e+07
6.152802730108205229e+06,1.292015501360364817e+07,1.405174905165750906e+07
3.417954519695272204e+06,1.229091683283200487e+07,1.547633980621200241e+07
5.987570279082525522e+05,1.135896828622502275e+07,1.651991363247451745e+07
-2.235363188125110231e+06,1.014723719469559193e+07,1.715673709964430332e+07
-5.014602849232014269e+06,8.685546914649546146e+06,1.737109382929906622e+07
-7.670502466014446691e+06,7.009882701030914672e+06,1.715767404690606147e+07
-1.013763428642026708e+07,5.161505747658494860e+06,1.652170744780381769e+07
-1.235521589924555831e+07,3.185936743791908491e+06,1.547883595367590897e+07
-1.426860953331543319e+07,1.131834047191297403e+06,1.405472940331892669e+07
-1.583066991783035919e+07,-9.502057940935087390e+05,1.228445361662693135e+07
-1.700290732839347050e+07,-3.008895503628860228e+06,1.021160642913795076e+07
-1.775643703711811453e+07,-4.993521664365359582e+06,7.887243058295245282e+06
-1.807269169531332701e+07,-6.855195157434552908e+06,5.368617386753682047e+06
-1.794387906530561671e+07,-8.548056540984828025e+06,2.717770301513311919e+06
-1.737317383515866101e+07,-1.003040659040702134e+07,1.106567163033396227e-07
-1.637463883496097103e+07,-1.126573408980443887e+07,-2.717747925835115369e+06
-1.497287766450745985e+07,-1.222361552024229243e+07,-5.368530855143363588e+06
-1.320242737297213823e+07,-1.288046446665013395e+07,-7.887059203362392262e+06
-1.110690624351242930e+07,-1.322011228412357904e+07,-1.021130546185161360e+07
-8.737937773375498131e+06,-1.323420573375576548e+07,-1.228403251220283099e+07
-6.153877460135860369e+06,-1.292241181902419589e+07,-1.405420351628217846e+07
-3.418373871697321068e+06,-1.229242481678886712e+07,-1.547823861266045086e+07
-5.987995721034815069e+05,-1.135977538851022348e+07,-1.652108744154842943e+07
2.235409309062913060e+06,-1.014744655668996647e+07,-1.715709108453966677e+07
5.014463824237857945e+06,-8.685306116295935586e+06,-1.737061223259194940e+07
7.669940997757553123e+06,-7.009369589062135667e+06,-1.715641813317900524e+07
1.013646811978115141e+07,-5.160912002052650787e+06,-1.651980689946052991e+07
1.235333094800580293e+07,-3.185450687096124049e+06,-1.547647445297370479e+07
1.426596659419656545e+07,-1.131624400380663807e+06,-1.405212608068545721e+07
1.582730470563122258e+07,9.500038036442748271e+05,-1.228184224304728955e+07
1.699892415259948373e+07,3.008190626544988714e+06,-1.020921421333852410e+07
1.775199694010649621e+07,4.992273006170453504e+06,-7.885270808780272491e+06
1.806799625623954087e+07,6.853414119405246340e+06,-5.367222574277702719e+06
1.793915132845299318e+07,8.545804354499433190e+06,-2.717054241024623159e+06
1.736863794884707406e+07,1.002778779522396997e+07,-5.104907248705150759e-08
1.637050000088571198e+07,1.126288657636594959e+07,2.717060991128601134e+06
1.496930391406449676e+07,1.222069796809521504e+07,5.367249485593017191e+06
1.319953452407952026e+07,1.287764216463595070e+07,7.885331030971322209e+06
1.110474716124062054e+07,1.321754241368112713e+07,1.020932047628408857e+07
8.736496769514238462e+06,1.323202323462884687e+07,1.228200670946316980e+07
6.153070326544567011e+06,1.292071693433945440e+07,1.405236018744937330e+07
3.418053656364433002e+06,1.229127332691267319e+07,1.547678869245906919e+07
5.987677864090807270e+05,1.135917238482493535e+07,1.652021046323936246e+07
-2.235386798977053724e+06,1.014734437410828471e+07,1.715691831636092812e+07
-5.014637389852637425e+06,8.685606740759113804e+06,1.737121348151833937e+07
-7.670555869503581896e+06,7.009931505160100758e+06,1.715779350187808275e+07
-1.013774296263190359e+07,5.161561079393075779e+06,1.652188456176575273e+07
-1.235543851854884066e+07,3.185994148779568262e+06,1.547911485512946919e+07
-1.426901820694304816e+07,1.131866464556335006e+06,1.405513195110992901e+07
-1.583133974405351095e+07,-9.502459991361878347e+05,1.228497339558828436e+07
-1.700390541396653280e+07,-3.009072128434166778e+06,1.021220585939161293e+07
-1.775781211938521639e+07,-4.993908369371440262e+06,7.887853856961725280e+06
-1.807446538543444872e+07,-6.855867940002463758e+06,5.369144273604912683e+06
-1.794603952597371489e+07,-8.549085735390242189e+06,2.718097523727518041e+06
-1.737567242686903849e+07,-1.003184915300359949e+07,-8.533135057799102429e-09
-1.637738995177849755e+07,-1.126762685524669103e+07,-2.718204536945862696e+06
-1.497576167220982164e+07,-1.222596997755528986e+07,-5.369564917177786119e+06
-1.320529629588460177e+07,-1.288326342615888454e+07,-7.888773082501712255e+06
-1.110959164661150612e+07,-1.322330861348136887e+07,-1.021377432858499512e+07
-8.740260167803961784e+06,-1.323772315931540169e+07,-1.228729739796962962e+07
-6.155656521530451253e+06,-1.292614763666815497e+07,-1.405826653038543649e+07
-3.419438789460406173e+06,-1.229625424622790143e+07,-1.548306051098317094e+07
-5.989989220023482339e+05,-1.136355723836661875e+07,-1.652658757425639592e+07
2.236198680180633906e+06,-1.015102983837186918e+07,-1.716314962250345945e+07
5.016329315024916083e+06,-8.688537241120537743e+06,-1.737707448224097118e+07
7.672928508121045306e+06,-7.012099800975576974e+06,-1.716310071091801673e+07
1.014057842527105287e+07,-5.163004735407675616e+06,-1.652650562846463919e+07
1.235851858854956180e+07,-3.186788380808264017e+06,-1.548297362203851901e+07
1.427214126430955157e+07,-1.132114195959550561e+06,-1.405820819523154944e+07
1.583433481299375370e+07,9.504257724416337442e+05,-1.228729754141845368e+07
1.700664210308852419e+07,3.009556422762878705e+06,-1.021384946020035073e+07
1.776020569140469655e+07,4.994581497302800417e+06,-7.888917059239231981e+06
1.807647673983538151e+07,6.856630871567036025e+06,-5.369741760265391320e+06
1.794767044124800712e+07,8.549862666394138709e+06,-2.718344541280627251e+06
1.737695692284455150e+07,1.003259075710096024e+07,6.814105495777816259e-08
1.637838303657815978e+07,1.126831009653172269e+07,2.718369362208784092e+06
1.497652698363522813e+07,1.222659476544352062e+07,5.369839319874042645e+06
1.320589420549951121e+07,1.288384675476424955e+07,7.889130270494084805e+06
1.111006926094101928e+07,1.322387709897346236e+07,1.021421343068066239e+07
8.740644356015918776e+06,1.323830503869794309e+07,1.228783750029196776e+07
6.155950665351572447e+06,1.292676530375890993e+07,1.405893829500018433e+07
3.419623448662233073e+06,1.229691827814514004e+07,1.548389663929920457e+07
5.990361047740634531e+05,1.136426262954084575e+07,1.652761345979281329e+07
-2.236358393724265043e+06,1.015175484414200298e+07,1.716437544714477658e+07
-5.016737872747326270e+06,8.689244883853441104e+06,1.737848976770684496e+07
-7.673630947875959799e+06,7.012741743313415907e+06,1.716467195509717986e+07
-1.014160400536004081e+07,5.163526902352522127e+06,1.652817705729258619e+07
-1.235987341483292542e+07,3.187137738591601606e+06,1.548467097269268520e+07
-1.427380345326460339e+07,1.132246046371912118e+06,1.405984546871112660e+07
-1.583625303717378713e+07,-9.505409101926174480e+05,1.228878606566203386e+07
-1.700873796199322864e+07,-3.009927313476655632e+06,1.021510819118390791e+07
-1.776237985932815075e+07,-4.995192923717105761e+06,7.889882804271582514e+06
-1.807861832183392718e+07,-6.857443200067547150e+06,5.370377931929535232e+06
-1.794966849261817709e+07,-8.550814492697834969e+06,2.718647165069717448e+06
-1.737871272892072052e+07,-1.003360447221163847e+07,-1.277612520206532202e-07
-1.637982156786719337e+07,-1.126929980452749133e+07,-2.718608119561996311e+06
-1.497760597260104306e+07,-1.222747563460998237e+07,-5.370226191768818535e+06
-1.320660954106507637e+07,-1.288454464569554292e+07,-7.889557608119018376e+06
-1.111045583823988773e+07,-1.322433722668014839e+07,-1.021456883647934720e+07
-8.740772094798322767e+06,-1.323849850784032792e+07,-1.228801707897493057e+07
-6.155916042478296906e+06,-1.292669259983702563e+07,-1.405885922340516374e+07
-3.419537489876515698e+06,-1.229660917154933885e+07,-1.548350742189767212e+07
-5.990102637991454685e+05,-1.136377240262041055e+07,-1.652690049835289642e+07
2.236226741876801942e+06,-1.015115722200564668e+07,-1.716336500009587780e+07
5.016378523270150647e+06,-8.688622472301160917e+06,-1.737724494460235164e+07
7.673010911440684460e+06,-7.012175107333362103e+06,-1.716328503382287920e+07
1.014073338447774388e+07,-5.163083631806186400e+06,-1.652675817167194746e+07
1.235880654314045049e+07,-3.186862633263263386e+06,-1.548333437671191618e+07
1.427263495172718167e+07,-1.132153356904037530e+06,-1.405869448249354586e+07
1.583510888635277189e+07,9.504722347199831856e+05,-1.228789821519423090e+07
1.700776223694083840e+07,3.009754645669584628e+06,-1.021452219021203555e+07
1.776171828764526919e+07,4.995006874425673857e+06,-7.889588940325037576e+06
1.807840024894523621e+07,6.857360482327854261e+06,-5.370313151877823286e+06
1.794998911531649530e+07,8.550967230071078986e+06,-2.718695726411625277e+06
1.737961754481667653e+07,1.003412686791285872e+07,1.873843195445046991e-07
1.638129486242395826e+07,1.127031342961454578e+07,2.718852646679039579e+06
1.497956482852813601e+07,1.222907481295420229e+07,5.370928540290046483e+06
1.320890433686414920e+07,1.288678347912471928e+07,7.890928506804284640e+06
1.111287755551395565e+07,1.322721970120377280e+07,1.021679527958475798e+07
8.743066048363933340e+06,1.324197285776340403e+07,1.229124198179671355e+07
6.157800961703432724e+06,1.293065070635288581e+07,1.406316399524598010e+07
3.420728291774992365e+06,1.230089127858584374e+07,1.548889931775747053e+07
5.992424348017084412e+05,1.136817689882237278e+07,1.653330617666963860e+07
-2.237173450122658163e+06,1.015545472192656249e+07,1.717063112336814031e+07
-5.018659354679280892e+06,8.692572988185131922e+06,1.738514597637036815e+07
-7.676700336954766884e+06,7.015546782162315212e+06,1.717153768228687346e+07
-1.014581585799009725e+07,5.165671337724944577e+06,1.653504128172588535e+07
-1.236517472185936943e+07,3.188504742534067482e+06,1.549131254516454600e+07
-1.428009561929163709e+07,1.132745162121254718e+06,1.406604331795931049e+07
-1.584339610063123330e+07,-9.509696589645569911e+05,1.229432901691912673e+07
-1.701655656530476734e+07,-3.011310921579419170e+06,1.021980388811966591e+07
-1.777067045418709889e+07,-4.997524431155981496e+06,7.893565408873595297e+06
-1.808715714830326661e+07,-6.860682082401936874e+06,5.372914449069139548e+06
-1.795821997540522739e+07,-8.554888224921893328e+06,2.719942368067118805e+06
-1.738703805253353715e+07,-1.003841110004074685e+07,-2.471061961720085809e-07
-1.638768728943393007e+07,-1.127471141259355098e+07,-2.719913616965075023e+06
-1.498479257746848091e+07,-1.223334266276341304e+07,-5.372802951616920531e+06
-1.321291982906758040e+07,-1.289070104694639146e+07,-7.893327340279811993e+06
-1.111572295012580417e+07,-1.323060646214666963e+07,-1.021941123698145337e+07
-8.744866869637830183e+06,-1.324470032502710633e+07,-1.229377362572139874e+07
-6.158753271001015790e+06,-1.293265044277992845e+07,-1.406533887584243342e+07
-3.421080534987569787e+06,-1.230215794027091749e+07,-1.549049425871467590e+07
-5.992734951194687746e+05,-1.136876614145188406e+07,-1.653416314158963226e+07
2.237178182288452983e+06,-1.015547620318201929e+07,-1.717066744342710078e+07
5.018431934005897492e+06,-8.692179084023937583e+06,-1.738435816804808006e+07
7.676012262990974821e+06,-7.014917968365893699e+06,-1.716999857205989584e+07
1.014449612647745013e+07,-5.164999405635497533e+06,-1.653289046257554740e+07
1.236312216361660697e+07,-3.187975466414701194e+06,-1.548874106340451539e+07
1.427728464133004472e+07,-1.132522185905101011e+06,-1.406327447531085648e+07
1.583987564960459620e+07,9.507583506004742812e+05,-1.229159717944340222e+07
1.701244272909643874e+07,3.010582922359693795e+06,-1.021733320028593391e+07
1.776613362421762943e+07,4.996248569411194883e+06,-7.891550191484569572e+06
1.808240504343564063e+07,6.858879550337204710e+06,-5.371502803629307076e+06
1.795347806489814818e+07,8.552629286429511383e+06,-2.719224160844335798e+06
1.738252901610207185e+07,1.003580780664305203e+07,5.964792165333875721e-08
1.638361113192044571e+07,1.127190702056276612e+07,2.719237084875518456e+06
1.498130889726843499e+07,1.223049864250805788e+07,5.371553876785667613e+06
1.321013354211660288e+07,1.288798270818545111e+07,7.891662827420288697e+06
1.111367451412375644e+07,1.322816828959362581e+07,1.021752797576758824e+07
8.743527746484089643e+06,1.324267213121543452e+07,1.229189104967382550e+07
6.158027018498194404e+06,1.293112539877525903e+07,1.406368026295250468e+07
3.420809537924488075e+06,1.230118343860621564e+07,1.548926719655860402e+07
5.992509413383229403e+05,1.136833827559811063e+07,1.653354087495640106e+07
-2.237191886448974721e+06,1.015553841203163192e+07,1.717077262485266849e+07
-5.018689505799939856e+06,8.692625211458245292e+06,1.738525042291647941e+07
-7.676758184250295162e+06,7.015599647376800887e+06,1.717166707733605430e+07
-1.014594552730511688e+07,5.165737357951887883e+06,1.653525260898719728e+07
-1.236544204915438965e+07,3.188573675999967847e+06,1.549164745759195089e+07
-1.428057903428071551e+07,1.132783508222446777e+06,1.406651948677221127e+07
-1.584417578903321922e+07,-9.510164582749786787e+05,1.229493404791664705e+07
-1.701770303578800336e+07,-3.011513805110517424e+06,1.022049243538619205e+07
-1.777223367698634788e+07,-4.997964045640448108e+06,7.894259777802933939e+06
-1.808915734846664593e+07,-6.861440783026098274e+06,5.373508622287034988e+06
-1.796064096854389831e+07,-8.556041531080540270e+06,2.720309050389869604e+06
-1.738982373363830522e+07,-1.004001941377613135e+07,1.277998797671502269e-07
-1.639074156115523539e+07,-1.127681274828676321e+07,-2.720420543604303151e+06
-1.498798267485004291e+07,-1.223594700674702041e+07,-5.373946762219351716e+06
-1.321608269946264289e+07,-1.289378678554450534e+07,-7.895216822066088207e+06
-1.111867411099774949e+07,-1.323411911249590851e+07,-1.022212443221945129e+07
-8.747411010200362653e+06,-1.324855360030658729e+07,-1.229735024828266539e+07
-6.160695791162825190e+06,-1.293672950442164391e+07,-1.406977519649758749e+07
-3.422239218072525226e+06,-1.230632454850001261e+07,-1.549574072207181901e+07
-5.994895720287649892e+05,-1.137286531798547879e+07,-1.654012477829744294e+07
2.238030221942061558e+06,-1.015934396324674226e+07,-1.717720697150925919e+07
5.020436313353872858e+06,-8.695650770892707631e+06,-1.739130154178540409e+07
7.679206092329874635e+06,-7.017836730094095692e+06,-1.717714265199505910e+07
1.014886624988243356e+07,-5.167224423468703404e+06,-1.654001262721178494e+07
1.236860508966921084e+07,-3.189389302944830619e+06,-1.549561017144833691e+07
1.428376939471688122e+07,-1.133036578331221361e+06,-1.406966202512031980e+07
1.584720907648682781e+07,9.511985255740965949e+05,-1.229728785095986538e+07
1.702043665309108049e+07,3.011997555839360692e+06,-1.022213419132161699e+07
1.777457321493447945e+07,4.998621977938668802e+06,-7.895298978651686572e+06
1.809105781874718145e+07,6.862161654874246567e+06,-5.374073170056783594e+06
1.796210307106525078e+07,8.556738043522194028e+06,-2.720530499653695151e+06
1.739088587560831383e+07,1.004063264172855206e+07,-6.815261671008207778e-08
1.639146877788583748e+07,1.127731307262351736e+07,2.720541241946555674e+06
1.498845389236450195e+07,1.223633170111592673e+07,5.374115717434481718e+06
1.321637789427414164e+07,1.289407478154505603e+07,7.895393169861086644e+06
1.111886285125056282e+07,1.323434376257224195e+07,1.022229795348029397e+07
8.747543618548264727e+06,1.324875444473972358e+07,1.229753667273432948e+07
6.160797988770501688e+06,1.293694410726079904e+07,1.407000859503179230e+07
3.422310643937392160e+06,1.230658139491515420e+07,1.549606413508106209e+07
5.995060846636960050e+05,1.137317857776943035e+07,1.654058036761203781e+07
-2.238111000737324357e+06,1.015971065157707781e+07,1.717782696049354225e+07
-5.020667107172400691e+06,8.696050517512261868e+06,1.739210103502461687e+07
-7.679640829092914239e+06,7.018234025281408802e+06,1.717811508785678074e+07
-1.014955066298787296e+07,5.167572887624884024e+06,1.654112804258200713e+07
-1.236956804231270589e+07,3.189637611532326788e+06,1.549681657578154653e+07
-1.428501610932585411e+07,1.133135471922609489e+06,1.407089005203004368e+07
-1.584871728610651195e+07,-9.512890529823831748e+05,1.229845820769222081e+07
-1.702215634206575900e+07,-3.012301878172258846e+06,1.022316700216094591e+07
-1.777643015424806625e+07,-4.999144192314961925e+06,7.896123813706102781e+06
-1.809296058405927196e+07,-6.862883397256419994e+06,5.374638399581462145e+06
-1.796395273145598546e+07,-8.557619179732909426e+06,2.720810648224617820e+06
-1.739258713359854743e+07,-1.004161486348713748e+07,8.498379115509412623e-09
-1.639294109066337720e+07,-1.127832602224733680e+07,-2.720785606114742346e+06
-1.498964105461966246e+07,-1.223730088120914064e+07,-5.374541374902684242e+06
-1.321725472831735760e+07,-1.289493023254777491e+07,-7.895916985808844678e+06
-1.111943801276274584e+07,-1.323502835462753661e+07,-1.022282673708241247e+07
-8.747858037479972467e+06,-1.324923065376493894e+07,-1.229797869148986973e+07
-6.160919052969412878e+06,-1.293719832770066708e+07,-1.407028508101992309e+07
-3.422322814129136037e+06,-1.230662515875530429e+07,-1.549611924114607088e+07
-5.994991202213161159e+05,-1.137304645593079366e+07,-1.654038821623810381e+07
2.238054694066985976e+06,-1.015945505233338661e+07,-1.717739479862109199e+07
5.020484368722166866e+06,-8.695734005231676623e+06,-1.739146801046358794e+07
7.679297346366947517e+06,-7.017920124903981574e+06,-1.717734677252417058e+07
1.014904723244695179e+07,-5.167316569478564896e+06,-1.654030758172505349e+07
1.236894282366057858e+07,-3.189476391599495895e+06,-1.549603329064663872e+07
1.428434235373794287e+07,-1.133082027365675662e+06,-1.407022639573956840e+07
1.584809645657817833e+07,9.512517888731868006e+05,-1.229797644971323758e+07
1.702170706220735237e+07,3.012222371996108443e+06,-1.022289717365438491e+07
1.777627393117051572e+07,4.999100258764561266e+06,-7.896054420877892524e+06
1.809320569231310487e+07,6.862976369844075292e+06,-5.374711210674243979e+06
1.796467795855705813e+07,8.557964661456245929e+06,-2.720920490732402541e+06
1.739382722561527044e+07,1.004233083094685152e+07,5.116617337724769123e-08
1.639467566865567118e+07,1.127951941006002389e+07,2.721073499227350112e+06
1.499178849586542509e+07,1.223905401756186411e+07,5.375311340760041028e+06
1.321967204165002704e+07,1.289728859571898170e+07,7.897361075810650364e+06
1.112192713305140473e+07,1.323799105630017072e+07,1.022511514818830974e+07
8.750178285946784541e+06,1.325274482911847346e+07,1.230124056040481851e+07
6.162804835160714574e+06,1.294115824634334631e+07,1.407459182370012254e+07
3.423505033523088787e+06,1.231087640322511643e+07,1.550147227582278103e+07
5.997283417040595086e+05,1.137739499704570137e+07,1.654671251628331281e+07
-2.238985538645985071e+06,1.016368054051534459e+07,1.718453916594642028e+07
-5.022719952758995816e+06,8.699606150368062779e+06,1.739921230073635653e+07
-7.682904598333693109e+06,7.021216703357776627e+06,1.718541561204591766e+07
-1.015400623526833951e+07,5.169841411156659946e+06,1.654838946666303091e+07
-1.237514494636657648e+07,3.191075681387722492e+06,1.550380342114964686e+07
-1.429159591119387001e+07,1.133657403913194314e+06,1.407737122558548860e+07
-1.585613948088555411e+07,-9.517345560799741652e+05,1.230421776227632351e+07
-1.703022610519862920e+07,-3.013729932418410666e+06,1.022801354066731036e+07
-1.778492726669069380e+07,-5.001533777285162359e+06,7.899898151484933682e+06
-1.810164890114340559e+07,-6.866178983226916753e+06,5.377219323936481960e+06
-1.797258968942061067e+07,-8.561733630390629172e+06,2.722118797246576753e+06
-1.740093294336821884e+07,-1.004643331900434010e+07,-1.108766085659261129e-07
-1.640076741413700581e+07,-1.128371052446701750e+07,-2.722084564497857820e+06
-1.499673906212000176e+07,-1.224309557990278490e+07,-5.377086368131843396e+06
-1.322344247525979392e+07,-1.290096708110376634e+07,-7.899613512598487549e+06
-1.112456704709114321e+07,-1.324113324182522669e+07,-1.022754219385367073e+07
-8.751819070821601897e+06,-1.325522991028545983e+07,-1.230354722077155672e+07
-6.163646427151147276e+06,-1.294292548957391270e+07,-1.407651384850278310e+07
-3.423797407495181076e+06,-1.231192777595586143e+07,-1.550279613163154572e+07
-5.997493015663690167e+05,-1.137779262480082549e+07,-1.654729080614271015e+07
2.238954414374041837e+06,-1.016353925458334945e+07,-1.718430028263821825e+07
5.022417208773860708e+06,-8.699081782403983176e+06,-1.739816356480826810e+07
7.682110621770154685e+06,-7.020491107791760005e+06,-1.718363961482285708e+07
1.015256075100911781e+07,-5.169105452933863737e+06,-1.654603370323958062e+07
1.237295860700195841e+07,-3.190511908243357670e+06,-1.550106433600204624e+07
1.428865516691481136e+07,-1.133424134196755942e+06,-1.407447456175913289e+07
1.585250461611166969e+07,9.515163802488609217e+05,-1.230139714078966342e+07
1.702602293806806579e+07,3.012986124878018163e+06,-1.022548920246647857e+07
1.778033351783018187e+07,5.000241908628910780e+06,-7.897857651257498190e+06
1.809687661033751443e+07,6.864368794386577792e+06,-5.375801682124838233e+06
1.796786528061347455e+07,8.559483029310533777e+06,-2.721403240821873769e+06
1.739647661506944150e+07,1.004386045666148514e+07,1.705224598820497068e-07
1.639677348407032527e+07,1.128096270483219251e+07,2.721421679944309406e+06
1.499335874486172572e+07,1.224033594348374009e+07,5.375874354121791199e+06
1.322077034629140981e+07,1.289836011639533937e+07,7.898017197104657069e+06
1.112263216478387825e+07,1.323883022775477730e+07,1.022576332997942530e+07
8.750581406048543751e+06,1.325335538214618713e+07,1.230180727769749053e+07
6.162998897114422172e+06,1.294156575339915231e+07,1.407503502170201764e+07
3.423573434770377353e+06,1.231112237315778248e+07,1.550178199350398034e+07
5.997354299822134199e+05,1.137752946816564538e+07,1.654690808433428593e+07
-2.239001703222312964e+06,1.016375391820611060e+07,1.718466323141631112e+07
-5.022751698389768600e+06,8.699661135413771495e+06,1.739932227082762495e+07
-7.682975136971055530e+06,7.021281166875497438e+06,1.718557339557443932e+07
-1.015416645787799731e+07,5.169922987380058505e+06,1.654865058784835041e+07
-1.237546681338485703e+07,3.191158678558078595e+06,1.550420666191965342e+07
-1.429216309581532516e+07,1.133702394903074019e+06,1.407792990836112574e+07
-1.585703621502188966e+07,-9.517883808373714564e+05,1.230491361968273669e+07
-1.703152536653783545e+07,-3.013959854367909022e+06,1.022879385106896795e+07
-1.778667950998756662e+07,-5.002026548714561388e+06,7.900676481549536809e+06
-1.810387247218235582e+07,-6.867022411183116026e+06,5.377879851009265520e+06
-1.797526387779120356e+07,-8.563007553008226678e+06,2.722523828383619431e+06
-1.740399435416913778e+07,-1.004820082535426319e+07,1.702945131156041791e-08
-1.640411000598120317e+07,-1.128601022409815155e+07,-2.722639344492765144e+06
-1.500021784833956137e+07,-1.224593560479154438e+07,-5.378333688224508427e+06
-1.322688055838842690e+07,-1.290432132092037052e+07,-7.901667404993676580e+06
-1.112776538560918346e+07,-1.324494009797442518e+07,-1.023048263567075133e+07
-8.754568185023762286e+06,-1.325939363219319843e+07,-1.230741200089619309e+07
-6.165739146512662992e+06,-1.294731995169670135e+07,-1.408129319355689920e+07
-3.425041741455610376e+06,-1.231640238354034536e+07,-1.550843041818786226e+07
-5.999805653222918045e+05,-1.138217990969681740e+07,-1.655367145319909230e+07
2.239862986880421638e+06,-1.016766364062586986e+07,-1.719127370857373625e+07
5.024546000850730576e+06,-8.702768958440739661e+06,-1.740553791688134521e+07
7.685487833893284202e+06,-7.023577458515980281e+06,-1.719119389240178838e+07
1.015715980760091171e+07,-5.171447030501482077e+06,-1.655352896943294257e+07
1.237869909857989289e+07,-3.191992161052780692e+06,-1.550825612675299495e+07
1.429540706767515652e+07,-1.133959717649893370e+06,-1.408112525452112593e+07
1.586009519457105361e+07,9.519719902556219604e+05,-1.230728735955476947e+07
1.703424561073486879e+07,3.014441238543911371e+06,-1.023042757538409531e+07
1.778895784626162052e+07,5.002667269683530554e+06,-7.901688497187774628e+06
1.810565870318542793e+07,6.867699950662392192e+06,-5.378410463215806521e+06
1.797655800446610898e+07,8.563624045570883900e+06,-2.722719836115817074e+06
1.740483919896326959e+07,1.004868859672362171e+07,4.267265426315789995e-08
1.640458027790500037e+07,1.128633377068105340e+07,2.722717396934664808e+06
1.500040702543942817e+07,1.224609004592080042e+07,5.378401517744091339e+06
1.322688713284981064e+07,1.290432773505275138e+07,7.901671332541677170e+06
1.112768000597277656e+07,1.324483847396163084e+07,1.023040414058564790e+07
8.754463044542189687e+06,1.325923438972667418e+07,1.230726419152441435e+07
6.165660635590959340e+06,1.294715508808535710e+07,1.408111389059255086e+07
3.425006951633068267e+06,1.231627727982339077e+07,1.550827289148254506e+07
5.999777598566943780e+05,1.138212668744890019e+07,1.655359404943177477e+07
-2.239870275319357868e+06,1.016769672586123459e+07,1.719132964840001613e+07
-5.024611965224695392e+06,8.702883212087797001e+06,1.740576642417553067e+07
-7.685675425656067207e+06,7.023748893993371166e+06,1.719161350484998152e+07
-1.015753074939366244e+07,5.171635892926529981e+06,1.655413350808628462e+07
-1.237930394616304524e+07,3.192148128067732789e+06,1.550901389064773917e+07
-1.429627660012684017e+07,1.134028691885429434e+06,1.408198175306686386e+07
-1.586123431193846278e+07,-9.520403636047696928e+05,1.230817130410894006e+07
-1.703563061585701630e+07,-3.014686334021097980e+06,1.023125938178846426e+07
-1.779053755168129131e+07,-5.003111519462960772e+06,7.902390187542567961e+06
-1.810735928928283602e+07,-6.868345003971383907e+06,5.378915634013997391e+06
-1.797829103269816935e+07,-8.564449620869534090e+06,2.722982319642525632e+06
-1.740651173096903041e+07,-1.004965423352757655e+07,-1.023854243654026576e-07
-1.640610573677096702e+07,-1.128738328475723043e+07,-2.722970581918575335e+06
-1.500171530977416784e+07,-1.224715810812353902e+07,-5.378870603578941897e+06
-1.322793258011545613e+07,-1.290534768736754544e+07,-7.902295877123286016e+06
-1.112844608934817277e+07,-1.324575031277779117e+07,-1.023110845114558190e+07
-8.754963136983266100e+06,-1.325999181400954351e+07,-1.230796723519050889e+07
-6.165934720731317997e+06,-1.294773063432953693e+07,-1.408173984526432678e+07
-3.425114724061099347e+06,-1.231666482797361910e+07,-1.550876088004726730e+07
-5.999890558960435446e+05,-1.138234098364495486e+07,-1.655390571106881090e+07
2.239886411778299604e+06,-1.016776997591621615e+07,-1.719145349806589633e+07
5.024598101102486253e+06,-8.702859198723590001e+06,-1.740571839744718373e+07
7.685595033166931942e+06,-7.023675425283590332e+06,-1.719143367984744906e+07
1.015737493097808957e+07,-5.171556559067610651e+06,-1.655387956459164619e+07
1.237909479681425728e+07,-3.192094196464970242e+06,-1.550875186459435895e+07
1.429606656067010760e+07,-1.134012030849787639e+06,-1.408177486200836115e+07
1.586110125731665641e+07,9.520323772546948167e+05,-1.230806805495147780e+07
1.703566891608259454e+07,3.014693111766515765e+06,-1.023128238413866237e+07
1.779084584924811870e+07,5.003198219884697348e+06,-7.902527130434753373e+06
1.810802619477317110e+07,6.868597969460321590e+06,-5.379113742877375335e+06
1.797938028851335123e+07,8.564968517606396228e+06,-2.723147297744154930e+06
1.740804857838834450e+07,1.005054153279886581e+07,1.621084053389569874e-07
1.640806620923767984e+07,1.128873208772770315e+07,2.723295967414695304e+06
1.500401995413306355e+07,1.224903958255905472e+07,5.379696934670722112e+06
1.323044569447550550e+07,1.290779951530032791e+07,7.903797198144254275e+06
1.113098100253998302e+07,1.324876751993630826e+07,1.023343896266286448e+07
8.757293403786892071e+06,1.326352116282092966e+07,1.231124318815805204e+07
6.167810443448068574e+06,1.295166942926986516e+07,1.408602361415180378e+07
3.426282613206696231e+06,1.232086454106998816e+07,1.551404902802293375e+07
6.002143810273964191e+05,1.138661560741137899e+07,1.656012250943058729e+07
-2.240798100472456776e+06,1.017190850762174465e+07,1.719845084119370952e+07
-5.026781646361014806e+06,8.706641210051851347e+06,1.741328242010377720e+07
-7.689110721116060391e+06,7.026888325643708929e+06,1.719929770546338707e+07
-1.016219950496567041e+07,5.174012957243225537e+06,1.656174236549074575e+07
-1.238511945769657567e+07,3.193647725648894440e+06,1.551629966774352081e+07
-1.430310230632556416e+07,1.134570129833498271e+06,1.408870514495611936e+07
-1.586889120847496018e+07,-9.524999542282742914e+05,1.231411298508844338e+07
-1.704390660852447897e+07,-3.016150883385965601e+06,1.023622977763291821e+07
-1.779919791140171513e+07,-5.005547013351519592e+06,7.906237038233523257e+06
-1.811615742886773869e+07,-6.871682246972710826e+06,5.381529181898568757e+06
-1.798697896780285612e+07,-8.568588355879416689e+06,2.724298189634544775e+06
-1.741484977566862479e+07,-1.005446820587931946e+07,-2.219090109162107785e-07
-1.641387117485585809e+07,-1.129272589789442904e+07,-2.724259434971347917e+06
-1.500870993655149639e+07,-1.225286840846463665e+07,-5.381378529611194506e+06
-1.323398910166676156e+07,-1.291125651067900099e+07,-7.905914010568686761e+06
-1.113343338625987060e+07,-1.325168649552081898e+07,-1.023569359943837114e+07
-8.758790358510019258e+06,-1.326578840336378291e+07,-1.231334764815378375e+07
-6.168554096474958584e+06,-1.295323101230866648e+07,-1.408772196629711986e+07
-3.426522899042968638e+06,-1.232172860558851250e+07,-1.551513703116245382e+07
-6.002267067742844811e+05,-1.138684943810721859e+07,-1.656046258106435090e+07
2.240736906560728326e+06,-1.017163072316921502e+07,-1.719798116903272644e+07
5.026417066503937356e+06,-8.706009739215837792e+06,-1.741201947843181714e+07
7.688231888435290195e+06,-7.026085182169030420e+06,-1.719733189882411063e+07
1.016065611985283345e+07,-5.173227153484237380e+06,-1.655922704913680255e+07
1.238283269151013158e+07,-3.193058056275181007e+06,-1.551343476607296988e+07
1.430006891612121463e+07,-1.134329511131203733e+06,-1.408571722392582893e+07
1.586518080421631970e+07,9.522772442833584500e+05,-1.231123374565969594e+07
1.703965263280536234e+07,3.015398084575098008e+06,-1.023367492480918579e+07
1.779458340265693888e+07,5.004249306534655392e+06,-7.904187316659640521e+06
1.811139700573480502e+07,6.869876559687453322e+06,-5.380115065460578538e+06
1.798229868080942705e+07,8.566358773429354653e+06,-2.723589315876327455e+06
1.741046653064131737e+07,1.005193753818291798e+07,3.415778234008511521e-08
1.640997335982603952e+07,1.129004420530249365e+07,2.723612502918518148e+06
1.500544070961745828e+07,1.225019946439225040e+07,5.380206347078466788e+06
1.323143354703379795e+07,1.290876327744949423e+07,7.904387335957108997e+06
1.113161044491091743e+07,1.324951672035603039e+07,1.023401765020919032e+07
8.757650104645123705e+06,1.326406141072200239e+07,1.231174464800487831e+07
6.167980574031076394e+06,1.295202668328980170e+07,1.408641215777486749e+07
3.426342362109691836e+06,1.232107939729278721e+07,1.551431956828940660e+07
6.002207328116839053e+05,1.138673610657084361e+07,1.656029775736315176e+07
-2.240814328591411933e+06,1.017198217375968583e+07,1.719857539436385781e+07
-5.026819714104942977e+06,8.706707145318618044e+06,1.741341429063723609e+07
-7.689200322956902906e+06,7.026970210552326404e+06,1.719949813029666990e+07
-1.016239744297807664e+07,5.174113736000721343e+06,1.656206495297411457e+07
-1.238550288723766990e+07,3.193746597434789874e+06,1.551678003514562547e+07
-1.430375918402584083e+07,1.134622235579735367e+06,1.408935217635109089e+07
-1.586990888068654016e+07,-9.525610380636465270e+05,1.231490268932350911e+07
-1.704535968783739582e+07,-3.016408025516183581e+06,1.023710246803609282e+07
-1.780113667467761040e+07,-5.006092238522615284e+06,7.907098218725726940e+06
-1.811859792408981919e+07,-6.872607956950740889e+06,5.382254147791897878e+06
-1.798989584562790766e+07,-8.569977890242770314e+06,2.724739978385747876e+06
-1.741817258839712664e+07,-1.005638663270266727e+07,-3.414486900798268098e-07
-1.641748454371555522e+07,-1.129521189182403497e+07,-2.724859156640007161e+06
-1.501245761996048503e+07,-1.225592795667629316e+07,-5.382722262891389430e+06
-1.323768164290920645e+07,-1.291485900323000923e+07,-7.908119914874719456e+06
-1.113685871660834178e+07,-1.325576353108929656e+07,-1.023884272969315946e+07
-8.761726506667485461e+06,-1.327023540101748146e+07,-1.231747536574068666e+07
-6.170783021950239316e+06,-1.295791149109423347e+07,-1.409281237839073502e+07
-3.427844425443696789e+06,-1.232648079611437209e+07,-1.552112084151632525e+07
-6.004715710368000437e+05,-1.139149473704879545e+07,-1.656721847080489062e+07
2.241695769337902311e+06,-1.017598339753245935e+07,-1.720534058010137081e+07
5.028655739296345972e+06,-8.709887234234681353e+06,-1.741977446846906841e+07
7.691769800656721927e+06,-7.029318392742459662e+06,-1.720524563654441014e+07
1.016545404200226441e+07,-5.175669982062571682e+06,-1.656704641447093897e+07
1.238879463010952063e+07,-3.194595411786092911e+06,-1.552090398962232657e+07
1.430704758387945034e+07,-1.134883082504591672e+06,-1.409259128454926051e+07
1.587298597920892015e+07,9.527457350380780408e+05,-1.231729048935218714e+07
1.704806152602864802e+07,3.016886152499177027e+06,-1.023872513807214238e+07
1.780335209180166572e+07,5.006715265168067068e+06,-7.908082286266962998e+06
1.812027205650052428e+07,6.873242976049505174e+06,-5.382751460340720601e+06
1.799102823673176020e+07,8.570517335651373491e+06,-2.724911489735796582e+06
1.741881036421723291e+07,1.005675485274396278e+07,1.536758658245755287e-07
1.641771159548562206e+07,1.129536810320004262e+07,2.724896841103164479e+06
1.501238111017135903e+07,1.225586549532007985e+07,5.382694830277855508e+06
1.323741737337137572e+07,1.291460117833935283e+07,7.907962041671943851e+06
1.113651694313913397e+07,1.325535673161339946e+07,1.023852851498578675e+07
8.761399654916184023e+06,1.326974036163520999e+07,1.231701586858718283e+07
6.170536474290168844e+06,1.295739377028940804e+07,1.409224931372021697e+07
3.427711150234193075e+06,1.232600154031719267e+07,1.552051737753768265e+07
6.004509062200114131e+05,1.139110270657603256e+07,1.656664832135205157e+07
-2.241635328135871328e+06,1.017570902994002961e+07,1.720487668509636819e+07
-5.028570297712005675e+06,8.709739245068669319e+06,1.741947849013747275e+07
-7.691731184957715683e+06,7.029283102809537202e+06,1.720515925946865976e+07
-1.016553921231251396e+07,5.175713345931763761e+06,1.656718521992713027e+07
-1.238907453552168794e+07,3.194667588666067459e+06,1.552125466013977118e+07
-1.430757682581303641e+07,1.134925063752533169e+06,1.409311259338054992e+07
-1.587379461012511328e+07,-9.527942715679651592e+05,1.231791797947289050e+07
-1.704915005345717445e+07,-3.017078782219483983e+06,1.023937888589750230e+07
-1.780469034556727111e+07,-5.007091613145695999e+06,7.908676726058244705e+06
-1.812180206451192126e+07,-6.873823326983847655e+06,5.383205959744834341e+06
-1.799267071189760417e+07,-8.571299773525439203e+06,2.725160258143403102e+06
-1.742047391023613885e+07,-1.005771530148582719e+07,3.411271831001992034e-08
-1.641930336550295167e+07,-1.129646323927776888e+07,-2.725161031947528478e+06
-1.501381745630304702e+07,-1.225703810510572419e+07,-5.383209832717887126e+06
-1.323863303638407402e+07,-1.291578719541028328e+07,-7.908688272226898931e+06
-1.113747154935173132e+07,-1.325649296172505617e+07,-1.023940614692255296e+07
-8.762080678327431902e+06,-1.327077181827470288e+07,-1.231797326997170784e+07
-6.170958327927939594e+06,-1.295827961282793246e+07,-1.409321274156115577e+07
-3.427910616241510492e+06,-1.232671881730117835e+07,-1.552142055038424768e+07
-6.004796195994091686e+05,-1.139164742564139143e+07,-1.656744053343418241e+07
2.241720234700644389e+06,-1.017609445592310652e+07,-1.720552835531302914e+07
5.028716062672633678e+06,-8.709991717387018725e+06,-1.741998343477388471e+07
7.691898495613900013e+06,-7.029436003884186037e+06,-1.720553350635925308e+07
1.016570941775250435e+07,-5.175800004843252711e+06,-1.656746261052933335e+07
1.238925408681028709e+07,-3.194713888063294347e+06,-1.552147960521293245e+07
1.430779818204231933e+07,-1.134942622472495539e+06,-1.409333063157834113e+07
1.587411319446493685e+07,9.528133939857175574e+05,-1.231816519797779806e+07
1.704963731142694131e+07,3.017165009138773661e+06,-1.023967152329858020e+07
1.780542346064732596e+07,5.007297782099131495e+06,-7.909002368911534548e+06
1.812285135945340246e+07,6.874221337513803504e+06,-5.383517660025285557e+06
1.799408614377968386e+07,8.571974053134199232e+06,-2.725374638697474264e+06
1.742227229656806588e+07,1.005875360031887889e+07,2.732318726142465153e-07
1.642145801735263504e+07,1.129794563745722547e+07,2.725518645978575572e+06
1.501625172588604316e+07,1.225902540348080918e+07,5.384082640981977805e+06
1.324121892184254900e+07,1.291831001979852840e+07,7.910233066310947761e+06
1.114003397529611923e+07,1.325954291622739471e+07,1.024176195271270536e+07
8.764407446953900158e+06,1.327429586885710433e+07,1.232124430510624126e+07
6.172815084512932226e+06,1.296217858114472218e+07,1.409745319566509873e+07
3.429059572967090644e+06,1.233085044967810810e+07,1.552662297323744185e+07
6.007003044540086994e+05,1.139583401911025122e+07,1.657352930494715460e+07
-2.242610233418741729e+06,1.018013452786305547e+07,1.721235922472215816e+07
-5.030842464772198349e+06,8.713674753860075027e+06,1.742734950772035122e+07
-7.695315769379886799e+06,7.032558965954264626e+06,1.721317739535736293e+07
-1.017039188860272244e+07,5.178184052198481746e+06,1.657509382027094439e+07
-1.239509377400392480e+07,3.196219719621101860e+06,1.552879567000949383e+07
-1.431460977141888067e+07,1.135482940626958618e+06,1.410004011825013347e+07
-1.588164585851143487e+07,-9.532655277907083509e+05,1.232401047569275461e+07
-1.705759242072454095e+07,-3.018572773830538150e+06,1.024444920300254039e+07
-1.781347666175562516e+07,-5.009562528912532143e+06,7.912579525432784110e+06
-1.813067708025421575e+07,-6.877189730061252601e+06,5.385842344220538624e+06
-1.800138236610752717e+07,-8.575449807778472081e+06,2.726479720618631225e+06
-1.742878342381603271e+07,-1.006251280138792843e+07,-8.544114380878691474e-08
-1.642699385582478717e+07,-1.130175428843359090e+07,-2.726437445695235394e+06
-1.502070096642753296e+07,-1.226265769160573557e+07,-5.385677917832650244e+06
-1.324455601157227904e+07,-1.292156572910675406e+07,-7.912226625792634673e+06
-1.114231885603107139e+07,-1.326226251961749420e+07,-1.024386259303696826e+07
-8.765778253116425127e+06,-1.327637204875745252e+07,-1.232317142199617624e+07
-6.173474486066783778e+06,-1.296356324609580077e+07,-1.409895913459463604e+07
-3.429255972936235834e+06,-1.233155670123189688e+07,-1.552751226320553757e+07
-6.007055191964998376e+05,-1.139593294754926860e+07,-1.657367318150621094e+07
2.242524895403103437e+06,-1.017974714334782586e+07,-1.721170424305982515e+07
5.030429661619702354e+06,-8.712959757826860994e+06,-1.742591951565370336e+07
7.694373024340088479e+06,-7.031697414553550072e+06,-1.721106862710253522e+07
1.016877793817135319e+07,-5.177362320599646308e+06,-1.657246350079860166e+07
1.239273885615774244e+07,-3.195612476545925718e+06,-1.552584538671799190e+07
1.431151911027734727e+07,-1.135237779001401970e+06,-1.409699578474889137e+07
1.587789632588609867e+07,9.530404692400327185e+05,-1.232110087301290780e+07
1.705332298118270934e+07,3.017817238486692775e+06,-1.024188506291535869e+07
1.780887371794691682e+07,5.008268074423885904e+06,-7.910534940895219333e+06
1.812595619628702849e+07,6.875399040469405241e+06,-5.384439973164175637e+06
1.799676804470974207e+07,8.573251649840317667e+06,-2.725780837974158116e+06
1.742448865606471896e+07,1.006003321607096866e+07,3.928073011107870240e-07
1.642320107135863043e+07,1.129914485675801709e+07,2.725807945880639367e+06
1.501754581799157895e+07,1.226008187937705033e+07,5.384546638187870383e+06
1.324211515895650908e+07,1.291918440069665760e+07,7.910768473549416289e+06
1.114060259863203764e+07,1.326021972614931874e+07,1.024228472534170188e+07
8.764728515436161309e+06,1.327478214908274636e+07,1.232169567198253237e+07
6.172968301595719531e+06,1.296250031882265955e+07,1.409780311229586974e+07
3.429114246937508229e+06,1.233104705651406012e+07,1.552687053444417380e+07
6.007064893393687671e+05,1.139595135204291902e+07,1.657369994807831757e+07
-2.242628430609721225e+06,1.018021713243163377e+07,1.721249889080469310e+07
-5.030890604395680130e+06,8.713758134133527055e+06,1.742751626826739311e+07
-7.695429304014936090e+06,7.032662722452040762e+06,1.721343135398222879e+07
-1.017063272613048553e+07,5.178306672944830731e+06,1.657548632280769758e+07
-1.239554340333483741e+07,3.196335661796193570e+06,1.552935897369498201e+07
-1.431535955450752936e+07,1.135542415940537117e+06,1.410077866242260113e+07
-1.588278541499415226e+07,-9.533339274970737752e+05,1.232489476099628955e+07
-1.705919725893494114e+07,-3.018856771760160569e+06,1.024541303676747531e+07
-1.781559631465815008e+07,-5.010158624439545907e+06,7.913521055403277278e+06
-1.813332497480534762e+07,-6.878194109166168608e+06,5.386628919511223212e+06
-1.800452849364467710e+07,-8.576948551499329507e+06,2.726956231408311985e+06
-1.743235060801539570e+07,-1.006457231614592299e+07,-2.050532376624838598e-07
-1.643085806572787464e+07,-1.130441286073405668e+07,-2.727078800204304513e+06
-1.502469573736349307e+07,-1.226591895808405429e+07,-5.387110244437532499e+06
-1.324848065853025392e+07,-1.292539466709365509e+07,-7.914571188806497492e+06
-1.114594983316928335e+07,-1.326658432844681107e+07,-1.024720078783868998e+07
-8.768882758561832830e+06,-1.328107403506509960e+07,-1.232753582087573409e+07
-6.175825252200998366e+06,-1.296849957579576783e+07,-1.410432780595415086e+07
-3.430646122233661357e+06,-1.233655565873785317e+07,-1.553380679485784844e+07
-6.009623976148334332e+05,-1.140080616602282785e+07,-1.658076054598051123e+07
2.243527889173237607e+06,-1.018430014652145095e+07,-1.721940236590506881e+07
5.032764080204306170e+06,-8.717003089421251789e+06,-1.743400617884262651e+07
7.698049893115282059e+06,-7.035057614088586532e+06,-1.721929318817079067e+07
1.017374632876241766e+07,-5.179891941995652393e+06,-1.658056068536047637e+07
1.239888866493396834e+07,-3.197198276576583739e+06,-1.553354997739261016e+07
1.431868765708998963e+07,-1.135806412219134625e+06,-1.410405687822331116e+07
1.588587799836293980e+07,9.535195539202649379e+05,-1.232729457712219283e+07
1.706188093046141788e+07,3.019331683904830832e+06,-1.024702479626761377e+07
1.781775253997552767e+07,5.010765004976840690e+06,-7.914478830498249270e+06
1.813489459878355265e+07,6.878789486925344914e+06,-5.387095187111739069e+06
1.800551067445715517e+07,8.577416440136216581e+06,-2.727104991987694521e+06
1.743279650056320056e+07,1.006482975232813507e+07,1.712237700158326055e-08
1.643086010302771255e+07,1.130441426239404827e+07,2.727079138340871781e+06
1.502437377316592261e+07,1.226565611171258427e+07,5.386994804054534994e+06
1.324796650567216426e+07,1.292489305269832723e+07,7.914264036650250666e+06
1.114537183180628717e+07,1.326589635622900166e+07,1.024666939337575436e+07
8.768351929924335331e+06,1.328027005870563909e+07,1.232678956742167845e+07
6.175424351916094311e+06,1.296765773280886933e+07,1.410341223130491003e+07
3.430422537919062190e+06,1.233575165265562572e+07,1.553279441543073021e+07
6.009253873164262623e+05,1.140010404681691341e+07,1.657973941903034225e+07
-2.243405589645960368e+06,1.018374497843186744e+07,1.721846369927316532e+07
-5.032540677164158784e+06,8.716616144005443901e+06,1.743323228801086172e+07
-7.697805691519302316e+06,7.034834444283396937e+06,1.721874694867724180e+07
-1.017357256224287115e+07,5.179803469984568655e+06,1.658027749112359062e+07
-1.239887521461782791e+07,3.197194808255163021e+06,1.553353312659501098e+07
-1.431891111070692167e+07,1.135824137310930761e+06,1.410427698236983828e+07
-1.588639151106333733e+07,-9.535503765413929941e+05,1.232769305823420919e+07
-1.706270713360058889e+07,-3.019477891777421348e+06,1.024752099736593291e+07
-1.781888035436523706e+07,-5.011082172524457797e+06,7.914979795088841580e+06
-1.813628029841929674e+07,-6.879315099910743535e+06,5.387506818720210344e+06
-1.800708298549420387e+07,-8.578165453412039205e+06,2.727343133374447003e+06
-1.743446498732641339e+07,-1.006579305361005850e+07,1.708300771250801805e-07
-1.643252566495197266e+07,-1.130556016722520627e+07,-2.727355576649877243e+06
-1.502593981550722197e+07,-1.226693460338940285e+07,-5.387556309118790552e+06
-1.324934928941792622e+07,-1.292624211498793215e+07,-7.915090104232893325e+06
-1.114650866046889685e+07,-1.326724947853308544e+07,-1.024771455433010682e+07
-8.769206167391708121e+06,-1.328156385990696773e+07,-1.232799047787588276e+07
-6.175986733597729355e+06,-1.296883866755126789e+07,-1.410469659659558907e+07
-3.430708766268447042e+06,-1.233678092581289820e+07,-1.553409044414489530e+07
-6.009705139775427524e+05,-1.140096014083573222e+07,-1.658098447922364809e+07
2.243555074338580482e+06,-1.018442355122253299e+07,-1.721961101600053161e+07
5.032835868323323317e+06,-8.717127430090494454e+06,-1.743425486018124595e+07
7.698204183400851674e+06,-7.035198616168688983e+06,-1.721963831059776619e+07
1.017404614319494553e+07,-5.180044590421469882e+06,-1.658104930491418764e+07
1.239941533626027033e+07,-3.197334084929571487e+06,-1.553420980067022517e+07
1.431953125995818526e+07,-1.135873329633140238e+06,-1.410488783585902676e+07
1.588712592303510755e+07,9.535944582208037609e+05,-1.232826295513966493e+07
1.706360572646055371e+07,3.019636909995145630e+06,-1.024806067428373359e+07
1.782000026582600549e+07,5.011397117585555650e+06,-7.915477249272432178e+06
1.813767488996699452e+07,6.879844085707844235e+06,-5.387921091732768342e+06
1.800878958874119446e+07,8.578978440447987989e+06,-2.727601614586847369e+06
1.743649293598633260e+07,1.006696389031497203e+07,1.367490324914109681e-07
1.643484624201443233e+07,1.130715672177479602e+07,2.727740729786235839e+06
1.502847962552236021e+07,1.226900806326885708e+07,5.388466958944075741e+06
1.325198824696104415e+07,1.292881671721135639e+07,7.916666603295965120e+06
1.114908329983837530e+07,1.327031397019357607e+07,1.025008158872148953e+07
8.771518381623197347e+06,1.328506586686115339e+07,1.233124105204387009e+07
6.177817413794633001e+06,1.297268287854902819e+07,1.410887749753550254e+07
3.431835212172435131e+06,1.234083160959102772e+07,1.553919093904314004e+07
6.011859969003119040e+05,1.140504804891100898e+07,1.658692972765136510e+07
-2.244421534698948264e+06,1.018835677283002064e+07,1.722626122509517148e+07
-5.034901560866124928e+06,8.720705314527878538e+06,1.744141062905580178e+07
-7.701518527966304682e+06,7.038227513784255832e+06,1.722705196361177042e+07
-1.017858187937692553e+07,5.182353928844500333e+06,1.658844137530711479e+07
-1.240506617092986405e+07,3.198791218658119440e+06,1.554128926763938740e+07
-1.432611643417864665e+07,1.136395687776720151e+06,1.411137430123752169e+07
-1.589440147398367710e+07,-9.540311593016973929e+05,1.233390871546631120e+07
-1.707128155512494966e+07,-3.020995252183731645e+06,1.025267062361932173e+07
-1.782776154702071846e+07,-5.013579769752910361e+06,7.918924737702158280e+06
-1.814520593583688512e+07,-6.882700704414765351e+06,5.390158240712777711e+06
-1.801579804141411930e+07,-8.582317108162311837e+06,2.728663111071337014e+06
-1.744273213789849728e+07,-1.007056609521803446e+07,5.124525316766358543e-08
-1.644013381056451052e+07,-1.131079456330866925e+07,-2.728618323398675770e+06
-1.503271061715292558e+07,-1.227246217650772445e+07,-5.389983982567111030e+06
-1.325514179410878383e+07,-1.293189335992447287e+07,-7.918550515423662029e+06
-1.115122219053676911e+07,-1.327285980740278959e+07,-1.025204801085458882e+07
-8.772781670477485284e+06,-1.328697920442711748e+07,-1.233301701815268770e+07
-6.178406750540131703e+06,-1.297392041572430171e+07,-1.411022342270543054e+07
-3.431996102836067788e+06,-1.234141017017355748e+07,-1.553991944451499544e+07
-6.011856347315334715e+05,-1.140504117823604308e+07,-1.658691973528620414e+07
2.244317941234625876e+06,-1.018788651929014176e+07,-1.722546613021358475e+07
5.034453885201623663e+06,-8.719929917530795559e+06,-1.743985983506205678e+07
7.700532147906244732e+06,-7.037326085417291149e+06,-1.722484559087152407e+07
1.017692348710149713e+07,-5.181509569990825839e+06,-1.658573862718664110e+07
1.240267352675007097e+07,-3.198174247407498304e+06,-1.553829172012154013e+07
1.432300135009061359e+07,-1.136148588840993820e+06,-1.410830591087891348e+07
1.589064603360744566e+07,9.538057461495310999e+05,-1.233099452842634544e+07
1.706702820609508827e+07,3.020242564274630975e+06,-1.025011614717214927e+07
1.782319821009761468e+07,5.012296453638064675e+06,-7.916897746172766201e+06
1.814054763057724759e+07,6.880933751699832268e+06,-5.388774459091989323e+06
1.801126671785176545e+07,8.580158488508513197e+06,-2.727976799234023318e+06
1.743853643529412895e+07,1.006814370519016497e+07,2.564021033241760244e-07
1.643645036028953269e+07,1.130826035343990289e+07,2.728006970107230358e+06
1.502966829824814945e+07,1.226997847648594901e+07,5.388893157992154360e+06
1.325281006860347837e+07,1.292961849738101102e+07,7.917157555130717345e+06
1.114960431888548471e+07,1.327093411860892363e+07,1.025056059561386146e+07
8.771813257319498807e+06,1.328551247631544806e+07,1.233165559638136066e+07
6.177959711548818275e+06,1.297298168693370372e+07,1.410920247664234601e+07
3.431887785202193540e+06,1.234102066147196293e+07,1.553942898728532530e+07
6.011924738855094183e+05,1.140517092324468866e+07,1.658710842991816066e+07
-2.244443179822044447e+06,1.018845502898977511e+07,1.722642735456127301e+07
-5.034962544026289135e+06,8.720810940459268168e+06,1.744162188091878965e+07
-7.701659351728625596e+06,7.038356209142206237e+06,1.722736696360428259e+07
-1.017886879720281065e+07,5.182500011052958667e+06,1.658890897674589790e+07
-1.240558421444562078e+07,3.198924802230397705e+06,1.554193828184271976e+07
-1.432695958395139873e+07,1.136462569249373861e+06,1.411220481256889924e+07
-1.589566088854311220e+07,-9.541067532607102767e+05,1.233488600953015871e+07
-1.707303301565591618e+07,-3.021305196925422642e+06,1.025372251582052559e+07
-1.783005339616206288e+07,-5.014224290853273124e+06,7.919942755629436113e+06
-1.814804877316694707e+07,-6.883779027723122388e+06,5.391002725096903741e+06
-1.801915728655133024e+07,-8.583917376268487424e+06,2.729171900538435206e+06
-1.744652430313959718e+07,-1.007275550284120254e+07,-6.843545082539334147e-08
-1.644422696992689371e+07,-1.131361065259344317e+07,-2.729297677336276975e+06
-1.503692915945447609e+07,-1.227590612631529570e+07,-5.391496542478380725e+06
-1.325927514878199436e+07,-1.293592591594570316e+07,-7.921019759305655025e+06
-1.115503685852460004e+07,-1.327740025620298274e+07,-1.025555508467041142e+07
-8.776035612800667062e+06,-1.329190752312988602e+07,-1.233759149949251860e+07
-6.180865005308243446e+06,-1.297908245879012346e+07,-1.411583757622600347e+07
-3.433446425802678335e+06,-1.234662551135520637e+07,-1.554648643975480273e+07
-6.014529834636767628e+05,-1.141011302813291550e+07,-1.659429597933788411e+07
2.245359150609558914e+06,-1.019261299888483807e+07,-1.723345756337498128e+07
5.036870657234871760e+06,-8.724115889483558014e+06,-1.744823177896715328e+07
7.704327655573830940e+06,-7.040794706105168909e+06,-1.723333552796369419e+07
1.018203619383940101e+07,-5.184112668945356272e+06,-1.659407100953555852e+07
1.240898076784686930e+07,-3.199800643200556282e+06,-1.554619354482875019e+07
1.433032693170540035e+07,-1.136729678586728871e+06,-1.411552168527341634e+07
1.589877099906674214e+07,9.542934317179718055e+05,-1.233729942656631023e+07
1.707570367874800041e+07,3.021777807051194366e+06,-1.025532646271436661e+07
1.783215914148609713e+07,5.014816475246520713e+06,-7.920878107984084636e+06
1.814952635061004013e+07,6.884339491095364094e+06,-5.391441649640547112e+06
1.802000537149340287e+07,8.584321384677749127e+06,-2.729300351028702222e+06
1.744679765298840776e+07,1.007291332145003788e+07,3.762172899381120998e-07
1.644402579531159811e+07,1.131347224467194080e+07,2.729264287781707477e+06
1.503638492538702302e+07,1.227546182241161354e+07,5.391301407150873914e+06
1.325853433842124045e+07,1.293520317146432027e+07,7.920577203175382689e+06
1.115424438191810250e+07,1.327645700256536342e+07,1.025482650908711366e+07
8.775319512079721317e+06,1.329082293949984945e+07,1.233658478546347283e+07
6.180323906088301912e+06,1.297794621468996070e+07,1.411460181574619375e+07
3.433140841474457178e+06,1.234552663436912373e+07,1.554510276806703210e+07
6.014011410457448801e+05,1.140912953006915934e+07,1.659286562909316830e+07
-2.245180770396978594e+06,1.019180325739167258e+07,1.723208846933960542e+07
-5.036522322491428815e+06,8.723512556009307504e+06,1.744702511201893538e+07
-7.703897554860876873e+06,7.040401647688834928e+06,1.723237346219562739e+07
-1.018162871844124235e+07,5.183905205690317787e+06,1.659340693060678430e+07
-1.240870317735841312e+07,3.199729063250686508e+06,1.554584577448908798e+07
-1.433027593649167567e+07,1.136725633474899223e+06,1.411547145445496589e+07
-1.589902084382043779e+07,-9.543084281729426002e+05,1.233749330378738418e+07
-1.707629713368962333e+07,-3.021882826967420988e+06,1.025568287989546917e+07
-1.783310243841037527e+07,-5.015081752206138335e+06,7.921297111644390039e+06
-1.815078859311673418e+07,-6.884818275266880170e+06,5.391816607459580526e+06
-1.802152237055656686e+07,-8.585044048585321754e+06,2.729530114893557504e+06
-1.744847957186417654e+07,-1.007388437776559219e+07,-1.881483796974381640e-07
-1.644576751024254225e+07,-1.131467054269116558e+07,-2.729553365433706436e+06
-1.503807768825876340e+07,-1.227684376668299548e+07,-5.391908347908442840e+06
-1.326007720662617125e+07,-1.293670841429026239e+07,-7.921498904354131781e+06
-1.115555397259710915e+07,-1.327801575668113492e+07,-1.025603050146418996e+07
-8.776336923572558910e+06,-1.329236387894859537e+07,-1.233801509043769166e+07
-6.181018082014449872e+06,-1.297940390169391409e+07,-1.411618717226524279e+07
-3.433508165629725903e+06,-1.234684752691350132e+07,-1.554676599483359046e+07
-6.014615670215443242e+05,-1.141027586607777886e+07,-1.659453280267592892e+07
2.245390308594650589e+06,-1.019275443785312772e+07,-1.723369670543399453e+07
5.036956173183033243e+06,-8.724264007450500503e+06,-1.744852801490110159e+07
7.704510125095399097e+06,-7.040961460492772982e+06,-1.723374368278619274e+07
1.018238262514475733e+07,-5.184289052026640624e+06,-1.659463560246859677e+07
1.240957568159230985e+07,-3.199954048659498803e+06,-1.554693886343377456e+07
1.433126268547090329e+07,-1.136803905719213886e+06,-1.411644341250475869e+07
1.590013622455053218e+07,9.543753767759661423e+05,-1.233835882892999984e+07
1.707757096214911342e+07,3.022108248223671224e+06,-1.025644791581727937e+07
1.783457320126716793e+07,5.015495364811721258e+06,-7.921950410733163357e+06
1.815249395647058263e+07,6.885465140648225322e+06,-5.392323197374911979e+06
1.802348810364255309e+07,8.585980479192592204e+06,-2.729827843772423454e+06
1.745070833923825249e+07,1.007517115720917843e+07,4.960221683747886205e-07
1.644822911525349692e+07,1.131636412431851961e+07,2.729961925401161425e+06
1.504070227684062533e+07,1.227898643841519207e+07,5.392849395120359026e+06
1.326275266472884081e+07,1.293931862694706395e+07,7.923097208655441180e+06
1.115812830148898996e+07,1.328107987879257649e+07,1.025839725041328929e+07
8.778625806917669252e+06,1.329583054967514426e+07,1.234123286540417373e+07
6.182817236489685252e+06,1.298318191242022999e+07,1.412029607487383112e+07
3.434609468628542498e+06,1.235080779715459235e+07,1.555175264382099733e+07
6.016714550089422846e+05,1.141425763310076110e+07,1.660032368488152325e+07
-2.246232017728209496e+06,1.019657530341782793e+07,1.724015694527334347e+07
-5.038959017602069303e+06,8.727733035743217915e+06,1.745546607148689404e+07
-7.707719195858019404e+06,7.043894150980960578e+06,1.724092185532144457e+07
-1.018676982327664644e+07,5.186522763338002376e+06,1.660178559446929023e+07
-1.241503715565290861e+07,3.201362353542586789e+06,1.555378109603687935e+07
-1.433762296024991944e+07,1.137308424083491787e+06,1.412270834958470240e+07
-1.590715886033881828e+07,-9.547968971063318895e+05,1.234380832942863367e+07
-1.708497492435769737e+07,-3.023418479948391672e+06,1.026089458759129234e+07
-1.784205354324077070e+07,-5.017599010358690284e+06,7.925273108590621501e+06
-1.815974498376742750e+07,-6.888215544852018356e+06,5.394477164911587723e+06
-1.803022693934921175e+07,-8.589190707506453618e+06,2.730848504215284716e+06
-1.745669676788568869e+07,-1.007862857810067572e+07,-3.079986196167661124e-07
-1.645329174694749713e+07,-1.131984720953552984e+07,-2.730802185569915455e+06
-1.504473942015772685e+07,-1.228228229702169076e+07,-5.394296914358540438e+06
-1.326574678729251586e+07,-1.294223973290706426e+07,-7.924885881393468939e+06
-1.116014353943669796e+07,-1.328347853701079823e+07,-1.026024999048323743e+07
-8.779800602475322783e+06,-1.329760985807855614e+07,-1.234288442521211132e+07
-6.183350781746785156e+06,-1.298430229409367032e+07,-1.412151458363742195e+07
-3.434743164576593321e+06,-1.235128856592045352e+07,-1.555235801288239285e+07
-6.016670193319307873e+05,-1.141417348425157741e+07,-1.660020130301657133e+07
2.246115868552632630e+06,-1.019604805431379750e+07,-1.723926548348062113e+07
5.038489235482238233e+06,-8.726919349244760349e+06,-1.745383869848918915e+07
7.706708334651591256e+06,-7.042970349898397923e+06,-1.723866072221313417e+07
1.018509135405297019e+07,-5.185668182446717285e+06,-1.659905012614526413e+07
1.241263477475465462e+07,-3.200742871565280482e+06,-1.555077135018358007e+07
1.433451320160895959e+07,-1.137061747580522904e+06,-1.411964520484768786e+07
1.590342703387736529e+07,9.545729013347647851e+05,-1.234091246656784974e+07
1.708076503028345481e+07,3.022673481983859092e+06,-1.025836620932275243e+07
1.783755331668465957e+07,5.016333442341993563e+06,-7.923274150095289573e+06
1.815516757471980155e+07,6.886479277068899013e+06,-5.393117414067508653e+06
1.802579091608580574e+07,8.587077486751120538e+06,-2.730176626510148868e+06
1.745260615586241707e+07,1.007626686214743368e+07,-3.762561200759363610e-07
1.644971770267791674e+07,1.131738827088202350e+07,2.730208990721366368e+06
1.504180492217007093e+07,1.227988662025482766e+07,5.393244749012907967e+06
1.326351543723746389e+07,1.294006279799340665e+07,7.923552884855400771e+06
1.115861323402076587e+07,1.328165707485146448e+07,1.025884308060998470e+07
8.778902484836352989e+06,1.329624959734890983e+07,1.234162182680875249e+07
6.182953523625862785e+06,1.298346809921951592e+07,1.412060732695076615e+07
3.434662279399206396e+06,1.235099770395052992e+07,1.555199176854591444e+07
6.016785671853193780e+05,1.141439255758382566e+07,1.660051991228062846e+07
-2.246258143923854455e+06,1.019669390101529844e+07,1.724035746761872247e+07
-5.039034597100576386e+06,8.727863943275509402e+06,1.745572788655104116e+07
-7.707889094091056846e+06,7.044049416779300198e+06,1.724130189020482451e+07
-1.018710393215375207e+07,5.186692872541509569e+06,1.660233010504975542e+07
-1.241562334118471108e+07,3.201513508329126984e+06,1.555451547977867350e+07
-1.433855714202609472e+07,1.137382526520905551e+06,1.412362852839074656e+07
-1.590853312656773999e+07,-9.548793848179396009e+05,1.234487474732703343e+07
-1.708686484151117131e+07,-3.023752926470455714e+06,1.026202963407415524e+07
-1.784450595401329547e+07,-5.018288685111613013e+06,7.926362446490981616e+06
-1.816276758331507817e+07,-6.889362054188933223e+06,5.395375048899953254e+06
-1.803378077618566528e+07,-8.590883674679618329e+06,2.731386766436809208e+06
-1.746069254873281345e+07,-1.008093554324829951e+07,6.840456430906739621e-08
-1.645759046479948796e+07,-1.132280472284253314e+07,-2.731515656666656025e+06
-1.504915741325374693e+07,-1.228588907523587719e+07,-5.395880987425161526e+06
-1.327006491993001662e+07,-1.294645256077800691e+07,-7.927465510638900101e+06
-1.116411981750969961e+07,-1.328821134391911514e+07,-1.026390564302198589e+07
-8.783185234978584573e+06,-1.330273611601751857e+07,-1.234764263439042680e+07
-6.185902498356582597e+06,-1.298966059592731297e+07,-1.412734218498053774e+07
-3.436245510503883939e+06,-1.235669098094425164e+07,-1.555916056567978673e+07
-6.019433680649778107e+05,-1.141941607239461876e+07,-1.660782586020808853e+07
2.247189732186786365e+06,-1.020092276508429460e+07,-1.724750754282374308e+07
5.040975934801301919e+06,-8.731226438808105886e+06,-1.746245287761608884e+07
7.710603885696728714e+06,-7.046530397757307626e+06,-1.724737444016832486e+07
1.019032479139809310e+07,-5.188332750547350384e+06,-1.660757926798620261e+07
1.241907244672589190e+07,-3.202402900482811499e+06,-1.555883658102831058e+07
1.434196724053724483e+07,-1.137653026992052561e+06,-1.412698751103752851e+07
1.591166708607606962e+07,9.550674947654209100e+05,-1.234730667095445842e+07
1.708953207406779006e+07,3.024224929516143631e+06,-1.026363152065745369e+07
1.784657430884201825e+07,5.018870354430780746e+06,-7.927281190337723121e+06
1.816416973553580046e+07,6.889893907843148336e+06,-5.395791567861979827e+06
1.803451466199267656e+07,8.591233281214332208e+06,-2.731497920387331396e+06
1.746081597133399174e+07,1.008100680132002197e+07,-2.566432203054818315e-07
1.645721055608453415e+07,1.132254334605070204e+07,2.731452602077423595e+06
1.504841612313194759e+07,1.228528389795235172e+07,5.395615197576687671e+06
1.326912206577536836e+07,1.294553269967313856e+07,7.926902254631372169e+06
1.116313542224704660e+07,1.328703965707661584e+07,1.026300062406305410e+07
8.782302895595651120e+06,1.330139975253842771e+07,1.234640221749217249e+07
6.185235361262332648e+06,1.298825968726055138e+07,1.412581857965182513e+07
3.435866111108364072e+06,1.235532666600491479e+07,1.555744266278547980e+07
6.018781624551219866e+05,1.141817906235201098e+07,1.660602681485877745e+07
-2.246960799840482417e+06,1.019988354656730779e+07,1.724575045382061601e+07
-5.040514962322209962e+06,8.730428011052859947e+06,1.746085602210588008e+07
-7.710006197861061431e+06,7.045984185610578395e+06,1.724603750909905136e+07
-1.018970672346560657e+07,5.188018065573249944e+06,1.660657197799417935e+07
-1.241855704815604538e+07,3.202269998940798454e+06,1.555819088046072796e+07
-1.434166950949574634e+07,1.137629409965690691e+06,1.412669424285255745e+07
-1.591168043165617809e+07,-9.550682958084071288e+05,1.234731702700154670e+07
-1.708991755815919861e+07,-3.024293146164657082e+06,1.026386303470059671e+07
-1.784735386933102086e+07,-5.019089584909616038e+06,7.927627463806730695e+06
-1.816532408702131361e+07,-6.890331767617704347e+06,5.396134475911499932e+06
-1.803598597741190344e+07,-8.591934182471100241e+06,2.731720765031963121e+06
-1.746251484955646098e+07,-1.008198764911929332e+07,-5.138984474872198435e-08
-1.645902625826528482e+07,-1.132379254721870087e+07,-2.731753959615183994e+06
-1.505022868620568328e+07,-1.228676364517337084e+07,-5.396265092740633525e+06
-1.327081472242698446e+07,-1.294718407810794748e+07,-7.927913438623614609e+06
-1.116460579328747652e+07,-1.328878978171378747e+07,-1.026435243234460801e+07
-8.783471659042375162e+06,-1.330316992489654571e+07,-1.234804529719329439e+07
-6.186051502176788636e+06,-1.298997348625420406e+07,-1.412768247937717475e+07
-3.436308353262237273e+06,-1.235691696262815222e+07,-1.555944511478045769e+07
-6.019527024322279030e+05,-1.141959315387846529e+07,-1.660808339863468520e+07
2.247225671066922136e+06,-1.020108590651363693e+07,-1.724778337895093486e+07
5.041076425024155527e+06,-8.731400492979619652e+06,-1.746280098595918342e+07
7.710815551544342190e+06,-7.046723833945976570e+06,-1.724784790245247632e+07
1.019071795494863950e+07,-5.188532927025227807e+06,-1.660822002232555859e+07
1.241973415646361932e+07,-3.202573530068254098e+06,-1.555966558284916729e+07
1.434299151610551961e+07,-1.137734275971343508e+06,-1.412799643316906691e+07
1.591314325687092356e+07,9.551560991044036346e+05,-1.234845216585464962e+07
1.709153234326524287e+07,3.024578904332298320e+06,-1.026483284237262420e+07
1.784914181101924181e+07,5.019592395554224029e+06,-7.928421650762304664e+06
1.816730835677606985e+07,6.891084425641425885e+06,-5.396723916891258210e+06
1.803818175411211699e+07,8.592980200632503256e+06,-2.732053336193279363e+06
1.746491883193267137e+07,1.008337558899119869e+07,-1.368854844473255970e-07
1.646160719290868007e+07,1.132556822750615701e+07,2.732182325079682283e+06
1.505292041550695524e+07,1.228896112950497866e+07,5.397230213283036835e+06
1.327351302227473445e+07,1.294981657547611929e+07,7.929525388460698538e+06
1.116716985642197356e+07,1.329184168489854410e+07,1.026670974331056140e+07
8.785730536633701995e+06,1.330659114985171892e+07,1.235122088924810290e+07
6.187815209461807273e+06,1.299367706209107116e+07,1.413171042781924643e+07
3.437382750935695134e+06,1.236078048169242963e+07,1.556430993769788928e+07
6.021567574232594343e+05,1.142346426362701878e+07,1.661371334645166807e+07
-2.248041999919110909e+06,1.020479156049079448e+07,1.725404882144051045e+07
-5.043015593916742131e+06,8.734759232025323436e+06,1.746951846405094862e+07
-7.713918994669307955e+06,7.049559993946430273e+06,1.725478980303857476e+07
-1.019495739938207343e+07,5.190691410572175868e+06,1.661512921422326937e+07
-1.242500883291844279e+07,3.203933667006572243e+06,1.556627379206326231e+07
-1.434913182324090227e+07,1.138221345763391815e+06,1.413404469982342236e+07
-1.591992078152476810e+07,-9.555629071062454022e+05,1.235371146237723902e+07
-1.709867548718446121e+07,-3.025842980716928840e+06,1.026912287189260684e+07
-1.785635569733020663e+07,-5.021621107593200170e+06,7.931625991509592161e+06
-1.817429724789076671e+07,-6.893735398353781551e+06,5.398800015072332695e+06
-1.804467195194204152e+07,-8.596071983507785946e+06,2.733036338076661807e+06
-1.747067997463304549e+07,-1.008670178628030606e+07,-1.712714386050207048e-07
-1.646647001135713421e+07,-1.132891384142308310e+07,-2.732989421644715592e+06
-1.505678934588292241e+07,-1.229211966178232990e+07,-5.398617419708007947e+06
-1.327637255074493587e+07,-1.295260636964116991e+07,-7.931233655410235748e+06
-1.116908404638482444e+07,-1.329412006968821771e+07,-1.026846958335957862e+07
-8.786835802690234035e+06,-1.330826515105992369e+07,-1.235277470257716067e+07
-6.188306999091980048e+06,-1.299470976190859452e+07,-1.413283357523219287e+07
-3.437497325663391035e+06,-1.236119249081798270e+07,-1.556482872676140256e+07
-6.021496905111202504e+05,-1.142333019785120524e+07,-1.661351836791323870e+07
2.247918698829765897e+06,-1.020423184589747339e+07,-1.725310246767484397e+07
5.042535667000260204e+06,-8.733927974222492427e+06,-1.746785594844506681e+07
7.712901383502958342e+06,-7.048630024242256768e+06,-1.725251357136108354e+07
1.019328111831189878e+07,-5.189837943764065392e+06,-1.661239731202044897e+07
1.242262192488311976e+07,-3.203318174888275098e+06,-1.556328343089073338e+07
1.434605372926775180e+07,-1.137977181007556152e+06,-1.413101274511368386e+07
1.591623815115332603e+07,9.553418642356421333e+05,-1.235085377522837557e+07
1.709453207911284268e+07,3.025109748353909235e+06,-1.026663442378887162e+07
1.785193751907184348e+07,5.020378613458995707e+06,-7.929663478100263514e+06
1.816981442887869105e+07,6.892035009739970788e+06,-5.397468362848027609e+06
1.804033902307556570e+07,8.594007874582048506e+06,-2.732380074994593393e+06
1.746669624673395231e+07,1.008440177990525961e+07,-1.706918073314585693e-08
1.646300162827400491e+07,1.132652759755304642e+07,2.732413763699701987e+06
1.505395436712435447e+07,1.228980523090767302e+07,5.397600937020128593e+06
1.327423012677554414e+07,1.295051619220344722e+07,7.929953782836819999e+06
1.116762841681886092e+07,1.329238749124680646e+07,1.026713132788008451e+07
8.785995497090691701e+06,1.330699245062607527e+07,1.235159337792288885e+07
6.187949267648584209e+06,1.299395856836345047e+07,1.413201658943189494e+07
3.437437483338007703e+06,1.236097729864731804e+07,1.556455776347941346e+07
6.021647291120290756e+05,1.142361549385720864e+07,1.661393328811181523e+07
-2.248073185893188231e+06,1.020493312651557289e+07,1.725428817832347378e+07
-5.043106488809994422e+06,8.734916666598597541e+06,1.746983333319748938e+07
-7.714118167122641578e+06,7.049742012731472962e+06,1.725523531962046400e+07
-1.019533773376554810e+07,5.190885055169080384e+06,1.661574906035664491e+07
-1.242566041356155649e+07,3.204101684687018860e+06,1.556709010397348553e+07
-1.435015194738608785e+07,1.138302265437652357e+06,1.413504953275984712e+07
-1.592140199453781359e+07,-9.556518140941780293e+05,1.235486086999270692e+07
-1.710069279915734380e+07,-3.026199971483786590e+06,1.027033442915819399e+07
-1.785895428612993658e+07,-5.022351890994516201e+06,7.932780260321732610e+06
-1.817748196008852124e+07,-6.894943399021899328e+06,5.399746055737628601e+06
-1.804839977630293742e+07,-8.597847834386596456e+06,2.733600952355823945e+06
-1.747485639762138203e+07,-1.008911304521695152e+07,-2.911985989278541941e-07
-1.647094979986510985e+07,-1.133199593114815466e+07,-2.733732945580339525e+06
-1.506138188085512444e+07,-1.229586893316641264e+07,-5.400264074830431491e+06
-1.328085140329098143e+07,-1.295697599800091051e+07,-7.933909297865166329e+06
-1.117320009211527929e+07,-1.329901923652474396e+07,-1.027225373344865255e+07
-8.790332849540529773e+06,-1.331356166823182628e+07,-1.235769094692478329e+07
-6.190938687007847242e+06,-1.300023599398742802e+07,-1.413884381476046704e+07
-3.439043956384998746e+06,-1.236675415334347263e+07,-1.557183179905445315e+07
-6.024336610367101384e+05,-1.142871737836924195e+07,-1.662135321300121024e+07
2.249020070255081635e+06,-1.020923142590123788e+07,-1.726155565331381559e+07
5.045080945255709812e+06,-8.738336525480054319e+06,-1.747667305096032843e+07
7.716880231680558994e+06,-7.052266195292638615e+06,-1.726141361153626069e+07
1.019861437245529704e+07,-5.192553332890933380e+06,-1.662108912928377278e+07
1.242916650913125649e+07,-3.205005772385366261e+06,-1.557148260335246101e+07
1.435361187008670904e+07,-1.138576718130501220e+06,-1.413845759275299124e+07
1.592456992011946812e+07,9.558419627901175991e+05,-1.235731915097980201e+07
1.710337002565483376e+07,3.026673743093370926e+06,-1.027194231790273078e+07
1.786100206071754172e+07,5.022927772673319094e+06,-7.933689862617614679e+06
1.817882873789618537e+07,6.895454248476929031e+06,-5.400146125349301845e+06
1.804904235653577745e+07,8.598153945018542930e+06,-2.733698277213514317e+06
1.747485496625597775e+07,1.008911221881761961e+07,1.028090537347607001e-07
1.647041749130304717e+07,1.133162970342390053e+07,2.733644596731849480e+06
1.506046999110478535e+07,1.229512448110107146e+07,5.399937116421665996e+06
1.327973178788929246e+07,1.295588368626212701e+07,7.933240445637319237e+06
1.117204652115083858e+07,1.329764618651953153e+07,1.027119318020070530e+07
8.789303146028917283e+06,1.331200211167885736e+07,1.235624336149475537e+07
6.190159342810944654e+06,1.299859946373104304e+07,1.413706395124869980e+07
3.438598622569240164e+06,1.236515273914656974e+07,1.556981534815648571e+07
6.023564872614662163e+05,1.142725332128625177e+07,1.661922396182658523e+07
-2.248745765841533896e+06,1.020798624482006952e+07,1.725945032710156217e+07
-5.044518698610628955e+06,8.737362685724824667e+06,1.747472537144964933e+07
-7.716131644682175480e+06,7.051582080129222944e+06,1.725973914343359694e+07
-1.019780645624806732e+07,5.192141987992013805e+06,1.661977243597580306e+07
-1.242843652174147218e+07,3.204817536609467585e+06,1.557056806206461787e+07
-1.435309132982236147e+07,1.138535427128205542e+06,1.413794485515663400e+07
-1.592436959480393864e+07,-9.558299386450300226e+05,1.235716370038517006e+07
-1.710356758174896985e+07,-3.026708703328771982e+06,1.027206096614542603e+07
-1.786163372359729558e+07,-5.023105410916050896e+06,7.933970441354012117e+06
-1.817988581156396493e+07,-6.895855209573837928e+06,5.400460136353909038e+06
-1.805047284543332458e+07,-8.598835397448210046e+06,2.733914938294611871e+06
-1.747656991538031027e+07,-1.009010234515640885e+07,-4.111251256640437616e-07
-1.647230109842081368e+07,-1.133292562311593816e+07,-2.733957224655170925e+06
-1.506239212089821137e+07,-1.229669367682312615e+07,-5.400626296773796901e+06
-1.328156128639261052e+07,-1.295766856943562254e+07,-7.934333378217504360e+06
-1.117366371410019882e+07,-1.329957106748153828e+07,-1.027267997146715410e+07
-8.790610100196031854e+06,-1.331398158335496485e+07,-1.235808071349861473e+07
-6.191086838023593649e+06,-1.300054709352599271e+07,-1.413918216152508184e+07
-3.439109264456508216e+06,-1.236698900025913119e+07,-1.557212751097894087e+07
-6.024439130162788788e+05,-1.142891186778818071e+07,-1.662163606865486503e+07
2.249061151527967304e+06,-1.020941791077361256e+07,-1.726187095804831386e+07
5.045196641005443409e+06,-8.738536916396537796e+06,-1.747707383279343322e+07
7.717120554943911731e+06,-7.052485820785559714e+06,-1.726195117582682520e+07
1.019905234811732545e+07,-5.192776325142540969e+06,-1.662180291571073979e+07
1.242989114588399604e+07,-3.205192628436599858e+06,-1.557239044126569852e+07
1.435471834744683653e+07,-1.138664487632100238e+06,-1.413954748450797237e+07
1.592614785877217166e+07,9.559366755510633811e+05,-1.235854361679759435e+07
1.710549097266608849e+07,3.027049073488312773e+06,-1.027321611630174331e+07
1.786370746807669103e+07,5.023688595930373296e+06,-7.934891579232645221e+06
1.818211972280944511e+07,6.896702559698207304e+06,-5.401123735055739060e+06
1.805287240083407983e+07,8.599978491154784337e+06,-2.734278373669104185e+06
1.747912645384777710e+07,1.009157836332866922e+07,2.227496960312373725e-07
1.647498262529527210e+07,1.133477051075164974e+07,2.734402285714528523e+06
1.506513621691527404e+07,1.229893391249545664e+07,5.401610193421563134e+06
1.328427142093360052e+07,1.296031261288814433e+07,7.935952398036115803e+06
1.117620988362755254e+07,1.330260167261188477e+07,1.027502083166963793e+07
8.792834195509565994e+06,1.331735012816700153e+07,1.236120740767470933e+07
6.192812554070772603e+06,1.300417089227603376e+07,1.414312334571356885e+07
3.440155777502427809e+06,1.237075224659127556e+07,1.557686607359400019e+07
6.026420363663233584e+05,1.143267044889635220e+07,1.662710236046290398e+07
-2.249851995937797241e+06,1.021300788033636101e+07,1.726794080374179408e+07
-5.047072484447176568e+06,8.741785972545100376e+06,1.748357194509034231e+07
-7.720119800940671004e+06,7.055226757604777813e+06,1.726866000428104401e+07
-1.020314713538443856e+07,5.194861157502233051e+06,1.662847635404669307e+07
-1.243498431871792488e+07,3.206505962546550203e+06,1.557877125949067250e+07
-1.436064663528894447e+07,1.139134739341679029e+06,1.414538690994426049e+07
-1.593269122913932241e+07,-9.563294288879736559e+05,1.236362121175620332e+07
-1.711238747993307188e+07,-3.028269504165795632e+06,1.027735802077611163e+07
-1.787067234522598609e+07,-5.025647280821076594e+06,7.937985312442559749e+06
-1.818886701667964831e+07,-6.899261891592008993e+06,5.403128065113435499e+06
-1.805913717959121242e+07,-8.602962889502622187e+06,2.735227233700113371e+06
-1.748468554452183470e+07,-1.009478790582599118e+07,-5.312696908170374516e-07
-1.647967197187228315e+07,-1.133799677620530874e+07,-2.735180590632173698e+06
-1.506886326737334579e+07,-1.230197661629913375e+07,-5.402946528749205172e+06
-1.328702141713023186e+07,-1.296299554590507410e+07,-7.937595230994476005e+06
-1.117804549171438441e+07,-1.330478652449494600e+07,-1.027670842625964619e+07
-8.793888520099416375e+06,-1.331894697503086552e+07,-1.236268960609185882e+07
-6.193276171326861717e+06,-1.300514443345331401e+07,-1.414418215315808170e+07
-3.440258950558030047e+06,-1.237112325546283275e+07,-1.557733323641419969e+07
-6.026337012739458587e+05,-1.143251232456920855e+07,-1.662687239237392880e+07
2.249726591284279246e+06,-1.021243861679604277e+07,-1.726697830481561273e+07
5.046593457151874900e+06,-8.740956272930711508e+06,-1.748191254586192220e+07
7.719111609922585078e+06,-7.054305396740620956e+06,-1.726640484395127743e+07
1.020149307232761942e+07,-5.194019002840567380e+06,-1.662578066142752767e+07
1.243263520731890574e+07,-3.205900216731503140e+06,-1.557582825062023476e+07
1.435762308317215741e+07,-1.138894901029136498e+06,-1.414240867953264154e+07
1.592907945591790974e+07,9.561126390832255129e+05,-1.236081850910122320e+07
1.710832935735180974e+07,3.027551364229236729e+06,-1.027492079343390651e+07
1.786635077820603177e+07,5.024431956007349305e+06,-7.936065712839712389e+06
1.818448813481231406e+07,6.897600927620179951e+06,-5.401827288133894093e+06
1.805491098437005281e+07,8.600949626061957330e+06,-2.734587136438233312e+06
1.748080667544173077e+07,1.009254843971798569e+07,-1.541362603794720985e-07
1.647630213814193569e+07,1.133567833418579213e+07,2.734621289219910279e+06
1.506611667199214734e+07,1.229973434018599987e+07,5.401961735953062773e+06
1.328495421111223102e+07,1.296097875210534967e+07,7.936360293221774511e+06
1.117664996709136851e+07,1.330312548659519479e+07,1.027542542918515392e+07
8.793092405283631757e+06,1.331774120456997305e+07,1.236157040605532005e+07
6.192947047148157842e+06,1.300445331176422164e+07,1.414343050052420236e+07
3.440213469879353419e+06,1.237095970757532306e+07,1.557712730200604908e+07
6.026509753964956617e+05,1.143284003046472557e+07,1.662734899138825014e+07
-2.249888376736310311e+06,1.021317302781325765e+07,1.726822003165286034e+07
-5.047178409170514904e+06,8.741969439548566937e+06,1.748393887909684330e+07
-7.720346914022360928e+06,7.055434310639039613e+06,1.726916801953071356e+07
-1.020357073317968287e+07,5.195076829363876954e+06,1.662916670829082467e+07
-1.243569618408058584e+07,3.206689525345665868e+06,1.557966309717748687e+07
-1.436174500338637456e+07,1.139221865589719731e+06,1.414646881399140134e+07
-1.593426876911479980e+07,-9.564241177188490983e+05,1.236484536820413545e+07
-1.711451845058385283e+07,-3.028646608379534446e+06,1.027863783917379566e+07
-1.787340023804385215e+07,-5.026414427510302514e+06,7.939197016887796111e+06
-1.819219401401903108e+07,-6.900523862770948559e+06,5.404116372559253126e+06
-1.806301662491805851e+07,-8.604810969167126343e+06,2.735814812408996746e+06
-1.748901835775551200e+07,-1.009728945671222173e+07,3.427508778151698180e-07
-1.648430757566391490e+07,-1.134118606668004580e+07,-2.735949975698846858e+06
-1.507360516002567112e+07,-1.230584782088082284e+07,-5.404646736122806557e+06
-1.329163708378902450e+07,-1.296749865194083005e+07,-7.940352605466195382e+06
-1.118227993442112021e+07,-1.330982661458000168e+07,-1.028060142643232830e+07
-8.797480351881733164e+06,-1.332438705048185401e+07,-1.236773910169838183e+07
-6.195974989347263239e+06,-1.301081163077822141e+07,-1.415034570417958312e+07
-3.441842594405365642e+06,-1.237681801667444408e+07,-1.558450390242927708e+07
-6.029240148470186396e+05,-1.143801983849117346e+07,-1.663488224432737939e+07
2.250850756756644230e+06,-1.021754166839560866e+07,-1.727560643807208911e+07
5.049187059600894339e+06,-8.745448524147918448e+06,-1.749089704829590023e+07
7.723158842965524644e+06,-7.058004063030714169e+06,-1.727545785001664236e+07
1.020690782721286453e+07,-5.196775887501743622e+06,-1.663460530370533280e+07
1.243926651197887585e+07,-3.207610176099597942e+06,-1.558413606796836853e+07
1.436526493681301549e+07,-1.139501078534774249e+06,-1.414993598517637514e+07
1.593748404248049296e+07,9.566171083752994891e+05,-1.236734039063426293e+07
1.711722234489129856e+07,3.029125099220815580e+06,-1.028026174407167174e+07
1.787544731285630167e+07,5.026990112395840697e+06,-7.940106308350074105e+06
1.819350821078846231e+07,6.901022353836075403e+06,-5.404506763749934733e+06
1.806359308713815361e+07,8.605085582679437473e+06,-2.735902123067948036e+06
1.748891890802416205e+07,1.009723203938293085e+07,-3.422509648937903707e-08
1.648365039454337023e+07,1.134073392676915973e+07,2.735840901377302594e+06
1.507254976304713823e+07,1.230498621183121949e+07,5.404268323143362999e+06
1.329036613119885139e+07,1.296625869361944683e+07,7.939593345214659348e+06
1.118097968720499985e+07,1.330827898161959648e+07,1.027940602411207557e+07
8.796321679039929062e+06,1.332263216103760526e+07,1.236611020764769055e+07
6.195096729721268639e+06,1.300896738986769132e+07,1.414833993796072528e+07
3.441338798889657948e+06,1.237500637501835637e+07,1.558222273966005817e+07
6.028361785184434848e+05,1.143635350302882306e+07,1.663245880962592922e+07
-2.250535865190928336e+06,1.021611224546214193e+07,1.727318959957654774e+07
-5.048533894504513592e+06,8.744317209015691653e+06,1.748863441803122684e+07
-7.722274345686402172e+06,7.057195742818697356e+06,1.727347937258531898e+07
-1.020592839414971881e+07,5.196277215992633253e+06,1.663300908252767846e+07
-1.243834206344617903e+07,3.207371796247108374e+06,1.558297790227559954e+07
-1.436454183224499039e+07,1.139443719451136887e+06,1.414922371962541901e+07
-1.593708873611547612e+07,-9.565933808642798103e+05,1.236703363654640689e+07
-1.711724758613333106e+07,-3.029129566001220141e+06,1.028027690345749259e+07
-1.787594237884523347e+07,-5.027129336427018978e+06,7.940326212026711553e+06
-1.819447415834097937e+07,-6.901388749672081321e+06,5.404793705114656128e+06
-1.806498339437770844e+07,-8.605747893478997052e+06,2.736112698256634176e+06
-1.749064522439850122e+07,-1.009822872860623524e+07,2.227882247078762219e-07
-1.648559251924466528e+07,-1.134207010649603233e+07,-2.736163241639469285e+06
-1.507456850321376510e+07,-1.230663427870212682e+07,-5.404992143181312829e+06
-1.329231741187906638e+07,-1.296816238911115564e+07,-7.940759029813243076e+06
-1.118272822383606248e+07,-1.331036019578369521e+07,-1.028101356821627915e+07
-8.797752678841089830e+06,-1.332479950832925923e+07,-1.236812194640490785e+07
-6.196124428485749289e+06,-1.301112543522156775e+07,-1.415068699275435321e+07
-3.441911107674960047e+06,-1.237706438943776116e+07,-1.558481412734228559e+07
-6.029352389931095531e+05,-1.143823277080751210e+07,-1.663519192240623757e+07
2.250896914678442292e+06,-1.021775119827513956e+07,-1.727596070682425052e+07
5.049317225167956203e+06,-8.745673977523187175e+06,-1.749134795504657924e+07
7.723425809680047445e+06,-7.058248037315421738e+06,-1.727605501140044257e+07
1.020738677561222762e+07,-5.197019740736805834e+06,-1.663538586503872089e+07
1.244004793725936487e+07,-3.207811675736259669e+06,-1.558511505156720057e+07
1.436644479494228028e+07,-1.139594668845924316e+06,-1.415109815775590949e+07
1.593915197496890090e+07,9.567172228445073124e+05,-1.236863469083720632e+07
1.711944911297705770e+07,3.029519156092639547e+06,-1.028159909649374150e+07
1.787827272707546130e+07,5.027784684363792650e+06,-7.941361330888591707e+06
1.819693085913554206e+07,6.902320606623544358e+06,-5.405523484985047020e+06
1.806756303924090043e+07,8.606976777716556564e+06,-2.736503409884560388e+06
1.749333431522068754e+07,1.009978127591683716e+07,8.577924778388228610e-08
1.648835854561284743e+07,1.134397312969348952e+07,2.736622327333270572e+06
1.507735273188632354e+07,1.230890727802661061e+07,5.405990429407180287e+06
1.329503071389407851e+07,1.297080952279400453e+07,7.942379941863930784e+06
1.118525091813433543e+07,1.331336285927559249e+07,1.028333284610583447e+07
8.799938880286362022e+06,1.332811066027981415e+07,1.237119536834169365e+07
6.197810815381621942e+06,1.301466664742373861e+07,1.415453835716517456e+07
3.442929441807332449e+06,1.238072630479007401e+07,1.558942509714235365e+07
6.031274539111979539e+05,1.144187926355608366e+07,1.664049519852719642e+07
-2.251662628852343652e+06,1.022122709131541848e+07,1.728183767431130260e+07
-5.051131120215117931e+06,8.748815735905192792e+06,1.749763147181022540e+07
-7.726323842387320474e+06,7.060896477809138596e+06,1.728253744208651409e+07
-1.021134200922937691e+07,5.199033520329548977e+06,1.664183186721818708e+07
-1.244496726072699577e+07,3.209080180756146088e+06,1.559127806818965636e+07
-1.437217160268202797e+07,1.140048938476459123e+06,1.415673912318662740e+07
-1.594547483190336637e+07,-9.570967402830686187e+05,1.237354116940910928e+07
-1.712611579975420237e+07,-3.030698916911334265e+06,1.028560297537417896e+07
-1.788500848919962719e+07,-5.029678936798589304e+06,7.944353293349775486e+06
-1.820345923390275985e+07,-6.904796899798255414e+06,5.407462783616821282e+06
-1.807362735275651142e+07,-8.609865678975233808e+06,2.737421907557580620e+06
-1.749871785688900575e+07,-1.010288946514810994e+07,1.028411315655471431e-07
-1.649290154312562943e+07,-1.134709870714672841e+07,-2.737376342257728335e+06
-1.508096455038352683e+07,-1.231185590831840597e+07,-5.407285448272912763e+06
-1.329769615196761303e+07,-1.297340995977637917e+07,-7.943972260253596120e+06
-1.118703002302999794e+07,-1.331548045763899200e+07,-1.028496849361529388e+07
-8.800960299055350944e+06,-1.332965766902273707e+07,-1.237263130685388297e+07
-6.198259282769162208e+06,-1.301560837567723542e+07,-1.415556256539504230e+07
-3.443028529357237276e+06,-1.238108262223768979e+07,-1.558987376097858883e+07
-6.031191279359314358e+05,-1.144172131219197996e+07,-1.664026548198697902e+07
2.251539797749062534e+06,-1.022066951018046960e+07,-1.728089492775306851e+07
5.050663104262219742e+06,-8.748005108495017514e+06,-1.749601021699037775e+07
7.725339687438093126e+06,-7.059997082915245555e+06,-1.728033604655838385e+07
1.020972800746534951e+07,-5.198211762595341541e+06,-1.663920146408762969e+07
1.244267548946250603e+07,-3.208489220764779486e+06,-1.558840689606766775e+07
1.436922217983672395e+07,-1.139814980347190052e+06,-1.415383391088218801e+07
1.594195189897233993e+07,9.568852829474514583e+05,-1.237080740599878505e+07
1.712215784328154102e+07,3.029998502729434520e+06,-1.028322590579503216e+07
1.788079409667121246e+07,5.028493751935765147e+06,-7.942481299652441405e+06
1.819918971577807516e+07,6.903177418844972737e+06,-5.406194493888848461e+06
1.806950783673410863e+07,8.607903235082527623e+06,-2.736797967869942542e+06
1.749493847959140688e+07,1.010070744064817578e+07,2.058111042768769081e-07
1.648962025194900297e+07,1.134484118230992928e+07,2.736831736518702935e+06
1.507829281390259042e+07,1.230967474580217525e+07,5.406327496163749136e+06
1.329568859568397328e+07,1.297145136105412804e+07,7.942772956911827438e+06
1.118567868629932404e+07,1.331387201484550163e+07,1.028372612136248685e+07
8.800193873221758753e+06,1.332849686456052959e+07,1.237155384440257400e+07
6.197947354515208863e+06,1.301495336338929832e+07,1.415485018475492671e+07
3.442990527325191535e+06,1.238094596745927259e+07,1.558970168953611143e+07
6.031373593339396175e+05,1.144206717848473601e+07,1.664076849257244356e+07
-2.251703926797038876e+06,1.022141455975393392e+07,1.728215464203837886e+07
-5.051250858133741654e+06,8.749023128062991425e+06,1.749804625612625107e+07
-7.726576147090349346e+06,7.061127052844523452e+06,1.728310180692191049e+07
-1.021180407371439412e+07,5.199268777237653732e+06,1.664258491216271184e+07
-1.244573214033120684e+07,3.209277413897183724e+06,1.559223632306929491e+07
-1.437333814793779328e+07,1.140141472765352810e+06,1.415788818244612031e+07
-1.594713563513942994e+07,-9.571964268321265699e+05,1.237482993737863749e+07
-1.712834431231299043e+07,-3.031093282491866965e+06,1.028694137549194321e+07
-1.788784662847494334e+07,-5.030477087346685119e+06,7.945613968239534646e+06
-1.820690682030960172e+07,-6.906104611900369637e+06,5.408486912874187343e+06
-1.807763459055120125e+07,-8.611774636069037020e+06,2.738028841646083165e+06
-1.750318181006264687e+07,-1.010546672971464135e+07,-1.721317724658460874e-08
-1.649766718792951293e+07,-1.135037746569913067e+07,-2.738167310620757286e+06
-1.508583054932948388e+07,-1.231582843127434328e+07,-5.409030154004829004e+06
-1.330242504024336487e+07,-1.297802352633250132e+07,-7.946797272709764540e+06
-1.119136207533240505e+07,-1.332063672857567854e+07,-1.028895123267591745e+07
-8.804629997382268310e+06,-1.333521567869211547e+07,-1.237779026938261278e+07
-6.201013065036411397e+06,-1.302139099139378220e+07,-1.416185164356993325e+07
-3.444642383043709211e+06,-1.238688601760826260e+07,-1.559718121574397199e+07
-6.034146031280177413e+05,-1.144732674675259367e+07,-1.664841774480536766e+07
2.252682458323297091e+06,-1.022585651869313605e+07,-1.728966501360732689e+07
5.053295806822882034e+06,-8.752565083092177287e+06,-1.750513016618425399e+07
7.729442096365159377e+06,-7.063746173082699068e+06,-1.728951247215711698e+07
1.021520832810341381e+07,-5.201002029601789080e+06,-1.664813296149059758e+07
1.244937633486901037e+07,-3.210217112027159892e+06,-1.559680183531032689e+07
1.437693090665537678e+07,-1.140426462457767222e+06,-1.416142708730384335e+07
1.595041435840425268e+07,9.573932259480858920e+05,-1.237737419634436816e+07
1.713109421107606590e+07,3.031579914446474519e+06,-1.028859290974669158e+07
1.788991534443480894e+07,5.031058858223886229e+06,-7.946532872497300617e+06
1.820821335997242481e+07,6.906600198530096561e+06,-5.408875029468652792e+06
1.807817182345741615e+07,8.612030561626981944e+06,-2.738110210653688293e+06
1.750301238688376546e+07,1.010536891319691204e+07,3.259854674565047975e-07
1.649691336002320051e+07,1.134985883290215209e+07,2.738042195541742258e+06
1.508465895248007961e+07,1.231487195852744952e+07,5.408610077518593520e+06
1.330102797866488434e+07,1.297666053439834528e+07,7.945962675626589917e+06
1.118993715805305913e+07,1.331894070575741492e+07,1.028764121301113442e+07
8.803360104981984943e+06,1.333329233960191533e+07,1.237600501982603408e+07
6.200048551132595167e+06,1.301936562674261257e+07,1.415964889013648033e+07
3.444087155216353014e+06,1.238488942607774027e+07,1.559466716985156573e+07
6.033173171392871300e+05,1.144548114260002971e+07,1.664573359071418829e+07
-2.252331368232066277e+06,1.022426277569391765e+07,1.728697034617040679e+07
-5.052561093713503331e+06,8.751292522656744346e+06,1.750258504531389475e+07
-7.728435050667759031e+06,7.062825858898621984e+06,1.728725987372436002e+07
-1.021407343940651231e+07,5.200424208942224272e+06,1.664628338805926405e+07
-1.244827468903187290e+07,3.209933039779833052e+06,1.559542167365817912e+07
-1.437602212079797126e+07,1.140354374510011170e+06,1.416053192374309525e+07
-1.594983903328167833e+07,-9.573586931538337376e+05,1.237692774936415628e+07
-1.713095881446012110e+07,-3.031555954175003339e+06,1.028851159324449860e+07
-1.789028113730363548e+07,-5.031161727657921612e+06,7.946695354264063761e+06
-1.820909047991144657e+07,-6.906932900955284014e+06,5.409135583979755640e+06
-1.807951901280099899e+07,-8.612672332040278241e+06,2.738314255229490343e+06
-1.750474217928515747e+07,-1.010636760930537246e+07,-1.373059604350466692e-07
-1.649890190760545246e+07,-1.135122695152206346e+07,-2.738372240749242250e+06
-1.508675916688496247e+07,-1.231658653965034150e+07,-5.409363110174908303e+06
-1.330308433646507747e+07,-1.297866674453193881e+07,-7.947191132731853053e+06
-1.119180041739559919e+07,-1.332115846983942948e+07,-1.028935422920887358e+07
-8.804900299659024924e+06,-1.333562507001975365e+07,-1.237817026773534901e+07
-6.201164941768970340e+06,-1.302170991449519061e+07,-1.416219849911340512e+07
-3.444714271697193850e+06,-1.238714452820502594e+07,-1.559750672423895448e+07
-6.034267516306260368e+05,-1.144755721495415084e+07,-1.664875292619597912e+07
2.252733238818312995e+06,-1.022608703234122880e+07,-1.729005476127801463e+07
5.053438830575870350e+06,-8.752812807497326285e+06,-1.750562561499541253e+07
7.729732361228588037e+06,-7.064011438969149254e+06,-1.729016174773242325e+07
1.021572268473792821e+07,-5.201263910692304373e+06,-1.664897122903861664e+07
1.245020638010034151e+07,-3.210431148886085488e+06,-1.559784173085511476e+07
1.437817310062101856e+07,-1.140524997456283309e+06,-1.416265066133258305e+07
1.595215821906418353e+07,9.574978978608706966e+05,-1.237872741610699892e+07
1.713340971593591571e+07,3.031989674496477470e+06,-1.028998355570290610e+07
1.789284083075950667e+07,5.031881572787451558e+06,-7.947832346128011122e+06
1.821174523795021325e+07,6.907939883465798572e+06,-5.409924198116458952e+06
1.808225729466351122e+07,8.613976787341881543e+06,-2.738728993932251818e+06
1.750754610407808423e+07,1.010798645603956096e+07,4.461803908241612851e-07
1.650173860140858404e+07,1.135317859383989684e+07,2.738843055329226889e+06
1.508957345413985662e+07,1.231888407831529342e+07,5.410372173916525207e+06
1.330579412104407325e+07,1.298131044655656070e+07,7.948809943485480733e+06
1.119429578385974094e+07,1.332412860608766042e+07,1.029164838283192180e+07
8.807046900013258681e+06,1.333887624340266734e+07,1.238118801737152971e+07
6.202811677849136293e+06,1.302516786469432153e+07,1.416595930913335271e+07
3.445704709405347239e+06,1.239070612840382010e+07,1.560199138032101654e+07
6.036131838706200942e+05,1.145109400501508825e+07,1.665389665623146109e+07
-2.253474562498691957e+06,1.022945220685033314e+07,1.729574452818130702e+07
-5.055193017380530946e+06,8.755851148169690743e+06,1.751170229633978009e+07
-7.732533468218339607e+06,7.066571301444958895e+06,1.729642737125798315e+07
-1.021954514920363203e+07,5.203210091798915528e+06,1.665520085203074478e+07
-1.245496147906631790e+07,3.211657306699874345e+06,1.560379900407806784e+07
-1.438371112046406232e+07,1.140964291796974372e+06,1.416810566871406697e+07
-1.595827641884793341e+07,-9.578651311438282719e+05,1.238347508262106590e+07
-1.713986555194061249e+07,-3.033132122406424023e+06,1.029386080182112381e+07
-1.789936934468209743e+07,-5.033717542224237695e+06,7.950732250878755935e+06
-1.821807905949370936e+07,-6.910342380199703388e+06,5.411805703375305980e+06
-1.808814741941825300e+07,-8.616782709030762315e+06,2.739621109068489634e+06
-1.751278150849406794e+07,-1.011100911818864942e+07,-2.575154228395856307e-07
-1.650616285509688221e+07,-1.135622247566793114e+07,-2.739577361984916497e+06
-1.509309677115929686e+07,-1.232176045742987655e+07,-5.411635460543977097e+06
-1.330839972206855565e+07,-1.298385250571430475e+07,-7.950366515542769805e+06
-1.119603997378251702e+07,-1.332620464653742872e+07,-1.029325193072442338e+07
-8.808052845709845424e+06,-1.334039981711636484e+07,-1.238260220341400616e+07
-6.203257444433039054e+06,-1.302610392158047296e+07,-1.416697734927647002e+07
-3.445806630474885460e+06,-1.239107263515261561e+07,-1.560245287420880981e+07
-6.036060620278040878e+05,-1.145095889714452252e+07,-1.665370016212226264e+07
2.253358632560439873e+06,-1.022892595295907184e+07,-1.729485474907298759e+07
5.054745259296694770e+06,-8.755075608419422060e+06,-1.751015121683902293e+07
7.731586540885909460e+06,-7.065705927950336598e+06,-1.729430924789062515e+07
1.021798706868503056e+07,-5.202416805976735428e+06,-1.665266158598722145e+07
1.245274409264671244e+07,-3.211085527710134629e+06,-1.560102102262384817e+07
1.438085248252519034e+07,-1.140737535030688858e+06,-1.416528988048935495e+07
1.595485705814171024e+07,9.576598905329504050e+05,-1.238082169030039385e+07
1.713601920590788871e+07,3.032451459207699168e+06,-1.029155076324271969e+07
1.789526921192413568e+07,5.032564489857846871e+06,-7.948911010301055387e+06
1.821392095276567340e+07,6.908765158965097740e+06,-5.410570509169086814e+06
1.808413137551630288e+07,8.614869556906418875e+06,-2.739012841212713625e+06
1.750909343455754593e+07,1.010887980770815350e+07,6.870255905633080604e-08
1.650295768565681204e+07,1.135401732250450738e+07,2.739045390398319811e+06
1.509048440596485138e+07,1.231962776467424817e+07,5.410698796032883227e+06
1.330643474486242794e+07,1.298193544770946726e+07,7.949192648713435978e+06
1.119471584376375191e+07,1.332462858681879565e+07,1.029203457138063386e+07
8.807300930277103558e+06,1.333926098965197988e+07,1.238154514008332603e+07
6.202950937430651858e+06,1.302546029327603616e+07,1.416627734967061132e+07
3.445769084315870423e+06,1.239093761968726479e+07,1.560228286693830602e+07
6.036239585013255710e+05,1.145129840960703231e+07,1.665419393201531842e+07
-2.253520135724834632e+06,1.022965908255864121e+07,1.729609430931549892e+07
-5.055324532464215532e+06,8.756078938977463171e+06,1.751215787795489281e+07
-7.732806973457717337e+06,7.066821251126951538e+06,1.729703915826626495e+07
-1.022003927889033407e+07,5.203461674479726702e+06,1.665600615491340682e+07
-1.245577022018149495e+07,3.211865850043871440e+06,1.560481220944489166e+07
-1.438493372194177471e+07,1.141061272653117543e+06,1.416930994393697940e+07
-1.596000531451067887e+07,-9.579689048117666971e+05,1.238481668968359195e+07
-1.714217345287715271e+07,-3.033540536838866305e+06,1.029524688101292029e+07
-1.790229682441275567e+07,-5.034540817380087450e+06,7.952032609961238690e+06
-1.822162398131814972e+07,-6.911687012827186845e+06,5.412858746788472869e+06
-1.809225743243725970e+07,-8.618740625907752663e+06,2.740243609436857980e+06
-1.751735057724167407e+07,-1.011364707125944458e+07,1.201126911565583726e-07
-1.651103241596339829e+07,-1.135957272836081684e+07,-2.740385577608573250e+06
-1.509806166708615609e+07,-1.232581371828349493e+07,-5.413415625824599527e+06
-1.331321860548851080e+07,-1.298855387273706682e+07,-7.953245290616910905e+06
-1.120044943572724797e+07,-1.333145305511565879e+07,-1.029730583753060549e+07
-8.811784172222210094e+06,-1.334605116689888202e+07,-1.238784780453790352e+07
-6.206054652933994308e+06,-1.303197772722948715e+07,-1.417336560412847623e+07
-3.447444317788216285e+06,-1.239696173591331206e+07,-1.560986824653305858e+07
-6.039056048326301388e+05,-1.145664149802838452e+07,-1.666196465176955611e+07
2.254515857353364583e+06,-1.023417907447644137e+07,-1.730373661741744727e+07
5.057408742864203639e+06,-8.759688897284056991e+06,-1.751937779456800222e+07
7.735732398410607129e+06,-7.069494724717955105e+06,-1.730358286097883433e+07
1.022351907367442176e+07,-5.205233387710347772e+06,-1.666167731544231996e+07
1.245949987595400587e+07,-3.212827585351229645e+06,-1.560948478905206732e+07
1.438861425513967872e+07,-1.141353224912419450e+06,-1.417293530757448822e+07
1.596336577479198948e+07,9.581706100359227275e+05,-1.238742437581902742e+07
1.714499080040227622e+07,3.034039104767885990e+06,-1.029693892364703305e+07
1.790441143148662895e+07,5.035135493902789429e+06,-7.952971898622181267e+06
1.822294939368119836e+07,6.912189758105193265e+06,-5.413252469648362137e+06
1.809278354892652482e+07,8.618991255857078359e+06,-2.740323294758412521e+06
1.751714002306057513e+07,1.011352550774651021e+07,-3.089566272981141742e-07
1.651021053133274429e+07,1.135900727261028811e+07,2.740249166951902676e+06
1.509680114234610833e+07,1.232478464624246396e+07,5.412963664210035466e+06
1.331172030017309077e+07,1.298709210606095195e+07,7.952350211068516597e+06
1.119892126955815963e+07,1.332963413921886496e+07,1.029590089440864697e+07
8.810420133713234216e+06,1.334398523707304336e+07,1.238593020180001110e+07
6.205015923412883654e+06,1.302979651859599166e+07,1.417099335733147524e+07
3.446844265267649665e+06,1.239480395540951751e+07,1.560715123650355078e+07
6.037999961192373885e+05,1.145463800416642800e+07,1.665905087080543302e+07
-2.254132597092323005e+06,1.023243929777880944e+07,1.730079503924867883e+07
-5.056600970358534716e+06,8.758289794264003634e+06,1.751657958852753788e+07
-7.734614729036255740e+06,7.068473314287959598e+06,1.730108281526262313e+07
-1.022224280838694610e+07,5.204583586145020090e+06,1.665959733493355848e+07
-1.245823582233988307e+07,3.212501634361298289e+06,1.560790116002559476e+07
-1.438753379506343603e+07,1.141267519189244602e+06,1.417187104311593249e+07
-1.596262223521877080e+07,-9.581259804898295552e+05,1.238684739597904496e+07
-1.714470314065814018e+07,-3.033988199467033148e+06,1.029676616095224209e+07
-1.790465197233650833e+07,-5.035203139564780518e+06,7.953078744615393691e+06
-1.822373681934857741e+07,-6.912488438385398127e+06,5.413486379859591834e+06
-1.809408177764946967e+07,-8.619609702542759478e+06,2.740519923783883918e+06
-1.751886284811143577e+07,-1.011452018125293590e+07,4.978509663988509120e-07
-1.651223127339316159e+07,-1.136039754099690728e+07,-2.740584555573015008e+06
-1.509896600920704752e+07,-1.232655200858711451e+07,-5.413739878029154614e+06
-1.331386378746414185e+07,-1.298918332088872232e+07,-7.953630718863433227e+06
-1.120088179437243938e+07,-1.333196767455317453e+07,-1.029770333311660029e+07
-8.812054179061057046e+06,-1.334646011076406948e+07,-1.238822738755440526e+07
-6.206209260371671058e+06,-1.303230238448543847e+07,-1.417371869604434818e+07
-3.447519261112124659e+06,-1.239723123106473498e+07,-1.561020758643761463e+07
-6.039185418670756044e+05,-1.145688692539336160e+07,-1.666232158901653998e+07
2.254570473170358222e+06,-1.023442699823459983e+07,-1.730415580173964798e+07
5.057562263284099288e+06,-8.759954802450174466e+06,-1.751990960490080714e+07
7.736041479005327448e+06,-7.069777185836383142e+06,-1.730427422430340201e+07
1.022406180444043316e+07,-5.205509715291507542e+06,-1.666256182544483431e+07
1.246036864847001992e+07,-3.213051608493172564e+06,-1.561057320283396170e+07
1.438990585832235217e+07,-1.141455679216644028e+06,-1.417420755019863509e+07
1.596516956798700057e+07,9.582788792847781442e+05,-1.238882410267580114e+07
1.714737609299324453e+07,3.034461214705503546e+06,-1.029837148272024840e+07
1.790741536431024596e+07,5.035980269440181553e+06,-7.954306217452608049e+06
1.822656664492649585e+07,6.913561826175274327e+06,-5.414326999013534747e+06
1.809695906797651574e+07,8.620980378320446238e+06,-2.740955716634145472e+06
1.752176573999579996e+07,1.011619616666467302e+07,3.091683604754911449e-07
1.651512662498912960e+07,1.136238953981308080e+07,2.741065105762275867e+06
1.510180201574842446e+07,1.232886727852679789e+07,5.414756729229019023e+06
1.331656495759777352e+07,1.299181861854570359e+07,7.955244383393233642e+06
1.120334736303167418e+07,1.333490234364987910e+07,1.029997009166838787e+07
8.814160593023331836e+06,1.334965041910335608e+07,1.239118864206111617e+07
6.207816835501313210e+06,1.303567810133884661e+07,1.417739007042340934e+07
3.448482545452883001e+06,1.240069518813268654e+07,1.561456929332937859e+07
6.040993990839147009e+05,1.146031795217407495e+07,1.666731150224352442e+07
-2.255288454088018276e+06,1.023768621030074544e+07,1.730966640955299512e+07
-5.059259671588363126e+06,8.762894799874786288e+06,1.752578959974981099e+07
-7.738750989348522387e+06,7.072253340400038287e+06,1.731033496093783155e+07
-1.022775962632051855e+07,5.207392435495338403e+06,1.666858831343740970e+07
-1.246497071911556832e+07,3.214238306167169940e+06,1.561633875943401642e+07
-1.439526949551217072e+07,1.141881140939190518e+06,1.417949078884551860e+07
-1.597110072347019240e+07,-9.586348855905389646e+05,1.239342662453939952e+07
-1.715364174639500305e+07,-3.035570007218544371e+06,1.030213450896791928e+07
-1.791376003997071460e+07,-5.037764539295995608e+06,7.957124462968740612e+06
-1.823273158240919933e+07,-6.915900263099840842e+06,5.416158336099445820e+06
-1.810270227954562008e+07,-8.623716313902640715e+06,2.741825580379007384e+06
-1.752688107590603083e+07,-1.011914950722897984e+07,-1.203082253284679056e-07
-1.651946004765902460e+07,-1.136537092999782227e+07,-2.741784336921432521e+06
-1.510526354496037960e+07,-1.233169321507319063e+07,-5.415997861815115437e+06
-1.331913515794275515e+07,-1.299432614032861218e+07,-7.956779807276033796e+06
-1.120507775778503902e+07,-1.333696196425312012e+07,-1.030156095675786026e+07
-8.815167951860675588e+06,-1.335117613311601058e+07,-1.239260481473587826e+07
-6.208271844138963148e+06,-1.303663356544214487e+07,-1.417842921753891371e+07
-3.448593874315210618e+06,-1.240109552516922541e+07,-1.561507338526146114e+07
-6.040946058011230780e+05,-1.146022701921318658e+07,-1.666717925390685536e+07
2.255183455792171881e+06,-1.023720957965009101e+07,-1.730886053238545358e+07
5.058840687524349429e+06,-8.762169098188500851e+06,-1.752433819637716562e+07
7.737853285780625418e+06,-7.071432951287726872e+06,-1.730832694317449629e+07
1.022627167085430585e+07,-5.206634853354001418e+06,-1.666616333299211599e+07
1.246284268500062265e+07,-3.213689567711808719e+06,-1.561367272014730796e+07
1.439251587091198377e+07,-1.141662714184764074e+06,-1.417677843985733762e+07
1.596779698588001728e+07,9.584365850373180583e+05,-1.239086295468870364e+07
1.714991563257500902e+07,3.034910620744374581e+06,-1.029989667945326492e+07
1.790977840709251538e+07,5.036644811842354946e+06,-7.955355858929020353e+06
1.822868418261830509e+07,6.914365034374018200e+06,-5.414956028150465339e+06
1.809878394524490833e+07,8.621849708413982764e+06,-2.741232111567062326e+06
1.752327384238099679e+07,1.011706686998214945e+07,-6.862804164050180436e-08
1.651631664520371519e+07,1.136320827245453186e+07,2.741262616987606511e+06
1.510269350232615508e+07,1.232959507377146930e+07,5.415076372072575614e+06
1.331719450506462529e+07,1.299243281346265972e+07,7.955620471669491380e+06
1.120376302401795238e+07,1.333539708852355927e+07,1.030035223600462265e+07
8.814414848663475364e+06,1.335003550669879280e+07,1.239154608161085099e+07
6.207958710770759732e+06,1.303597602255645208e+07,1.417771408466230333e+07
3.448549660109174903e+06,1.240093653149969131e+07,1.561487318538279645e+07
6.041108659210345941e+05,1.146053548855152167e+07,1.666762787623744830e+07
-2.255337359087514691e+06,1.023790821030434966e+07,1.731004176253041625e+07
-5.059400250052969903e+06,8.763138288918806240e+06,1.752627657783741504e+07
-7.739040678144602105e+06,7.072518079832971096e+06,1.731098294794382527e+07
-1.022827809640282579e+07,5.207656410919836722e+06,1.666943328483653627e+07
-1.246581261979981698e+07,3.214455400092463475e+06,1.561739350770197622e+07
-1.439653434540138580e+07,1.141981473081485368e+06,1.418073667919499427e+07
-1.597288081518897600e+07,-9.587417322036770638e+05,1.239480795926957764e+07
-1.715600922023221850e+07,-3.035988963885974605e+06,1.030355636645259894e+07
-1.791675445308092237e+07,-5.038606637668947689e+06,7.958454553232619539e+06
-1.823634932970698923e+07,-6.917272519328762777e+06,5.417233012820422649e+06
-1.810688910200322419e+07,-8.625710821053365245e+06,2.742459714262832887e+06
-1.753152863095572591e+07,-1.012183277438807860e+07,2.576608684182270352e-07
-1.652440714316502959e+07,-1.136877452644051053e+07,-2.742605421202812344e+06
-1.511030219276029989e+07,-1.233580668576569296e+07,-5.417804470858410001e+06
-1.332402113593208976e+07,-1.299909296570720710e+07,-7.959698664282830432e+06
-1.120954493084197491e+07,-1.334227906409331970e+07,-1.030566792116774991e+07
-8.818945238505560905e+06,-1.335689709266801365e+07,-1.239791502787203528e+07
-6.211101461601410992e+06,-1.304257542606084980e+07,-1.418489148786179535e+07
-3.450249370317631867e+06,-1.240704866572777368e+07,-1.562256939450532384e+07
-6.043971936146211810e+05,-1.146596738669570722e+07,-1.667552775639727898e+07
2.256351612723288126e+06,-1.024251232666140608e+07,-1.731782630648038164e+07
5.061527363723771647e+06,-8.766822557868245989e+06,-1.753364511573722959e+07
7.742032055091670714e+06,-7.075251825323387049e+06,-1.731767417460798845e+07
1.023184312103545479e+07,-5.209471518330757506e+06,-1.667524334784989245e+07
1.246964085469605029e+07,-3.215442555179141462e+06,-1.562218958900378644e+07
1.440031924919971079e+07,-1.142281704367057886e+06,-1.418446484896388091e+07
1.597634297045321204e+07,9.589495414753865916e+05,-1.239749455977233127e+07
1.715891705401962623e+07,3.036503544588721357e+06,-1.030530275332795270e+07
1.791894062160982564e+07,5.039221438931497745e+06,-7.959425628821775317e+06
1.823772131160575151e+07,6.917792929007088766e+06,-5.417640569481267594e+06
1.810743307007907331e+07,8.625969955092234537e+06,-2.742542103377067018e+06
1.753130630052597821e+07,1.012170441185482033e+07,5.498836854719846762e-07
1.652354596170008369e+07,1.136818203450840525e+07,2.742462488330563065e+06
1.510897987190175056e+07,1.233472716437149607e+07,5.417330352222575806e+06
1.332244606455635279e+07,1.299755630503866449e+07,7.958757725103728473e+06
1.120793439030770026e+07,1.334036210123825818e+07,1.030418724590166844e+07
8.817503528439681977e+06,1.335471352394494228e+07,1.239588823232972436e+07
6.210000020329082385e+06,1.304026253019805811e+07,1.418237602019021660e+07
3.449610745599997230e+06,1.240475218014003336e+07,1.561967773135267198e+07
6.042843178035586607e+05,1.146382602936873771e+07,1.667241347372667864e+07
-2.255939915263465606e+06,1.024064346177371033e+07,1.731466646869003400e+07
-5.060654304409495555e+06,8.765310374778332189e+06,1.753062074955718592e+07
-7.740814529569800012e+06,7.074139158827359788e+06,1.731495076683216915e+07
-1.023043797404521331e+07,5.208756097547056153e+06,1.667295332368489169e+07
-1.246822721913610399e+07,3.215078032737367786e+06,1.562041856103429385e+07
-1.439907885475261696e+07,1.142183312112455722e+06,1.418324304747978225e+07
-1.597544054757666215e+07,-9.588953752615606645e+05,1.239679428795667365e+07
-1.715848293710117787e+07,-3.036426721700672992e+06,1.030504203138043359e+07
-1.791905738054656982e+07,-5.039254274250697345e+06,7.959477492048315704e+06
-1.823841575014735013e+07,-6.918056338122738525e+06,5.417846857226186432e+06
-1.810867428629209846e+07,-8.626561242311796173e+06,2.742730097319302149e+06
-1.753300979357407615e+07,-1.012268792402457818e+07,-3.609206513125528920e-07
-1.652558308159550838e+07,-1.136958357082878053e+07,-2.742800595231136307e+06
-1.511119133178099245e+07,-1.233653256450306252e+07,-5.418123271984580904e+06
-1.332465783714745194e+07,-1.299971413991675712e+07,-7.960079026170029305e+06
-1.120997413413750753e+07,-1.334278992784159258e+07,-1.030606251583283953e+07
-8.819215744914542884e+06,-1.335730679316600785e+07,-1.239829531319766492e+07
-6.211258409341810271e+06,-1.304290499767741375e+07,-1.418524992455638759e+07
-3.450326656007761601e+06,-1.240732658399143256e+07,-1.562291934052981436e+07
-6.044107131847658893e+05,-1.146622386531477608e+07,-1.667590076603468508e+07
2.256409011134438217e+06,-1.024277288176493719e+07,-1.731826684761794657e+07
5.061688422133311629e+06,-8.767101519217425957e+06,-1.753420303843515366e+07
7.742354564058961347e+06,-7.075546558300155215e+06,-1.731839557503167912e+07
1.023240602310320735e+07,-5.209758115990380757e+06,-1.667616073182999715e+07
1.247053709179111570e+07,-3.215673660383614711e+06,-1.562331241090263799e+07
1.440164584101598710e+07,-1.142386934087461326e+06,-1.418577155575753376e+07
1.597818916973863542e+07,9.590603560692357132e+05,-1.239892719336353615e+07
1.716135170786311850e+07,3.036934389671419747e+06,-1.030676495778219216e+07
1.792200003726330027e+07,5.040081817526287399e+06,-7.960784592606684193e+06
1.824139895549693331e+07,6.919187904753947631e+06,-5.418733038896343671e+06
1.811167231129068136e+07,8.627989433346478269e+06,-2.743184176577229053e+06
1.753599715457849577e+07,1.012441267770485207e+07,1.719334755938785271e-07
1.652852642406508885e+07,1.137160858731526509e+07,2.743289110609673895e+06
1.511404199336212501e+07,1.233885979858053103e+07,5.419145377754398622e+06
1.332734646120239981e+07,1.300233719745218381e+07,7.961685195739915594e+06
1.121240844908759557e+07,1.334568739688282087e+07,1.030830054080709442e+07
8.821282210108608007e+06,1.336043659635648318e+07,1.240120040662893280e+07
6.212827909027055837e+06,1.304620076061903499e+07,1.418883434237016737e+07
3.451263868469913024e+06,1.241069678695053607e+07,1.562716299516749755e+07
6.045862633065094706e+05,1.146955421163290553e+07,1.668074425464681350e+07
-2.257104924070140813e+06,1.024593191814217530e+07,1.732360808046494052e+07
-5.063332491003619507e+06,8.769949130032090470e+06,1.753989826006440818e+07
-7.744978577592533082e+06,7.077944579441525973e+06,1.732426506912368536e+07
-1.023598832415368408e+07,5.211582019570386969e+06,1.668199895091341250e+07
-1.247499849781592563e+07,3.216824086042017210e+06,1.562890174034432322e+07
-1.440685077609019168e+07,1.142799807024188573e+06,1.419089847116193548e+07
-1.598395220400214568e+07,-9.594062712184373522e+05,1.240339925471482053e+07
-1.716744911611626297e+07,-3.038013408918884117e+06,1.031042693935505673e+07
-1.792818544011089206e+07,-5.041821296176319011e+06,7.963532090629843995e+06
-1.824742165614574030e+07,-6.921472389490159228e+06,5.420522123553283513e+06
-1.811729663721169904e+07,-8.630668734505418688e+06,2.744036033965579700e+06
-1.754102098760621622e+07,-1.012731318905531056e+07,1.712009885097488498e-08
-1.653279716431152821e+07,-1.137454685205834545e+07,-2.743997938178902492e+06
-1.511746844145606644e+07,-1.234165709546985105e+07,-5.420373931993803941e+06
-1.332990548944437876e+07,-1.300483381958095916e+07,-7.963213945466964506e+06
-1.121414582266393304e+07,-1.334775532410370559e+07,-1.030989782198504731e+07
-8.822307463317191228e+06,-1.336198941262151487e+07,-1.240264173570288904e+07
-6.213303726869666949e+06,-1.304719992157904245e+07,-1.418992101347090490e+07
-3.451390923305874225e+06,-1.241115367436984368e+07,-1.562773829358084500e+07
-6.045848705538108479e+05,-1.146952778983712755e+07,-1.668070582811236195e+07
2.257014666986764409e+06,-1.024552220394620299e+07,-1.732291534424391389e+07
5.062950253867579624e+06,-8.769287075892942026e+06,-1.753857415178560466e+07
7.744141204318468459e+06,-7.077179324694268405e+06,-1.732239200047500804e+07
1.023458346422193199e+07,-5.210866744939184748e+06,-1.667970939457726292e+07
1.247297323530231789e+07,-3.216301848445305135e+06,-1.562636445516336150e+07
1.440421458261629380e+07,-1.142590695301033091e+06,-1.418830179305951856e+07
1.598077413825598173e+07,9.592155138784418814e+05,-1.240093310505302995e+07
1.716384974588317052e+07,3.037376451444301754e+06,-1.030826522950744629e+07
1.792432441698622331e+07,5.040735486980391666e+06,-7.961817060313176364e+06
1.824348219509084150e+07,6.919978103259347379e+06,-5.419351879548261873e+06
1.811346833032192290e+07,8.628845016031106934e+06,-2.743456200657020323e+06
1.753748241936258972e+07,1.012527019572784565e+07,7.907091305121312457e-07
1.652969971465098485e+07,1.137241580998893268e+07,2.743483845167262945e+06
1.511492249086142890e+07,1.233957862251981534e+07,5.419461080460957251e+06
1.332797000603769161e+07,1.300294553612125665e+07,7.962057698076209985e+06
1.121282204063295573e+07,1.334617967858082056e+07,1.030868078256902099e+07
8.821537073416979983e+06,1.336082260430884175e+07,1.240155870045757666e+07
6.212971705908033997e+06,1.304650271699076146e+07,1.418916274517584033e+07
3.451332835729203653e+06,1.241094479225346632e+07,1.562747527572309785e+07
6.045981849023002433e+05,1.146978037519812211e+07,1.668107317558982782e+07
-2.257155988768431358e+06,1.024616372190964594e+07,1.732400000944202766e+07
-5.063478905222032219e+06,8.770202726896191016e+06,1.754040545379317924e+07
-7.745278654712489806e+06,7.078218812506799586e+06,1.732493629313064739e+07
-1.023652240524980985e+07,5.211853943232304417e+06,1.668286936420336924e+07
-1.247586167900276557e+07,3.217046667393485550e+06,1.562998314920739457e+07
-1.440814278332798555e+07,1.142902293379216688e+06,1.419217111178457551e+07
-1.598576528050020710e+07,-9.595150976803671801e+05,1.240480618532789499e+07
-1.716985507776003703e+07,-3.038439176526013762e+06,1.031187191184840165e+07
-1.793122322832408920e+07,-5.042675592633333988e+06,7.964881447708270513e+06
-1.825108674928789213e+07,-6.922862604583205655e+06,5.421610864682051353e+06
-1.812153356249153614e+07,-8.632687109502030537e+06,2.744677756396941375e+06
-1.754571991480616108e+07,-1.013002611593951471e+07,-6.019270444902380676e-07
-1.653779518800273351e+07,-1.137798548703894205e+07,-2.744827475164001342e+06
-1.512255571059301496e+07,-1.234581025983555801e+07,-5.422197974234353751e+06
-1.333483587226642296e+07,-1.300964396690913104e+07,-7.966159329684950411e+06
-1.121865135222090781e+07,-1.335311807817113586e+07,-1.031404005003275350e+07
-8.826115440930070356e+06,-1.336775685574878938e+07,-1.240799509504365176e+07
-6.216155103515479714e+06,-1.305318747389912978e+07,-1.419643297734000161e+07
-3.453058452067748643e+06,-1.241715008456442319e+07,-1.563528878660316579e+07
-6.048895315022495342e+05,-1.147530748660429753e+07,-1.668911152914222889e+07
2.258190336508317385e+06,-1.025085905370466039e+07,-1.733193877855372056e+07
5.065653054326662794e+06,-8.773968463611379266e+06,-1.754793692722218484e+07
7.748343195915888995e+06,-7.081019421002427116e+06,-1.733179117640709877e+07
1.024018328925824724e+07,-5.213717856776382774e+06,-1.668883565307126008e+07
1.247980269974781387e+07,-3.218062905628761742e+06,-1.563492053064236417e+07
1.441204982526590489e+07,-1.143212213072790299e+06,-1.419601958889653161e+07
1.598935027042130381e+07,9.597302798682778375e+05,-1.240758810438965820e+07
1.717287755443374068e+07,3.038974044845620636e+06,-1.031368715095076710e+07
1.793350761772290617e+07,5.043318015881127678e+06,-7.965896152088087052e+06
1.825253380033182353e+07,6.923411488914460875e+06,-5.422040721149786375e+06
1.812212492672400549e+07,8.632968821994986385e+06,-2.744767324105711654e+06
1.754551549352731183e+07,1.012990809325835295e+07,-5.845783393804353927e-07
1.653692355705718137e+07,1.137738580587600730e+07,2.744682807961169165e+06
1.512119859516877867e+07,1.234470233271985129e+07,5.421711379994050600e+06
1.333320821122223139e+07,1.300805599905681983e+07,7.965186973719058558e+06
1.121697890362753160e+07,1.335112742859626561e+07,1.031250245863843523e+07
8.824612095141481608e+06,1.336547993549902551e+07,1.240588165031259879e+07
6.215002067308965139e+06,1.305076623480255157e+07,1.419379967734116316e+07
3.452387252890062518e+06,1.241473646167486720e+07,1.563224962780793384e+07
6.047703934271089965e+05,1.147304732836338691e+07,1.668582446838049404e+07
-2.257753725607805885e+06,1.024887709641439281e+07,1.732858772648690641e+07
-5.064721976168518886e+06,8.772355788933504373e+06,1.754471157786751166e+07
-7.747035769879733212e+06,7.079824596648724750e+06,1.732886667571566626e+07
-1.023866064862003177e+07,5.212942614922153763e+06,1.668635414481622912e+07
-1.247825094141513295e+07,3.217662766616404057e+06,1.563297645998719521e+07
-1.441065966434817947e+07,1.143101940838351147e+06,1.419465026587477513e+07
-1.598829658703905903e+07,-9.596670345312998397e+05,1.240677045581890829e+07
-1.717230101853907853e+07,-3.038872018984656781e+06,1.031334089501164295e+07
-1.793350031608885154e+07,-5.043315962493193336e+06,7.965892908769857138e+06
-1.825313030235921592e+07,-6.923637749500116333e+06,5.422217916180429980e+06
-1.812329957664678246e+07,-8.633528398546006531e+06,2.744945235953356605e+06
-1.754718598978945985e+07,-1.013087255472552031e+07,-2.236387527839259043e-07
-1.653896016887031123e+07,-1.137878699263560027e+07,-2.745020830532742199e+06
-1.512343776015693881e+07,-1.234653035085420497e+07,-5.422514233433038928e+06
-1.333546882879062183e+07,-1.301026148774709366e+07,-7.966537454512445256e+06
-1.121907943142356910e+07,-1.335362760395562276e+07,-1.031443361124555953e+07
-8.826386584454098716e+06,-1.336816752120334096e+07,-1.240837627604559623e+07
-6.216313518819776364e+06,-1.305352012722370587e+07,-1.419679476564900018e+07
-3.453137090815596282e+06,-1.241743286840678565e+07,-1.563564485921380669e+07
-6.049033778730302583e+05,-1.147557016491097584e+07,-1.668949355529339984e+07
2.258249276211632881e+06,-1.025112660537399724e+07,-1.733239114933800697e+07
5.065818267023239285e+06,-8.774254620394475758e+06,-1.754850924078909308e+07
7.748673100407448597e+06,-7.081320912567622028e+06,-1.733252911942533031e+07
1.024075732411610149e+07,-5.214010122618759982e+06,-1.668977118060423061e+07
1.248071415616581962e+07,-3.218297935313434340e+06,-1.563606241958181188e+07
1.441339590966898948e+07,-1.143318989010254852e+06,-1.419734549609173089e+07
1.599122024183806777e+07,9.598425213397367625e+05,-1.240903918493408896e+07
1.717534006670058146e+07,3.039409819853715599e+06,-1.031516608661843650e+07
1.793659856780899316e+07,5.044187262689941563e+06,-7.967269123171696439e+06
1.825624601569476351e+07,6.924819578047812916e+06,-5.423143460258387960e+06
1.812640090803285688e+07,8.635005802396988496e+06,-2.745414961942286696e+06
1.755024417351445928e+07,1.013263819792225584e+07,3.447546665264479423e-08
1.654194166871360876e+07,1.138083826135423779e+07,2.745515679005027283e+06
1.512629680306624994e+07,1.234886442731371149e+07,5.423539344331379049e+06
1.333814169764534011e+07,1.301286917429963872e+07,7.968134212011651136e+06
1.122148166614495777e+07,1.335648688916608505e+07,1.031664214276586100e+07
8.828413850301085040e+06,1.337123795429518633e+07,1.241122626195964962e+07
6.217846400130101480e+06,1.305673899592874758e+07,1.420029555455083027e+07
3.454049524817294441e+06,1.242071396836531535e+07,1.563977631812639907e+07
6.050739267418370582e+05,1.147880563289112970e+07,1.669419905761050619e+07
-2.258924539542118087e+06,1.025419190466043539e+07,1.733757389346611127e+07
-5.067412759599911980e+06,8.777016362550001591e+06,1.755403272509992868e+07
-7.751218210752126761e+06,7.083646826033794321e+06,1.733822211983859167e+07
-1.024423386860499345e+07,5.215780180983127095e+06,1.669543704399554804e+07
-1.248504802177558653e+07,3.219415473185242154e+06,1.564149196410394087e+07
-1.441845866259844042e+07,1.143720583582372637e+06,1.420233236059989966e+07
-1.599683495137442462e+07,-9.601795335798456799e+05,1.241339614766728692e+07
-1.718129202695466951e+07,-3.040463100102692377e+06,1.031874071502812952e+07
-1.794265006261365116e+07,-5.045889083293850534e+06,7.969957140497091226e+06
-1.826215382390205190e+07,-6.927060482662034221e+06,5.424898415325248614e+06
-1.813193493767363206e+07,-8.637642088458666578e+06,2.746253143104467541e+06
-1.755520547430334613e+07,-1.013550260626812093e+07,1.547705359213334704e-07
-1.654617811581843346e+07,-1.138375293245378882e+07,-2.746218814839786384e+06
-1.512971496064182371e+07,-1.235165495595623739e+07,-5.424764926001057029e+06
-1.334071373195643537e+07,-1.301537848532313854e+07,-7.969670731494535692e+06
-1.122324664375452138e+07,-1.335858767237849161e+07,-1.031826480213828757e+07
-8.829473278634108603e+06,-1.337284253112835251e+07,-1.241271563535915688e+07
-6.218354395767325535e+06,-1.305780572643642686e+07,-1.420145571318520792e+07
-3.454198483126559760e+06,-1.242124962036878057e+07,-1.564045079445188865e+07
-6.050769769024543930e+05,-1.147886349722016975e+07,-1.669428321258763410e+07
2.258852706159994472e+06,-1.025386582325808145e+07,-1.733702256182890013e+07
5.067074924754583277e+06,-8.776431215433763340e+06,-1.755286243086723238e+07
7.750451747110107914e+06,-7.082946373847412877e+06,-1.733650766457395256e+07
1.024292433472645469e+07,-5.215113440947020426e+06,-1.669330284433545545e+07
1.248313801047434844e+07,-3.218922954459729139e+06,-1.563909906770773605e+07
1.441595120653700642e+07,-1.143521683742490597e+06,-1.419986249019199982e+07
1.599379136310340837e+07,9.599968479939820245e+05,-1.241103435128506646e+07
1.717782458595487103e+07,3.039849489299153443e+06,-1.031665823924108967e+07
1.793891040426585823e+07,5.044837404685970396e+06,-7.968296019277804531e+06
1.825831820312808082e+07,6.925605584332501516e+06,-5.423759017790006474e+06
1.812818772022894770e+07,8.635856999154409394e+06,-2.745685591559762601e+06
1.755172225734167174e+07,1.013349157001852803e+07,6.537418755861581831e-07
1.654310981519716792e+07,1.138164194489237107e+07,2.745709559781633783e+06
1.512717405178803578e+07,1.234958059900349379e+07,5.423853882187550887e+06
1.333876362116777524e+07,1.301347593119248562e+07,7.968505745781729929e+06
1.122189490033532865e+07,1.335697874551957473e+07,1.031702205598952062e+07
8.828669192399866879e+06,1.337162468740712665e+07,1.241158522888300195e+07
6.217991048455889337e+06,1.305704274023345485e+07,1.420062590188314393e+07
3.454119241047741380e+06,1.242096466695673019e+07,1.564009198998712189e+07
6.050860266908173217e+05,1.147903517999872379e+07,1.669453289940869063e+07
-2.258976443902187515e+06,1.025442751999520324e+07,1.733797226696264744e+07
-5.067561447818141431e+06,8.777273898096740246e+06,1.755454779619426653e+07
-7.751522372497948818e+06,7.083924791939241812e+06,1.733890248049558327e+07
-1.024477417145091854e+07,5.216055272405718453e+06,1.669631759711973928e+07
-1.248591982620408013e+07,3.219640278141237330e+06,1.564258417632014118e+07
-1.441976188093323819e+07,1.143823959238884272e+06,1.420361604426898248e+07
-1.599866191590300389e+07,-9.602891936438387493e+05,1.241481385526485369e+07
-1.718371452416286245e+07,-3.040891793903329875e+06,1.032019561845006980e+07
-1.794570686545616388e+07,-5.046748727106009610e+06,7.971314943694829941e+06
-1.826584008678543940e+07,-6.928458727699034847e+06,5.425993445072264411e+06
-1.813619469984899834e+07,-8.639671342433439568e+06,2.746898324399762787e+06
-1.755992825662224367e+07,-1.013822930591167696e+07,-4.647408581695187750e-07
-1.655120022012400627e+07,-1.138720813487073407e+07,-2.747052348555627745e+06
-1.513482563188359328e+07,-1.235582722542351484e+07,-5.426597359076214023e+06
-1.334566587028360181e+07,-1.302020985761215724e+07,-7.972629112333233468e+06
-1.122777130909307860e+07,-1.336397320301356167e+07,-1.032242462296367437e+07
-8.833296860584452748e+06,-1.337863360809487663e+07,-1.241809093170684762e+07
-6.221217062611758709e+06,-1.306381698683181033e+07,-1.420799346156902052e+07
-3.455872396368949674e+06,-1.242726898906633817e+07,-1.564803019610636495e+07
-6.053827658229786903e+05,-1.148466459264920279e+07,-1.670272003475781344e+07
2.260032582759432495e+06,-1.025922177068147622e+07,-1.734607828607243672e+07
5.069787064228049479e+06,-8.781128778797589242e+06,-1.756225755759559572e+07
7.754667738412095234e+06,-7.086799264139708132e+06,-1.734593815558204800e+07
1.024854211524055712e+07,-5.217973694689285941e+06,-1.670245836558694951e+07
1.248998849916504882e+07,-3.220689432991141919e+06,-1.564768148273934051e+07
1.442380953713966534e+07,-1.144145032928457484e+06,-1.420760302790389769e+07
1.600239159486037679e+07,9.605130605156511301e+05,-1.241770805168217793e+07
1.718687647855984047e+07,3.041451344701174647e+06,-1.032209462508629076e+07
1.794811673794780299e+07,5.047426439108031802e+06,-7.972385386489440687e+06
1.826739120195332170e+07,6.929047084838973358e+06,-5.426454214501937851e+06
1.813686337034681812e+07,8.639989881875198334e+06,-2.746999600874996744e+06
1.755977165482563898e+07,1.013813889182145894e+07,-7.227257164064328627e-07
1.655034707321998663e+07,1.138662117070800252e+07,2.746910749204560649e+06
1.513346068531659804e+07,1.235471290508933365e+07,5.426107956976762973e+06
1.334400965945124812e+07,1.301859403620448709e+07,7.971639700877008960e+06
1.122605721917570569e+07,1.336193298941263556e+07,1.032084874797469564e+07
8.831747693954816088e+06,1.337628728904079273e+07,1.241591307078133151e+07
6.220023350490138866e+06,1.306131033314613625e+07,1.420526726606234349e+07
3.455174489225761499e+06,1.242475932470156439e+07,1.564487010487491451e+07
6.052583440196003066e+05,1.148230419725554623e+07,1.669928719410968758e+07
-2.259574473585819360e+06,1.025714222384621575e+07,1.734256223163748533e+07
-5.068804972824623808e+06,8.779427746589614078e+06,1.755885549317943305e+07
-7.753279944929693826e+06,7.085530993962387554e+06,1.734283388590510190e+07
-1.024691279253220744e+07,5.217144136404523626e+06,1.669980299330341257e+07
-1.248830936504382081e+07,3.220256448643055744e+06,1.564557783341163769e+07
-1.442227895802871324e+07,1.144023622251163702e+06,1.420609539149537124e+07
-1.600119338234007172e+07,-9.604411400923583424e+05,1.241677824983540736e+07
-1.718616063842952251e+07,-3.041324667061781511e+06,1.032166470580747537e+07
-1.794798418197502568e+07,-5.047389161296172999e+06,7.972326506367821246e+06
-1.826788394902525097e+07,-6.929233989888356067e+06,5.426600588409321383e+06
-1.813796110928662121e+07,-8.640512819780647755e+06,2.747165863825416192e+06
-1.756139480107713863e+07,-1.013907601574723795e+07,-8.613472536014194998e-08
-1.655236572020673379e+07,-1.138800999768756889e+07,-2.747245790101123508e+06
-1.513570821987014078e+07,-1.235654775600169413e+07,-5.426913811326529831e+06
-1.334629935353168286e+07,-1.302082789232860319e+07,-7.973007551822637208e+06
-1.122819987548926659e+07,-1.336448330868463032e+07,-1.032281863208397105e+07
-8.833568427027769387e+06,-1.337904491408835910e+07,-1.241847270725834183e+07
-6.221375811410907656e+06,-1.306415034045881033e+07,-1.420835601151604764e+07
-3.455951247140169609e+06,-1.242755253534248471e+07,-1.564838722874982469e+07
-6.053966557419906603e+05,-1.148492809708631970e+07,-1.670310326239076816e+07
2.260091717178609688e+06,-1.025949020624726638e+07,-1.734653215133036673e+07
5.069952808037362993e+06,-8.781415855497235432e+06,-1.756283171099445224e+07
7.754998638384227641e+06,-7.087101665449599735e+06,-1.734667832532894239e+07
1.024911776382348686e+07,-5.218266782149476930e+06,-1.670339652307370864e+07
1.249090235745972954e+07,-3.220925082027028315e+06,-1.564882638079159521e+07
1.442515898198808543e+07,-1.144252075426928699e+06,-1.420893224517163262e+07
1.600426603634117730e+07,9.606255702932315180e+05,-1.241916260095609352e+07
1.718934467999371141e+07,3.041888126484254375e+06,-1.032357697755505331e+07
1.795121464221853018e+07,5.048297641594102606e+06,-7.973761446557718329e+06
1.827111159984472021e+07,6.930458277705783024e+06,-5.427559384287862107e+06
1.814114862970001251e+07,8.642031282127493992e+06,-2.747648643958225846e+06
1.756451047334109619e+07,1.014087484996774234e+07,-1.032060549753872529e-07
1.655537584919218905e+07,1.139008096322484687e+07,2.747745390237956308e+06
1.513856966043207608e+07,1.235888378986649588e+07,5.427939781905205920e+06
1.334895352440398186e+07,1.302341733687890880e+07,7.974593139246256091e+06
1.123056943732216768e+07,1.336730370464423671e+07,1.032499712528025359e+07
8.835557435264648870e+06,1.338205740340676345e+07,1.242126890957483277e+07
6.222873673055265099e+06,1.306729567202244513e+07,1.421177682262613252e+07
3.456840278288367670e+06,1.243074947896451317e+07,1.565241272062376700e+07
6.055625242037312128e+05,1.148807477348116972e+07,1.670767963068148866e+07
-2.260747807412745431e+06,1.026246847092160769e+07,1.735156773915181682e+07
-5.071501622065705247e+06,8.784098480086235330e+06,1.756819696017223597e+07
-7.757471650234085508e+06,7.089361689882777631e+06,1.735221005306454748e+07
-1.025249859971717373e+07,5.219988111150536686e+06,1.670890640634525567e+07
-1.249512215523679182e+07,3.222013206176277716e+06,1.565411301908946596e+07
-1.443009647398072109e+07,1.144643733880897984e+06,1.421379572634889744e+07
-1.600975265645183809e+07,-9.609548942103862064e+05,1.242342016747711040e+07
-1.719517444808123633e+07,-3.042919783168394584e+06,1.032707821979081817e+07
-1.795715805316267163e+07,-5.049969066511849873e+06,7.976401454043406993e+06
-1.827693230113128200e+07,-6.932666141588909552e+06,5.429288463644701056e+06
-1.814662135760046169e+07,-8.644638365432038903e+06,2.748477540391689166e+06
-1.756943856698469818e+07,-1.014372008615934104e+07,2.926442014572229299e-07
-1.655960668537155166e+07,-1.139299177401294746e+07,-2.748447594809527975e+06
-1.514200654370477982e+07,-1.236168960586646758e+07,-5.429172077680682763e+06
-1.335156290100743994e+07,-1.302596307954243012e+07,-7.976151966815348715e+06
-1.123238274011854455e+07,-1.336946200741998479e+07,-1.032666421315705031e+07
-8.836667364192044362e+06,-1.338373846685186774e+07,-1.242282927809461020e+07
-6.223425224105630070e+06,-1.306845386372402869e+07,-1.421303645295770280e+07
-3.457017309878756758e+06,-1.243138608209645003e+07,-1.565321431146712974e+07
-6.055710560886424500e+05,-1.148823663113529980e+07,-1.670791502833360992e+07
2.260698058741722256e+06,-1.026224264114795998e+07,-1.735118591087843478e+07
5.071215779084064066e+06,-8.783603385517176241e+06,-1.756720677103505284e+07
7.756786549436107278e+06,-7.088735593188161030e+06,-1.735067759332734346e+07
1.025129642442161217e+07,-5.219376031988847069e+06,-1.670694717325695977e+07
1.249333959879779629e+07,-3.221553553176199552e+06,-1.565187980042949878e+07
1.442772870743901655e+07,-1.144455914683647687e+06,-1.421146345157796890e+07
1.600685192453220673e+07,9.607807833045509178e+05,-1.242116922630389035e+07
1.719184363358613104e+07,3.042330350281295832e+06,-1.032507779915381595e+07
1.795353998012037203e+07,5.048951580510327592e+06,-7.974794339878311381e+06
1.827319586035317183e+07,6.931248863457615487e+06,-5.428178528208538890e+06
1.814294572322077677e+07,8.642887376674847677e+06,-2.747920830779643264e+06
1.756599683356743306e+07,1.014173300044427998e+07,-4.819589603269829825e-07
1.655655021124928631e+07,1.139088892307059839e+07,2.747940302630915307e+06
1.513945116047453694e+07,1.235960343226540834e+07,5.428255844072890468e+06
1.334957796758190729e+07,1.302402655198305473e+07,7.974966178247615695e+06
1.123098380129520223e+07,1.336779690573346242e+07,1.032537807718702406e+07
8.835812933591799811e+06,1.338244437313900702e+07,1.242162809613055736e+07
6.223017955514201894e+06,1.306759864805162139e+07,1.421210633439542912e+07
3.456909552816289011e+06,1.243099858920047805e+07,1.565272639247670583e+07
6.055745100620895391e+05,1.148830215616603754e+07,1.670801032465096377e+07
-2.260799169106429443e+06,1.026270162287459150e+07,1.735196194761280343e+07
-5.071648878806612454e+06,8.784353536241812631e+06,1.756870707248410583e+07
-7.757773369248376228e+06,7.089637423435120843e+06,1.735288494972416759e+07
-1.025303543758697063e+07,5.220261438404711895e+06,1.670978131245947629e+07
-1.249598956483815983e+07,3.222236877874013502e+06,1.565519972538611293e+07
-1.443139454709107243e+07,1.144746701401524013e+06,1.421507434191937186e+07
-1.601157396973033808e+07,-9.610642150690905983e+05,1.242483348975683749e+07
-1.719759107188642398e+07,-3.043347437590125948e+06,1.032852959576530568e+07
-1.796020905779344216e+07,-5.050827079731821083e+06,7.977756681730760261e+06
-1.828061312711684033e+07,-6.934062324343758635e+06,5.430381878322826698e+06
-1.815087629733422026e+07,-8.646665322106091306e+06,2.749121991281615570e+06
-1.757415734319290519e+07,-1.014644447287314571e+07,6.716429216706532705e-07
-1.656462573590411805e+07,-1.139644487543766014e+07,-2.749280621681529097e+06
-1.514711517222846672e+07,-1.236586020769091882e+07,-5.431003778337351047e+06
-1.335651398047356866e+07,-1.303079341879173368e+07,-7.979109715095927007e+06
-1.123690721114323102e+07,-1.337484730677014962e+07,-1.033082385533663258e+07
-8.840491401383833960e+06,-1.338953023331359215e+07,-1.242820521443374082e+07
-6.226288684856418520e+06,-1.307446679123130813e+07,-1.421957601446570083e+07
-3.458691953324860428e+06,-1.243740807659909502e+07,-1.566079701945448667e+07
-6.058770283361292677e+05,-1.149404120442509465e+07,-1.671635690852912329e+07
2.261878844473631587e+06,-1.026760271550448053e+07,-1.736024861285347864e+07
5.073930501325910911e+06,-8.788305422369370237e+06,-1.757661084473900124e+07
7.761007379581431858e+06,-7.092592905581340194e+06,-1.736011890804802626e+07
1.025692184405938722e+07,-5.222240175137435086e+06,-1.671611514429326169e+07
1.250020099104454182e+07,-3.223322843316162471e+06,-1.566047587563022971e+07
1.443560154837621935e+07,-1.145080414877084782e+06,-1.421921828211969510e+07
1.601547045450314507e+07,9.612980941421015887e+05,-1.242785712594602630e+07
1.720091759747228399e+07,3.043936111496193800e+06,-1.033052744056949578e+07
1.796277192040979862e+07,5.051547816103284247e+06,-7.978895081306183711e+06
1.828229752440967038e+07,6.934701237039083615e+06,-5.430882240125498734e+06
1.815165237976410240e+07,8.647035030153000727e+06,-2.749239536310465075e+06
1.757407863605041802e+07,1.014639903128344938e+07,1.378715867300388101e-07
1.656382013970353082e+07,1.139589062610968016e+07,2.749146914464459755e+06
1.514576946037358604e+07,1.236476159026548639e+07,5.430521272852178663e+06
1.335485333408413827e+07,1.302917326999608427e+07,7.978117653861951083e+06
1.123517179667689279e+07,1.337278171140097640e+07,1.032922837529641949e+07
8.838912259115323424e+06,1.338713851409881003e+07,1.242598521293264441e+07
6.225065231339097023e+06,1.307189768414493650e+07,1.421678189566219598e+07
3.457973210362671409e+06,1.243482348692084849e+07,1.565754258460094035e+07
6.057483018624201650e+05,1.149159914553176053e+07,1.671280530058564991e+07
-2.261402652561563998e+06,1.026544108365181647e+07,1.735659377078146860e+07
-5.072904399926428683e+06,8.786528162612184882e+06,1.757305632522441447e+07
-7.759548743759369478e+06,7.091259894339996390e+06,1.735685617550922930e+07
-1.025519663516756333e+07,5.221361797070395201e+06,1.671330350246554613e+07
-1.249840520329398289e+07,3.222859778468588833e+06,1.565822608054730110e+07
-1.443393986464033835e+07,1.144948604540668661e+06,1.421758150628645346e+07
-1.601413439946134761e+07,-9.612178999846357619e+05,1.242682035957482457e+07
-1.720006551333198696e+07,-3.043785323628501035e+06,1.033001569585937634e+07
-1.796251285282566026e+07,-5.051474960292750038e+06,7.978780005912383087e+06
-1.828268062673705071e+07,-6.934846552483042702e+06,5.430996043307316490e+06
-1.815266278545081988e+07,-8.647516364479400218e+06,2.749392571814186405e+06
-1.757563999729445204e+07,-1.014730048361787014e+07,5.159220915256294238e-08
-1.656580328166648746e+07,-1.139725502566820942e+07,-2.749476062483520247e+06
-1.514800594671167620e+07,-1.236658742159353569e+07,-5.431323165860247798e+06
-1.335715225846785866e+07,-1.303141613132786565e+07,-7.979491018942387775e+06
-1.123733785627307557e+07,-1.337535988667691685e+07,-1.033121977557432279e+07
-8.840763148566696793e+06,-1.338994181304777041e+07,-1.242858724407159537e+07
-6.226446605179378763e+06,-1.307479840515386872e+07,-1.421993667233808339e+07
-3.458769855349556543e+06,-1.243768821119395085e+07,-1.566114975621414743e+07
-6.058906743994647404e+05,-1.149430008273570426e+07,-1.671673340815752931e+07
2.261936809134485666e+06,-1.026786584105318971e+07,-1.736069350004528090e+07
5.074093107840958051e+06,-8.788587065113637596e+06,-1.757717413022825122e+07
7.761332798378396779e+06,-7.092890297780865803e+06,-1.736084681729235128e+07
1.025748947660608217e+07,-5.222529181287762709e+06,-1.671704023772405088e+07
1.250110428756138124e+07,-3.223555768875939306e+06,-1.566160754170062579e+07
1.443693803971871734e+07,-1.145186429860963486e+06,-1.422053474005005322e+07
1.601732984780869819e+07,9.614097006821386749e+05,-1.242929999797385186e+07
1.720336907089126483e+07,3.044369933031086344e+06,-1.033199974652469531e+07
1.796585192302330956e+07,5.052413984228136018e+06,-7.980263189625929110e+06
1.828599941821554676e+07,6.936105411078666337e+06,-5.431981913144600578e+06
1.815591914253985509e+07,8.649067619055155665e+06,-2.749885777912959922e+06
1.757879958685311675e+07,1.014912467349996604e+07,-2.411115912451947771e-07
1.656883227990487590e+07,1.139933897323211841e+07,2.749978794406917877e+06
1.515086358296809345e+07,1.236892034968398139e+07,5.432347772402607836e+06
1.335978459174941853e+07,1.303398427083299868e+07,7.981063560706587508e+06
1.123967398474550247e+07,1.337814048822807334e+07,1.033336753129702993e+07
8.842714708597652614e+06,1.339289758449209295e+07,1.243133080067391135e+07
6.227910953643766232e+06,1.307787336301966198e+07,1.422328094616662152e+07
3.459636809357474558e+06,1.244080576572641917e+07,1.566507528381831013e+07
6.060521749523459002e+05,1.149736389588641003e+07,1.672118926430206560e+07
-2.262575173714532983e+06,1.027076364166500233e+07,1.736559304090627283e+07
-5.075600082192898728e+06,8.791197221257340163e+06,1.758239444251544029e+07
-7.763740438651972450e+06,7.095090580744002946e+06,1.736623231937715039e+07
-1.026078456885202229e+07,5.224206854507642798e+06,1.672241038114682212e+07
-1.250522341742116399e+07,3.224617934626983013e+06,1.566676806142725237e+07
-1.444176714592692815e+07,1.145569490790155018e+06,1.422529146009773016e+07
-1.602270860999227129e+07,-9.617325506322584115e+05,1.243347386774091981e+07
-1.720909995439323783e+07,-3.045384090743645094e+06,1.033544160065510310e+07
-1.797171319125120714e+07,-5.054062308709748089e+06,7.982866710087264888e+06
-1.829176098473156616e+07,-6.938290844413310289e+06,5.433693426111103036e+06
-1.816135981804791838e+07,-8.651659433328101411e+06,2.750709819707273040e+06
-1.758372411331621930e+07,-1.015196785017894395e+07,4.307423329577252179e-07
-1.657308654782658070e+07,-1.140226590503401123e+07,-2.750684888015052769e+06
-1.515434659402049705e+07,-1.237176382365799509e+07,-5.433596607310586609e+06
-1.336245603369622864e+07,-1.303659056527389027e+07,-7.982659465777248144e+06
-1.124155669485400245e+07,-1.338038140378862061e+07,-1.033509842985592969e+07
-8.843891771798083559e+06,-1.339468032739618793e+07,-1.243298554839697294e+07
-6.228517668656467460e+06,-1.307914739249360375e+07,-1.422466655976338312e+07
-3.459848217954876367e+06,-1.244156598810001276e+07,-1.566603253216277063e+07
-6.060672514174883254e+05,-1.149764991021461040e+07,-1.672160522919240035e+07
2.262551261099264491e+06,-1.027065509242355824e+07,-1.736540950811173394e+07
5.075374020840223879e+06,-8.790805671509318054e+06,-1.758161134301917627e+07
7.763147450677857734e+06,-7.094548663684737869e+06,-1.736490590113852546e+07
1.025970215709731169e+07,-5.223655752117147669e+06,-1.672064633148398995e+07
1.250358094080707803e+07,-3.224194402845129836e+06,-1.566471033728154935e+07
1.443955046096585877e+07,-1.145393655891079688e+06,-1.422310800226034783e+07
1.601995954078526422e+07,9.615675429917320143e+05,-1.243134061543167569e+07
1.720591084959854931e+07,3.044819735313469544e+06,-1.033352628803283349e+07
1.796821724382329360e+07,5.053079167261417955e+06,-7.981313842976449057e+06
1.828811929950886965e+07,6.936909508233473636e+06,-5.432611638465412892e+06
1.815774640267445892e+07,8.649938084292372689e+06,-2.750162533752529416e+06
1.758031004391836748e+07,1.014999673629360460e+07,3.791398368801778556e-07
1.657002453996604308e+07,1.140015924688492902e+07,2.750176677385246847e+06
1.515175711271543801e+07,1.236964981293897331e+07,5.432668147825327702e+06
1.336041592703453079e+07,1.303460020996882580e+07,7.981440717014670372e+06
1.124009114945502765e+07,1.337863702292239852e+07,1.033375105810250528e+07
8.842970177076648921e+06,1.339328450901643559e+07,1.243168994526774995e+07
6.228053743499779142e+06,1.307817320476043411e+07,1.422360704913506843e+07
3.459704498713579960e+06,1.244104917571001314e+07,1.566538177809174918e+07
6.060637619669613196e+05,1.149758371216012910e+07,1.672150895406363346e+07
-2.262624636778717861e+06,1.027098817495413870e+07,1.736597267711011320e+07
-5.075742255065433681e+06,8.791443471896907315e+06,1.758288694379413500e+07
-7.764033257988058031e+06,7.095358181101611815e+06,1.736688730889733136e+07
-1.026130833133323863e+07,5.224473524520298466e+06,1.672326397777993418e+07
-1.250607348318120651e+07,3.224837134012257680e+06,1.566783303904847428e+07
-1.444304376508910954e+07,1.145670756510722451e+06,1.422654894330398552e+07
-1.602450474456268549e+07,-9.618403601872671861e+05,1.243486765157464705e+07
-1.721148825879449770e+07,-3.045806733661262784e+06,1.033687596856132522e+07
-1.797473348840625212e+07,-5.054911686275513843e+06,7.984208297801421024e+06
-1.829540960492070392e+07,-6.939674811110899784e+06,5.434777273836796172e+06
-1.816558204668356851e+07,-8.653670807177444920e+06,2.751349316192805767e+06
-1.758841073079685494e+07,-1.015467367004339211e+07,-1.897008163507128073e-07
-1.657807506825935841e+07,-1.140569800178257748e+07,-2.751512847715818789e+06
-1.515942736036050878e+07,-1.237591167924607545e+07,-5.435418317972034216e+06
-1.336738285585543141e+07,-1.304139723877184093e+07,-7.985602722874380648e+06
-1.124606127507644705e+07,-1.338574302790061384e+07,-1.033923978511830233e+07
-8.847700795341750607e+06,-1.340044935465733893e+07,-1.243834037813591212e+07
-6.231371182022569701e+06,-1.308513943167206086e+07,-1.423118340346627310e+07
-3.461517791980506852e+06,-1.244756975303388014e+07,-1.567359228604387864e+07
-6.063724356242537033e+05,-1.150343953367069922e+07,-1.673002536710064299e+07
2.263729555121164303e+06,-1.027600385587356240e+07,-1.737445308584284037e+07
5.078084335494569503e+06,-8.795500074193708599e+06,-1.759100014838867262e+07
7.767363601755378768e+06,-7.098401699993450195e+06,-1.737433674954092503e+07
1.026532443724472634e+07,-5.226518296817635186e+06,-1.672980918596942164e+07
1.251044257431960665e+07,-3.225963755198847037e+06,-1.567330671474566311e+07
1.444742864564978145e+07,-1.146018579969274113e+06,-1.423086809644961916e+07
1.602858996666595154e+07,9.620855678591023898e+05,-1.243803774618877843e+07
1.721500429485110939e+07,3.046428944021820091e+06,-1.033898762956694886e+07
1.797747674401207268e+07,5.055683153336873278e+06,-7.985426826253538951e+06
1.829725646407714486e+07,6.940375347598432563e+06,-5.435325896052666940e+06
1.816649568512894958e+07,8.654106043786702678e+06,-2.751487695382004138e+06
1.758844011235018820e+07,1.015469063349132240e+07,8.709523085871050260e-11
1.657734628430340439e+07,1.140519659919678792e+07,2.751391889256368857e+06
1.515812820679574274e+07,1.237485107125638425e+07,5.434952505978001282e+06
1.336574218721874617e+07,1.303979658053820208e+07,7.984622596242482774e+06
1.124432516482071392e+07,1.338367660436143726e+07,1.033764366539477371e+07
8.846107814231701195e+06,1.339803667556882463e+07,1.243610092161219381e+07
6.230129157647308894e+06,1.308253132798904367e+07,1.422834687260284647e+07
3.460784231932386290e+06,1.244493188132037967e+07,1.567027076011050120e+07
6.062404115773232188e+05,1.150093491677895002e+07,1.672638277794172801e+07
-2.263238807882328518e+06,1.027377615137373656e+07,1.737068652951742709e+07
-5.077021490486598574e+06,8.793659172639772296e+06,1.758731834528058022e+07
-7.765844063262769952e+06,7.097013031304403208e+06,1.737093778757080436e+07
-1.026351469281425886e+07,5.225596878070689738e+06,1.672685977319817059e+07
-1.250854152830291726e+07,3.225473548277058173e+06,1.567092505021876469e+07
-1.444564593194033578e+07,1.145877169128307607e+06,1.422911210482840985e+07
-1.602712356790897250e+07,-9.619975500677884556e+05,1.243689983429977112e+07
-1.721401985043624043e+07,-3.046254733204901684e+06,1.033839639192043245e+07
-1.797709070294910669e+07,-5.055574589642602950e+06,7.985255350427517667e+06
-1.829752476352471858e+07,-6.940477116891623475e+06,5.435405596250291914e+06
-1.816740897419377416e+07,-8.654541113959953189e+06,2.751626021653261967e+06
-1.758992577965645865e+07,-1.015554838391006738e+07,1.895429518220891235e-07
-1.657927678440912813e+07,-1.140652478121428005e+07,-2.751712300149537157e+06
-1.516033450854431465e+07,-1.237665226037224010e+07,-5.435743576289114542e+06
-1.336803066584841162e+07,-1.304202925085231848e+07,-7.985989721084346995e+06
-1.124649598059958592e+07,-1.338626044073436409e+07,-1.033963943834271841e+07
-8.847972784445134923e+06,-1.340086130079937540e+07,-1.243872274787624180e+07
-6.231527322814403102e+06,-1.308546730878918245e+07,-1.423153999724937044e+07
-3.461593699763013050e+06,-1.244784271636091173e+07,-1.567393599296643399e+07
-6.063855701855756342e+05,-1.150368870829799213e+07,-1.673038775417796336e+07
2.263785057022678200e+06,-1.027625580194136128e+07,-1.737487907100128382e+07
5.078240289736105129e+06,-8.795770194866601378e+06,-1.759154038973300904e+07
7.767677283407633193e+06,-7.098688365905088373e+06,-1.737503840468785539e+07
1.026587469175435789e+07,-5.226798455060164444e+06,-1.673070595771725662e+07
1.251132263525769860e+07,-3.226190689191541635e+06,-1.567440927086374350e+07
1.444873615294154175e+07,-1.146122295841675950e+06,-1.423215600478852540e+07
1.603041504043811560e+07,9.621951144338150043e+05,-1.243945398657682911e+07
1.721741680429689586e+07,3.046855870351494290e+06,-1.034043653453935683e+07
1.798051407928665727e+07,5.056537322417424992e+06,-7.986775982139867730e+06
1.830091314744655788e+07,6.941762372759236023e+06,-5.436412139002486132e+06
1.817071603725565597e+07,8.656116523710124195e+06,-2.752126907651511952e+06
1.759311493118032441e+07,1.015738964140139520e+07,6.208110486894800561e-07
1.658231412503649667e+07,1.140861446833292395e+07,2.752216416684257332e+06
1.516318141271436587e+07,1.237897642696033791e+07,5.436764334837852046e+06
1.337063736175159365e+07,1.304457237818834372e+07,7.987546947216290049e+06
1.124879734472469240e+07,1.338899966365347430e+07,1.034175523292528279e+07
8.849887247033687308e+06,1.340376088562378101e+07,1.244141415187656693e+07
6.232959336694593541e+06,1.308847436787016131e+07,1.423481042547202669e+07
3.462439718955694232e+06,1.245088498959423043e+07,1.567776672870323062e+07
6.065429833016818156e+05,1.150667497905513272e+07,1.673473083655623905e+07
-2.264407025670564733e+06,1.027907917464137450e+07,1.737965277070073038e+07
-5.079709007044455968e+06,8.798314087867060676e+06,1.759662817573371157e+07
-7.770025905540903099e+06,7.100834713649170473e+06,1.738029189273535833e+07
-1.026909354544527456e+07,5.228437311953137629e+06,1.673595185212411918e+07
-1.251535398985500075e+07,3.227230221065639984e+06,1.567945982416804321e+07
-1.445347323846055381e+07,1.146498057379825041e+06,1.423682208349511214e+07
-1.603570571017036587e+07,-9.625126768029202940e+05,1.244355949741433375e+07
-1.722307173394011334e+07,-3.047856586996105500e+06,1.034383277229967713e+07
-1.798631889736469463e+07,-5.058169771808459423e+06,7.989354427973243408e+06
-1.830664346012906358e+07,-6.943935951128548943e+06,5.438114367802727036e+06
-1.817615399141876772e+07,-8.658707041595801711e+06,2.752950537273364607e+06
-1.759806578466504812e+07,-1.016024801799339242e+07,-4.312679416506616118e-07
-1.658662127677504718e+07,-1.141157778414522484e+07,-2.752931287579168100e+06
-1.516673848432414420e+07,-1.238188036277734675e+07,-5.438039724186221138e+06
-1.337339619581471384e+07,-1.304726393354541808e+07,-7.989195059867967851e+06
-1.125077116196928173e+07,-1.339134902044313587e+07,-1.034356989223393984e+07
-8.851148644883861765e+06,-1.340567135913546383e+07,-1.244318745956120454e+07
-6.233633274718184024e+06,-1.308988955768059753e+07,-1.423634956273896433e+07
-3.462692083228447940e+06,-1.245179248800170422e+07,-1.567890942244345881e+07
-6.065657188882613555e+05,-1.150710629391999170e+07,-1.673535811925782450e+07
2.264412903178513981e+06,-1.027910585507442802e+07,-1.737969788142150640e+07
5.079550985593407415e+06,-8.798040386685594916e+06,-1.759608077337056026e+07
7.769536505113146268e+06,-7.100387462689351290e+06,-1.737919718309256807e+07
1.026814425355975330e+07,-5.227953986615014262e+06,-1.673440475322830863e+07
1.251386534900710918e+07,-3.226846357634216547e+06,-1.567759482822929323e+07
1.445142027745142952e+07,-1.146335209615086671e+06,-1.423479989546141587e+07
1.603311841156738810e+07,9.623573791346232174e+05,-1.244155177759942412e+07
1.722003070489320159e+07,3.047318435582376085e+06,-1.034200639101199619e+07
1.798294681455000862e+07,5.057221463960655034e+06,-7.987856580363769084e+06
1.830309316504388303e+07,6.942589280356835574e+06,-5.437059728226069361e+06
1.817259430934325233e+07,8.657011289883108810e+06,-2.752411389735115226e+06
1.759466623388600349e+07,1.015828528643553145e+07,2.415034709997136267e-07
1.658353683998666517e+07,1.140945569491801038e+07,2.752419354352955241e+06
1.516409555050127581e+07,1.237972271428714879e+07,5.437092099282043986e+06
1.337128066802993603e+07,1.304519999638555013e+07,7.987931254932641052e+06
1.124921957663710788e+07,1.338950222964013182e+07,1.034214341834323108e+07
8.850142968805758283e+06,1.340414819377652369e+07,1.244177365255476907e+07
6.233099837516824715e+06,1.308876940290949494e+07,1.423513130075001344e+07
3.462504862364149187e+06,1.245111924438146316e+07,1.567806169503770024e+07
6.065539183942079544e+05,1.150688242775449902e+07,1.673503253953721188e+07
-2.264453350138895679e+06,1.027928946054114960e+07,1.738000831771670282e+07
-5.079842695965087041e+06,8.798545643868567422e+06,1.759709128773744032e+07
-7.770303736746191978e+06,7.101088616722824052e+06,1.738091335622758418e+07
-1.026959507790590264e+07,5.228692663705584593e+06,1.673676921960466541e+07
-1.251617426910875924e+07,3.227441739653452300e+06,1.568048748472171277e+07
-1.445471260927923210e+07,1.146596368437451543e+06,1.423804287669523805e+07
-1.603745761537948810e+07,-9.626178315745290602e+05,1.244491895967339724e+07
-1.722540966745309532e+07,-3.048270316101490520e+06,1.034523688845579699e+07
-1.798928385013887659e+07,-5.059003585252448916e+06,7.990671432230723090e+06
-1.831023322495052218e+07,-6.945297593259204179e+06,5.439180732136682607e+06
-1.818031556843828782e+07,-8.660689522392429411e+06,2.753580847496635281e+06
-1.760269186507760361e+07,-1.016291888676462322e+07,-5.184594985162984813e-08
-1.659155140556279011e+07,-1.141496970750344917e+07,-2.753749555842391681e+06
-1.517176505569715239e+07,-1.238598397446994670e+07,-5.439842003222155385e+06
-1.337827496760853939e+07,-1.305202372846518643e+07,-7.992109611934899352e+06
-1.125523553795114905e+07,-1.339666279103562050e+07,-1.034767428510992229e+07
-8.854926613107327372e+06,-1.341139335098585859e+07,-1.244849863088093884e+07
-6.236465639150306582e+06,-1.309583718660986237e+07,-1.424281810658186860e+07
-3.464350504450207576e+06,-1.245775614760892093e+07,-1.568641867694583535e+07
-6.068690898207045393e+05,-1.151286151788497344e+07,-1.674372822827102803e+07
2.265585091277411208e+06,-1.028442690122204646e+07,-1.738869459531459212e+07
5.082249404298489913e+06,-8.802714184981746599e+06,-1.760542836996344104e+07
7.773737681000554003e+06,-7.104226813540280797e+06,-1.738859453441322595e+07
1.027375158323355578e+07,-5.230808919384505600e+06,-1.674354324232776091e+07
1.252071532056215964e+07,-3.228612702815975063e+06,-1.568617659538403712e+07
1.445929325107790902e+07,-1.146959720334904967e+06,-1.424255485670470446e+07
1.604175286721051484e+07,9.628756458800716791e+05,-1.244825203541605361e+07
1.722913957786487043e+07,3.048930374434587546e+06,-1.034747699812699109e+07
1.799223443749688566e+07,5.059833358807910234e+06,-7.991982055505652912e+06
1.831227141262719035e+07,6.946070703016769141e+06,-5.439786189805539325e+06
1.818139677227032185e+07,8.661204583347350359e+06,-2.753744606049464550e+06
1.760285958431705087e+07,1.016301571951320581e+07,8.626836756833053794e-07
1.659092893283603527e+07,1.141454144692984782e+07,2.753646242176522501e+06
1.517054017757380754e+07,1.238498400375111774e+07,5.439402822715268470e+06
1.337667919528616220e+07,1.305046687167538516e+07,7.991156306120032445e+06
1.125351991800534166e+07,1.339462075630249083e+07,1.034609700346693583e+07
8.853336469325300306e+06,1.340898496922554076e+07,1.244626316315101460e+07
6.235216661319878884e+06,1.309321448149916157e+07,1.423996569544544071e+07
3.463608428228112869e+06,1.245508765185515955e+07,1.568305859017529897e+07
6.067348299333298346e+05,1.151031448505563661e+07,1.674002395150035620e+07
-2.265083536264706403e+06,1.028215013577071205e+07,1.738484508775518835e+07
-5.081157603927641176e+06,8.800823131267866120e+06,1.760164626253559813e+07
-7.772168007120490074e+06,7.102792327360759489e+06,1.738508342768822610e+07
-1.027186976803265885e+07,5.229850806308319792e+06,1.674047637294412404e+07
-1.251872177127499692e+07,3.228098642844594084e+06,1.568367904110035673e+07
-1.445740112796992809e+07,1.146809630772254663e+06,1.424069109568212926e+07
-1.604016528345636837e+07,-9.627803541911996435e+05,1.244702008508763090e+07
-1.722802835178331658e+07,-3.048733727878919337e+06,1.034680961794451810e+07
-1.799172261202109605e+07,-5.059689421620590612e+06,7.991754707422293723e+06
-1.831242128593280539e+07,-6.946127551812697202e+06,5.439830710702136159e+06
-1.818220452062056586e+07,-8.661589376320010051e+06,2.753866947181652300e+06
-1.760425678990160301e+07,-1.016382239653343894e+07,-6.729675987708187678e-07
-1.659279055442168936e+07,-1.141582224059990235e+07,-2.753955221096191090e+06
-1.517269781518988498e+07,-1.238674546425624378e+07,-5.440176444484798238e+06
-1.337893798266854323e+07,-1.305267057481086813e+07,-7.992505693568811752e+06
-1.125567708098879457e+07,-1.339718834229168855e+07,-1.034808022450695932e+07
-8.855199536987414584e+06,-1.341180671291037835e+07,-1.244888231475426629e+07
-6.236619497309789062e+06,-1.309616027047389932e+07,-1.424316948730294220e+07
-3.464423622019054834e+06,-1.245801907736652158e+07,-1.568674974991014972e+07
-6.068814887882575858e+05,-1.151309673764516041e+07,-1.674407032009058632e+07
2.265636998106657993e+06,-1.028466252776472270e+07,-1.738909298776128143e+07
5.082395543497779407e+06,-8.802967305500769988e+06,-1.760593461100104451e+07
7.774033888423868455e+06,-7.104497510188412853e+06,-1.738925710253888369e+07
1.027427574626615271e+07,-5.231075793335100636e+06,-1.674439749175545759e+07
1.252156020234930515e+07,-3.228830565453661140e+06,-1.568723507843120024e+07
1.446055649926102534e+07,-1.147059925424487097e+06,-1.424379916935694031e+07
1.604352506984333508e+07,9.629820189658571035e+05,-1.244962724828840047e+07
1.723149151072555035e+07,3.049346580915038008e+06,-1.034888952201166190e+07
1.799520481181458756e+07,5.060668696914948523e+06,-7.993301467962974682e+06
1.831585645640285686e+07,6.947430554395858198e+06,-5.440851151720311493e+06
1.818554285468416661e+07,8.663179682865010574e+06,-2.754372569470042828e+06
1.760745983246069029e+07,1.016567167401735857e+07,4.832709611193310646e-07
1.659582442146587744e+07,1.141790953789701685e+07,2.754458761109892279e+06
1.517552583663994633e+07,1.238905421529709920e+07,5.441190432628359646e+06
1.338151412563503161e+07,1.305518389429418370e+07,7.994044667540580966e+06
1.125794138162380643e+07,1.339988345000047423e+07,1.035016194419841468e+07
8.857076470678510144e+06,1.341464945764743350e+07,1.245152095960178785e+07
6.238019792573765852e+06,1.309910072422544844e+07,1.424636747665915079e+07
3.465249531762356870e+06,1.246098903729527444e+07,1.569048943098457158e+07
6.070350391198380385e+05,1.151600972782861628e+07,1.674830682687786222e+07
-2.266243693210842088e+06,1.028741656753931940e+07,1.739374946079583094e+07
-5.083829129547445104e+06,8.805450349373942241e+06,1.761090069874832779e+07
-7.776329169906294905e+06,7.106595111229894683e+06,1.739439127617364749e+07
-1.027742701832951419e+07,5.232680241513864137e+06,1.674953324568485841e+07
-1.252551571530073509e+07,3.229850540673448239e+06,1.569219061596204527e+07
-1.446521693140806258e+07,1.147429606560447719e+06,1.424838974369283020e+07
-1.604874645375851542e+07,-9.632954225848665228e+05,1.245367899397299252e+07
-1.723709257422296703e+07,-3.050337765213417355e+06,1.035225340884106047e+07
-1.800097821427115425e+07,-5.062292311505706981e+06,7.995865959270494059e+06
-1.832158297779588774e+07,-6.949602694683139212e+06,5.442552254292019643e+06
-1.819100727398153022e+07,-8.665782808139704168e+06,2.755200207486937754e+06
-1.761246704575159773e+07,-1.016856258995829523e+07,-2.935353309094349434e-07
-1.660021431287740357e+07,-1.142092977851555124e+07,-2.755187364555456676e+06
-1.517918552543715760e+07,-1.239204192612871341e+07,-5.442502615407448262e+06
-1.338438645281394012e+07,-1.305798617505088262e+07,-7.995760580371163785e+06
-1.126002884123078547e+07,-1.340236807081181183e+07,-1.035208108236640505e+07
-8.858440198644720018e+06,-1.341671491713496484e+07,-1.245343812577084824e+07
-6.238773662386699580e+06,-1.310068376130206138e+07,-1.424808916186434217e+07
-3.465549835762348957e+06,-1.246206892629466765e+07,-1.569184919359081611e+07
-6.070666260070051067e+05,-1.151660895995562524e+07,-1.674917832002166100e+07
2.266283624441137072e+06,-1.028759783189476468e+07,-1.739405593878883868e+07
5.083748132415043190e+06,-8.805310058225791901e+06,-1.761062011645180732e+07
7.775955971172891557e+06,-7.106254054126228206e+06,-1.739355649093435705e+07
1.027662571964562312e+07,-5.232272265880750492e+06,-1.674822733721845597e+07
1.252419649589326046e+07,-3.229510364539487287e+06,-1.569053787424083613e+07
1.446334239099009335e+07,-1.147280911716240924e+06,-1.424654330180472881e+07
1.604633320887820423e+07,9.631505721600444522e+05,-1.245180633823902719e+07
1.723420817348102853e+07,3.049827331305987667e+06,-1.035052109538499266e+07
1.799773382674669102e+07,5.061379914533863775e+06,-7.994424832713246346e+06
1.831812261071411520e+07,6.948290134713477455e+06,-5.441524328446322121e+06
1.818749448089905083e+07,8.664109393278287724e+06,-2.754668161730413325e+06
1.760907019962654263e+07,1.016660141993413493e+07,1.104602028177027903e-06
1.659709155351534486e+07,1.141878132339878194e+07,2.754669070816762745e+06
1.517647046463124640e+07,1.238982539433359727e+07,5.441529129345514812e+06
1.338217564852721058e+07,1.305582928486276418e+07,7.994439857764087617e+06
1.125837194297440536e+07,1.340039593018915318e+07,1.035055778741392680e+07
8.857333522521926090e+06,1.341503878028531745e+07,1.245188233013247885e+07
6.238157772637178190e+06,1.309939046597393602e+07,1.424668259504117072e+07
3.465311483975027688e+06,1.246121181658760458e+07,1.569076994773308374e+07
6.070451244551492855e+05,1.151620105585355498e+07,1.674858508475868218e+07
-2.266285843507084064e+06,1.028760790515302867e+07,1.739407297044371814e+07
-5.083951383845594712e+06,8.805662100030655041e+06,1.761132420006131381e+07
-7.776586589027673937e+06,7.106830360204348341e+06,1.739496708113385737e+07
-1.027789800039908849e+07,5.232920038747136481e+06,1.675030082397159375e+07
-1.252629471020811424e+07,3.230051413609546144e+06,1.569316655474517308e+07
-1.446640424498708174e+07,1.147523788262923248e+06,1.424955925996823236e+07
-1.605043602934140898e+07,-9.633968361392093357e+05,1.245499008901787549e+07
-1.723935892493079603e+07,-3.050738826767757535e+06,1.035361453379560448e+07
-1.800386384562081099e+07,-5.063103817925906740e+06,7.997147729694955051e+06
-1.832508766248314083e+07,-6.950932064867606387e+06,5.443593344985780306e+06
-1.819508041289321333e+07,-8.667723159030217677e+06,2.755817122921835631e+06
-1.761700408259437606e+07,-1.017118204940120690e+07,-9.151777390046412877e-07
-1.660505779377029464e+07,-1.142426208821505122e+07,-2.755991251608719118e+06
-1.518413095088032447e+07,-1.239607929159388319e+07,-5.444275799538900144e+06
-1.338919260781762563e+07,-1.306267512405949831e+07,-7.998631751556365751e+06
-1.126443185981113650e+07,-1.340760881010945328e+07,-1.035612906536813080e+07
-8.862170266218904406e+06,-1.342236436016757227e+07,-1.245868195704268478e+07
-6.241573016138331965e+06,-1.310656207172364369e+07,-1.425448231603420898e+07
-3.467190606749542058e+06,-1.246796911590700038e+07,-1.569927852865260839e+07
-6.073670787174884463e+05,-1.152230882260733098e+07,-1.675746791431900114e+07
2.267445772916985676e+06,-1.029287330404485390e+07,-1.740297559711702541e+07
5.086426413160459138e+06,-8.809948976554663852e+06,-1.761989795310911536e+07
7.780130686299273744e+06,-7.110069223142483272e+06,-1.740289465381190926e+07
1.028220469455126114e+07,-5.235112762019055896e+06,-1.675731961542158760e+07
1.253102096791657433e+07,-3.231270134367992636e+06,-1.569908769512365572e+07
1.447119741166815720e+07,-1.147903998347264715e+06,-1.425428057920512743e+07
1.605496149431787618e+07,9.636684685515220044e+05,-1.245850180803367682e+07
1.724332605433933437e+07,3.051440864226828795e+06,-1.035599711245570518e+07
1.800704784951347858e+07,5.063999233621184714e+06,-7.998562034408836626e+06
1.832734542003159225e+07,6.951788460188876837e+06,-5.444264027396423742e+06
1.819635883935938776e+07,8.668332172369774431e+06,-2.756010752709079068e+06
1.761734032969100773e+07,1.017137618175283447e+07,7.252696066876954972e-07
1.660457135791855492e+07,1.142392742086666636e+07,2.755910516391060315e+06
1.518300854061231948e+07,1.239516297397811711e+07,5.443873358920813538e+06
1.338766730987816863e+07,1.306118702301887795e+07,7.997720546759346500e+06
1.126275867249249667e+07,1.340561728125788085e+07,1.035459079481481947e+07
8.860600384957971051e+06,1.341998666738401726e+07,1.245647497492024302e+07
6.240329332560664043e+06,1.310395048391262442e+07,1.425164199589020945e+07
3.466446717803234700e+06,1.246529410162089206e+07,1.569591023394809105e+07
6.072317233469128842e+05,1.151974100745695457e+07,1.675373341278320178e+07
-2.266937476675460115e+06,1.029056593736514077e+07,1.739907434963965043e+07
-5.085314206259763800e+06,8.808022577691676095e+06,1.761604515538436174e+07
-7.778522856688088737e+06,7.108599867383552715e+06,1.739929819888510928e+07
-1.028026491299396195e+07,5.234125135776865296e+06,1.675415827595188655e+07
-1.252894968017164804e+07,3.230736028627945110e+06,1.569649274870792963e+07
-1.446920979499078356e+07,1.147746333914668066e+06,1.425232275602064282e+07
-1.605326436013503186e+07,-9.635666013057412347e+05,1.245718484758566320e+07
-1.724209616596215963e+07,-3.051223218765453435e+06,1.035525846606931463e+07
-1.800641391792718321e+07,-5.063820957365995273e+06,7.998280447933624499e+06
-1.832737557422976196e+07,-6.951799898048523813e+06,5.444272984908596613e+06
-1.819705470445970818e+07,-8.668663666702032089e+06,2.756116148064189125e+06
-1.761863807296777889e+07,-1.017212543418288976e+07,-5.353834417816834641e-07
-1.660634927983436175e+07,-1.142515062925224192e+07,-2.756205603424391709e+06
-1.518510009068823978e+07,-1.239687048168238252e+07,-5.444623284978177398e+06
-1.338987787798156403e+07,-1.306334368278467096e+07,-7.999041128272809088e+06
-1.126488419796283171e+07,-1.340814721036450751e+07,-1.035654492942105606e+07
-8.862445762572709471e+06,-1.342278161827987619e+07,-1.245906925737009570e+07
-6.241724763571355492e+06,-1.310688072331043705e+07,-1.425482887628243864e+07
-3.467260516759546008e+06,-1.246822051132904738e+07,-1.569959507794058882e+07
-6.073785845533740940e+05,-1.152252709882076085e+07,-1.675778536429327913e+07
2.267493199550151825e+06,-1.029308859312692657e+07,-1.740333960340927541e+07
5.086560120371106081e+06,-8.810180564235405996e+06,-1.762036112847131118e+07
7.780404493279336020e+06,-7.110319448576524854e+06,-1.740350711576327682e+07
1.028269507629701309e+07,-5.235362436464169994e+06,-1.675811881013862416e+07
1.253181989410618693e+07,-3.231476146819164511e+06,-1.570008860417591594e+07
1.447240235373763926e+07,-1.147999578400418861e+06,-1.425546745972770825e+07
1.605666347291709296e+07,9.637706265728253638e+05,-1.245982252770463005e+07
1.724559687647064775e+07,3.051842717060646508e+06,-1.035736092285898328e+07
1.800992784391399100e+07,5.064809154801281169e+06,-7.999841300952290185e+06
1.833083299773398787e+07,6.953111341483312659e+06,-5.445300036342715845e+06
1.820040307821281627e+07,8.670258755927473307e+06,-2.756623290957582183e+06
1.762183751913599297e+07,1.017397263528923877e+07,-6.561789090667694927e-07
1.660936607281243242e+07,1.142722617961004376e+07,2.756706309604122769e+06
1.518789938131827489e+07,1.239915577734606527e+07,5.445626971674560569e+06
1.339241699890957586e+07,1.306582088307244331e+07,8.000557985477524810e+06
1.126710778337320685e+07,1.341079385634676553e+07,1.035858921694157086e+07
8.864283638930013403e+06,1.342556520800848305e+07,1.246165299434856698e+07
6.243093163776389323e+06,1.310975420122848637e+07,1.425795402381941117e+07
3.468066693859736901e+06,1.247111951294741035e+07,1.570324541051987186e+07
6.075284173186981352e+05,1.152536956336003728e+07,1.676191930212079547e+07
-2.268085446641942952e+06,1.029577704740246013e+07,1.740788518584938720e+07
-5.087961042045328766e+06,8.812607031753022224e+06,1.762521406350633129e+07
-7.782651128206770867e+06,7.112372592733033001e+06,1.740853247491822764e+07
-1.028578617653562687e+07,5.236936248576966114e+06,1.676315649964041822e+07
-1.253571006981057487e+07,3.232479274065831676e+06,1.570496228603110090e+07
-1.447699998627827875e+07,1.148364278060608078e+06,1.425999617579545453e+07
-1.606183288680886477e+07,-9.640809107904424891e+05,1.246383394513114914e+07
-1.725116480117603019e+07,-3.052828036998948548e+06,1.036070490719193779e+07
-1.801569373457811400e+07,-5.066430656901237555e+06,8.002402455592927523e+06
-1.833658237046922371e+07,-6.955292149566310458e+06,5.447007927062758245e+06
-1.820592269480554760e+07,-8.672888175940664485e+06,2.757459289126246236e+06
-1.762693105820663273e+07,-1.017691339144267701e+07,8.463975693317110506e-07
-1.661386886575687304e+07,-1.143032409636376053e+07,-2.757453651656832546e+06
-1.519169087074387632e+07,-1.240225108808145486e+07,-5.446986411617849953e+06
-1.339542978131480329e+07,-1.306876019382249936e+07,-8.002357805504503660e+06
-1.126933240106559359e+07,-1.341344173101461492e+07,-1.036063445350803435e+07
-8.865768658094856888e+06,-1.342781437132981233e+07,-1.246374067500869744e+07
-6.243940482665009797e+06,-1.311153347026487999e+07,-1.425988912769135088e+07
-3.468422435617470648e+06,-1.247239875535466708e+07,-1.570485619273137487e+07
-6.075701476343838731e+05,-1.152616122559435479e+07,-1.676307065595908649e+07
2.268164098898353986e+06,-1.029613408249551803e+07,-1.740848885334108770e+07
5.087967011678922921e+06,-8.812617371461568400e+06,-1.762523474292349070e+07
7.782408264643098228e+06,-7.112150645722513087e+06,-1.740798922838665545e+07
1.028514978782521375e+07,-5.236612235706920736e+06,-1.676211935154514015e+07
1.253457834711620398e+07,-3.232187446149348747e+06,-1.570354444355301000e+07
1.447532138718286157e+07,-1.148231125940435100e+06,-1.425834273815520294e+07
1.605960900214043632e+07,9.639474263510283781e+05,-1.246210823117233068e+07
1.724844865739990026e+07,3.052347378448056988e+06,-1.035907364550781250e+07
1.801258385686903819e+07,5.065556087207235396e+06,-8.001021077036106028e+06
1.833321322975364327e+07,6.954014192883944139e+06,-5.446007100637689233e+06
1.820245237678878009e+07,8.671234995236717165e+06,-2.756933676620436367e+06
1.762352712839550525e+07,1.017494813164979406e+07,-3.444488476363481563e-08
1.661069347299529798e+07,1.142813942952344939e+07,2.756926622194885742e+06
1.518888614804087020e+07,1.239996135776304640e+07,5.445980777250656858e+06
1.339310457626407035e+07,1.306649169272191823e+07,8.000968740495672449e+06
1.126755130443441868e+07,1.341132176196662709e+07,1.035899697486523911e+07
8.864544194718467072e+06,1.342595983761123382e+07,1.246201929082007706e+07
6.243229176470609382e+06,1.311003981173248589e+07,1.425826464912697487e+07
3.468125250697143376e+06,1.247133008252099901e+07,1.570351055317149498e+07
6.075375326968809823e+05,1.152554249042451754e+07,1.676217079856875539e+07
-2.268122675975247286e+06,1.029594604672679305e+07,1.740817092638428882e+07
-5.088069549682027660e+06,8.812794972493672743e+06,1.762558994498718902e+07
-7.782883661711582914e+06,7.112585099358824082e+06,1.740905261477931589e+07
-1.028621949033163860e+07,5.237156867272965610e+06,1.676386268843926117e+07
-1.253643765768052638e+07,3.232666891097581014e+06,1.570587382115758397e+07
-1.447812188672688603e+07,1.148453270973409293e+06,1.426110125945307873e+07
-1.606344345951621607e+07,-9.641775823484684806e+05,1.246508373467332125e+07
-1.725333965344606712e+07,-3.053212906662541442e+06,1.036201108001187816e+07
-1.801847713634371385e+07,-5.067213413993514143e+06,8.003638816592462361e+06
-1.833997651237302274e+07,-6.956579589507767931e+06,5.448016180263313465e+06
-1.820988001063199714e+07,-8.674773351342678070e+06,2.758058662059730384e+06
-1.763135056416160986e+07,-1.017946499439521320e+07,2.245368142144790467e-07
-1.661859709370703623e+07,-1.143357711216063052e+07,-2.758238409832409583e+06
-1.519652753387615085e+07,-1.240619966175325029e+07,-5.448720598983445205e+06
-1.340013785700360127e+07,-1.307335345534251630e+07,-8.005170384635088034e+06
-1.127365189704706334e+07,-1.341858305665814690e+07,-1.036460564872102439e+07
-8.869432986517896876e+06,-1.343336424791249633e+07,-1.246889208837985061e+07
-6.246694133372582495e+06,-1.311731580972079746e+07,-1.426617790540931933e+07
-3.470038530759434681e+06,-1.247821021096932329e+07,-1.571217379670502804e+07
-6.078664743377108825e+05,-1.153178281411151215e+07,-1.677124641228192672e+07
2.269311857819362078e+06,-1.030134423450503126e+07,-1.741729806973836944e+07
5.090615922026622109e+06,-8.817205418767621741e+06,-1.763441083753602579e+07
7.786543457559684291e+06,-7.115929696366539225e+06,-1.741723898646800965e+07
1.029068487592273392e+07,-5.239430387183528394e+06,-1.677114010566468909e+07
1.254136087801676057e+07,-3.233936400970746297e+06,-1.571204171984694339e+07
1.448314274371036142e+07,-1.148851542217919603e+06,-1.426604685601689294e+07
1.606821771934832446e+07,9.644641481966810534e+05,-1.246878851619987749e+07
1.725756584950342774e+07,3.053960789484381676e+06,-1.036454924892616831e+07
1.802191935148458555e+07,5.068181444676767103e+06,-8.005167816324871033e+06
1.834248108467900753e+07,6.957529604715961963e+06,-5.448760180694567040e+06
1.821138467658506706e+07,8.675490140036646277e+06,-2.758286557958346326e+06
1.763188527597539872e+07,1.017977371040471643e+07,-4.146260270124936716e-07
1.661827654902887344e+07,1.143335657776379399e+07,2.758185208070500754e+06
1.519553625150680915e+07,1.240539039483552799e+07,5.448365174321030267e+06
1.339870933900617622e+07,1.307195977410586178e+07,8.004316995655640028e+06
1.127204396194867790e+07,1.341666919495090097e+07,1.036312736880380288e+07
8.867901687316142023e+06,1.343104499030281231e+07,1.246673934597555175e+07
6.245468758868707344e+06,1.311474266879032180e+07,1.426337939946310967e+07
3.469300029311767779e+06,1.247555457005052641e+07,1.570882989634170197e+07
6.077312619247244438e+05,1.152921771100351587e+07,1.676751585500448570e+07
-2.268801288336091675e+06,1.029902654864549637e+07,1.741337937480600178e+07
-5.089492821707542054e+06,8.815260151952838525e+06,1.763052030390653014e+07
-7.784910998902823776e+06,7.114437832730826922e+06,1.741358744034697115e+07
-1.028870333707663044e+07,5.238421500508015044e+06,1.676791071267210878e+07
-1.253922921089085378e+07,3.233386725701067131e+06,1.570937112905897573e+07
-1.448107652832588181e+07,1.148687643072217703e+06,1.426401161228509620e+07
-1.606642590085415728e+07,-9.643565977060090518e+05,1.246739808160096593e+07
-1.725622875447246432e+07,-3.053724172348788474e+06,1.036374621636546403e+07
-1.802117028261837363e+07,-5.067970789149089716e+06,8.004835086949065328e+06
-1.834239333113339916e+07,-6.957496318711644039e+06,5.448734112900328822e+06
-1.821196511469847709e+07,-8.675766647574584931e+06,2.758374470802980475e+06
-1.763307496013631672e+07,-1.018046057487514801e+07,6.047492319732083269e-07
-1.661995790473621897e+07,-1.143451334870003350e+07,-2.758464267720493488e+06
-1.519754577956620045e+07,-1.240703094109011441e+07,-5.449085691353863105e+06
-1.340085420295102149e+07,-1.307405233201545849e+07,-8.005598325856136158e+06
-1.127412051487041451e+07,-1.341914083396406844e+07,-1.036503647974102758e+07
-8.869713921827146783e+06,-1.343378974369614944e+07,-1.246928703494141623e+07
-6.246844824268574826e+06,-1.311763224270717986e+07,-1.426652205274484865e+07
-3.470105313137995079e+06,-1.247845035947429948e+07,-1.571247618422613293e+07
-6.078770173148334725e+05,-1.153198282402626239e+07,-1.677153729666771740e+07
2.269354246879343409e+06,-1.030153665596600994e+07,-1.741762341193262488e+07
5.090735307717953809e+06,-8.817412200851581991e+06,-1.763482440170350671e+07
7.786791024756309576e+06,-7.116155941911867820e+06,-1.741779275426742062e+07
1.029113516804206558e+07,-5.239659650272841565e+06,-1.677187396471312270e+07
1.254210466071322747e+07,-3.234128194026747253e+06,-1.571297354414097592e+07
1.448427702279449813e+07,-1.148941517045681365e+06,-1.426716413275978714e+07
1.606983379626384564e+07,9.645611501335804351e+05,-1.247004257695784047e+07
1.725973656865998358e+07,3.054344927736697253e+06,-1.036585293948175386e+07
1.802468684520598128e+07,5.068959728057634085e+06,-8.006397111121114343e+06
1.834584633240422979e+07,6.958806084738047794e+06,-5.449759850680560805e+06
1.821530006089526787e+07,8.677355340217091143e+06,-2.758879579965892714e+06
1.763625105319007859e+07,1.018229429305524752e+07,2.075171766184479190e-07
1.662294178615008295e+07,1.143656625593597814e+07,2.758959511468125507e+06
1.520030435615694150e+07,1.240928299846968427e+07,5.450074780017353594e+06
1.340334787197494321e+07,1.307648518881857395e+07,8.007088030337468721e+06
1.127629802012210898e+07,1.342173263255256228e+07,1.036703840275892802e+07
8.871509817785426974e+06,1.343650975123089924e+07,1.247181175472040288e+07
6.248180141523077153e+06,1.312043625035527907e+07,1.426957164555306733e+07
3.470891559350345749e+06,1.248127768989904784e+07,1.571603627066972665e+07
6.080231754065840505e+05,1.153475557667424344e+07,1.677556984901957773e+07
-2.269932486989707220e+06,1.030416152677015588e+07,1.742206148876390606e+07
-5.092105173118817620e+06,8.819784877325851470e+06,1.763956975465182588e+07
-7.788992415999959223e+06,7.118167738983524963e+06,1.742271691061557457e+07
-1.029417185405143350e+07,5.241205757762080990e+06,1.677682297317440994e+07
-1.254593808890129998e+07,3.235116688264952507e+06,1.571777613169319369e+07
-1.448882365249197744e+07,1.149302170988993952e+06,1.427164261049437709e+07
-1.607496649008871615e+07,-9.648692302998906234e+05,1.247402549995055608e+07
-1.726529014389317855e+07,-3.055327708341406658e+06,1.036918830580846593e+07
-1.803046744585524872e+07,-5.070585366945714690e+06,8.008964799800387584e+06
-1.835164388124081492e+07,-6.961005166611259803e+06,5.451482052442902699e+06
-1.822090273070370406e+07,-8.680024324895737693e+06,2.759728157331045251e+06
-1.764146048781574145e+07,-1.018530196153924055e+07,-1.739284371938169253e-08
-1.662758772010787390e+07,-1.143976265355452895e+07,-2.759730611064198893e+06
-1.520425732873239741e+07,-1.241251014144145884e+07,-5.451492119804206304e+06
-1.340652889604195207e+07,-1.307958863838239759e+07,-8.008988357031124644e+06
-1.127868432769939490e+07,-1.342457296031101979e+07,-1.036923229141343385e+07
-8.873136136451618746e+06,-1.343897292233210988e+07,-1.247409807809335925e+07
-6.249135330686586909e+06,-1.312244203415900096e+07,-1.427175310317704827e+07
-3.471310824588777497e+06,-1.248278536185310036e+07,-1.571793468425385468e+07
-6.080764576084432192e+05,-1.153576638876406290e+07,-1.677703992341361754e+07
2.270055004418862984e+06,-1.030471768400282227e+07,-1.742300182781895995e+07
5.092209198017975315e+06,-8.819965053734565154e+06,-1.763993010747019202e+07
7.788895859371491708e+06,-7.118079498266522773e+06,-1.742250092904691398e+07
1.029371979079306684e+07,-5.240975592909191735e+06,-1.677608622762921639e+07
1.254501501358054392e+07,-3.234878662511394359e+06,-1.571661968638501875e+07
1.448736203955521807e+07,-1.149186230939929839e+06,-1.427020290648763254e+07
1.607295108457981981e+07,9.647482594251971459e+05,-1.247246156389367953e+07
1.726275780840131268e+07,3.054879577165367547e+06,-1.036766743570647016e+07
1.802750274521230906e+07,5.069751624408366159e+06,-8.007647907535906881e+06
1.834837088113193959e+07,6.959763677248996682e+06,-5.450509785245425999e+06
1.821747371259112284e+07,8.678390818528359756e+06,-2.759208800086577423e+06
1.763804244410194457e+07,1.018332855308085494e+07,-1.727593073521982522e-07
1.662434760037730634e+07,1.143753345462844335e+07,2.759192838673047256e+06
1.520134707090753689e+07,1.241013425395241752e+07,5.450448645778531209e+06
1.340407130131551251e+07,1.307719097614609636e+07,8.007520203141079284e+06
1.127676082424855791e+07,1.342228349004521407e+07,1.036746388886742480e+07
8.871777415981173515e+06,1.343691504704141431e+07,1.247218795160065591e+07
6.248315721323652193e+06,1.312072095183499157e+07,1.426988128222050704e+07
3.470947070225244388e+06,1.248147730622912385e+07,1.571628762133745104e+07
6.080312984912160318e+05,1.153490967900964618e+07,1.677579396772503294e+07
-2.269964414176202845e+06,1.030430645745920017e+07,1.742230653455204889e+07
-5.092198434398090467e+06,8.819946410598492250e+06,1.763989282119782269e+07
-7.789196805706688203e+06,7.118354525685635395e+06,1.742317409734719992e+07
-1.029456192903394438e+07,5.241404361716430634e+06,1.677745869395017251e+07
-1.254660593036588095e+07,3.235288898988163564e+06,1.571861281545204110e+07
-1.448986868734017015e+07,1.149385066664520651e+06,1.427267198073403910e+07
-1.607648328216155618e+07,-9.649602728533088230e+05,1.247520251658776961e+07
-1.726735533918707445e+07,-3.055693172712441068e+06,1.037042862083938904e+07
-1.803312720674711838e+07,-5.071333353359029628e+06,8.010146240681663156e+06
-1.835490315221434087e+07,-6.962241448343852535e+06,5.452450241304903291e+06
-1.822471753850834817e+07,-8.681841612712692469e+06,2.760305946074989159e+06
-1.764573420718961209e+07,-1.018776939456926659e+07,3.630663489149702523e-07
-1.663217186287712865e+07,-1.144291653890028968e+07,-2.760491454990091268e+06
-1.520895698193152621e+07,-1.241634686241642572e+07,-5.453177182206277736e+06
-1.341111249233972095e+07,-1.308406045614519529e+07,-8.011726572840757668e+06
-1.128289702646741085e+07,-1.342958716944526881e+07,-1.037310530096322484e+07
-8.876715767225157470e+06,-1.344439451852002740e+07,-1.247913042118846811e+07
-6.251829630574022420e+06,-1.312809974394314177e+07,-1.427790633570532687e+07
-3.472894601416282821e+06,-1.248848060125785507e+07,-1.572510595239444450e+07
-6.083673289003442042e+05,-1.154128448311277106e+07,-1.678506516300897300e+07
2.271183526299488265e+06,-1.030984051114221290e+07,-1.743166339714539424e+07
5.094818310194297694e+06,-8.824484168587481603e+06,-1.764896833717558533e+07
7.792976549676677212e+06,-7.121808740320498124e+06,-1.743162877359714359e+07
1.029919284665483981e+07,-5.243762161104366183e+06,-1.678500588533491269e+07
1.255173593561547622e+07,-3.236611730766183697e+06,-1.572503977798631415e+07
1.449513030885023996e+07,-1.149802436159789562e+06,-1.427785473286976293e+07
1.608152279888635501e+07,9.652627602414751891e+05,-1.247911313501269557e+07
1.727186043442978337e+07,3.056490410536090843e+06,-1.037313429103219323e+07
1.803685064383924007e+07,5.072380470173306763e+06,-8.011800156571420841e+06
1.835768034033278376e+07,6.963294870095277205e+06,-5.453275224139428698e+06
1.822647643819412962e+07,8.682679512584758922e+06,-2.760572348078477196e+06
1.764649676372410357e+07,1.018820965679093823e+07,4.497652443346834063e-07
1.663204697454557009e+07,1.144283061586096883e+07,2.760470726898877881e+06
1.520812582317046076e+07,1.241566831782585382e+07,5.452879169923035428e+06
1.340980773376803473e+07,1.308278751625638455e+07,8.010947117077319883e+06
1.128137805062820762e+07,1.342777919243411347e+07,1.037170880711097457e+07
8.875242316762628034e+06,1.344216287679087371e+07,1.247705900412651151e+07
6.250636416196025908e+06,1.312559413545760326e+07,1.427518127694052085e+07
3.472169240450794809e+06,1.248587221333603561e+07,1.572182155153428763e+07
6.082336087511602091e+05,1.153874768963916972e+07,1.678137577784444764e+07
-2.270675611086193472e+06,1.030753487411088310e+07,1.742776507412055880e+07
-5.093694945018749684e+06,8.822538443027839065e+06,1.764507688605636731e+07
-7.791334794639884494e+06,7.120308380952835083e+06,1.742795643297700211e+07
-1.029718823683317006e+07,5.242741528004168533e+06,1.678173889265406877e+07
-1.254956432529116794e+07,3.236051755677148700e+06,1.572231914564478584e+07
-1.449300594947318174e+07,1.149633924836832331e+06,1.427576221669802442e+07
-1.607965505281310901e+07,-9.651506523428369546e+05,1.247766378131270036e+07
-1.727043163663936406e+07,-3.056237565350560471e+06,1.037227618362630345e+07
-1.803599743344215304e+07,-5.072140527632736601e+06,8.011421168502730317e+06
-1.835748032612126693e+07,-6.963219002234556712e+06,5.453215808542218991e+06
-1.822694140279455110e+07,-8.682901011161843315e+06,2.760642771367684938e+06
-1.764757283649730682e+07,-1.018883092769541964e+07,-2.595411461488697807e-07
-1.663362141558611766e+07,-1.144391382962165587e+07,-2.760732041602031793e+06
-1.521003935613123886e+07,-1.241723049523370713e+07,-5.453565267878849059e+06
-1.341187082639352046e+07,-1.308480029697710648e+07,-8.012179597532584332e+06
-1.128338922226939909e+07,-1.343017301068864204e+07,-1.037355780876012146e+07
-8.877006474887812510e+06,-1.344483481520230323e+07,-1.247953910599095374e+07
-6.251981377271345817e+06,-1.312841839398504794e+07,-1.427825289427336492e+07
-3.472958935104433447e+06,-1.248871194430761039e+07,-1.572539725236036442e+07
-6.083769455306592863e+05,-1.154146691939473525e+07,-1.678533048918576539e+07
2.271220718667525798e+06,-1.031000934266592003e+07,-1.743194885396650434e+07
5.094922372930110432e+06,-8.824664410531643778e+06,-1.764932882106462866e+07
7.793195371778670698e+06,-7.122008716434000060e+06,-1.743211824326664209e+07
1.029959844703910314e+07,-5.243968669710183516e+06,-1.678566690847988427e+07
1.255241736409691907e+07,-3.236787445060025435e+06,-1.572589348380332254e+07
1.449618369260601327e+07,-1.149885994098715484e+06,-1.427889232687058486e+07
1.608303943058379926e+07,9.653537931689445395e+05,-1.248029002719896287e+07
1.727391406042072177e+07,3.056853827561751008e+06,-1.037436765777091496e+07
1.803948525240860507e+07,5.073121383168774657e+06,-8.012970425027421676e+06
1.836089975092876330e+07,6.964516032294391654e+06,-5.454231572202087380e+06
1.823023685162461549e+07,8.684470888156332076e+06,-2.761141898280648980e+06
1.765070316542544588e+07,1.019063822394527495e+07,6.930191215134265151e-08
1.663655391993287764e+07,1.144593138949082419e+07,2.761218758144785650e+06
1.521274271701596677e+07,1.241943747540182248e+07,5.454534558929250576e+06
1.341430829183358327e+07,1.308717832081245817e+07,8.013635726294559427e+06
1.128551324597596191e+07,1.343270115230587125e+07,1.037551056269703060e+07
8.878755803092790768e+06,1.344748429268217646e+07,1.248199835954640247e+07
6.253281211723259650e+06,1.313114789196078852e+07,1.428122145158089884e+07
3.473724360118698794e+06,1.249146440199274942e+07,1.572886306138148904e+07
6.085193481081981445e+05,1.154416842649118043e+07,1.678925942558072135e+07
-2.271784925356441643e+06,1.031257050996610895e+07,1.743627922224237025e+07
-5.096261739561446942e+06,8.826984261589840055e+06,1.765396852317963913e+07
-7.795353331052806228e+06,7.123980822099800222e+06,1.743694524931722879e+07
-1.030258442249104753e+07,5.245488958273014054e+06,1.679053327192058787e+07
-1.255620022838774137e+07,3.237762900806495920e+06,1.573063272399749234e+07
-1.450068849539283477e+07,1.150243330191345885e+06,1.428332960466254689e+07
-1.608814797412568517e+07,-9.656604237598069012e+05,1.248425420979627594e+07
-1.727946949768383801e+07,-3.057836937677958980e+06,1.037770414239559323e+07
-1.804530046434988827e+07,-5.074756755555723794e+06,8.015553487716539763e+06
-1.836676887227511033e+07,-6.966742262504428625e+06,5.455975035071810707e+06
-1.823594899651527405e+07,-8.687192024278348312e+06,2.762007056682044640e+06
-1.765605718471844867e+07,-1.019372936842521094e+07,1.210200573891439587e-07
-1.664137291617156193e+07,-1.144924685377372056e+07,-2.762018581405682955e+06
-1.521688705527350493e+07,-1.242282084622448683e+07,-5.456020512951293029e+06
-1.341768596625130624e+07,-1.309047362508386932e+07,-8.015653530850220472e+06
-1.128808667788988166e+07,-1.343576420677931979e+07,-1.037787648699484020e+07
-8.880544435322895646e+06,-1.345019329880451411e+07,-1.248451286778060533e+07
-6.254359602565647103e+06,-1.313341238465750217e+07,-1.428368427676125988e+07
-3.474215846120031085e+06,-1.249323177880536765e+07,-1.573108848723765463e+07
-6.085857147698160261e+05,-1.154542746274000220e+07,-1.679109050473902747e+07
2.271956971128014848e+06,-1.031335149681462161e+07,-1.743759969852378219e+07
5.096476176681742072e+06,-8.827355677577659488e+06,-1.765471135515506193e+07
7.795421117559146136e+06,-7.124042770513947122e+06,-1.743709687677481398e+07
1.030233894340712577e+07,-5.245363974309672602e+06,-1.679013320485280827e+07
1.255551049388551153e+07,-3.237585044707383495e+06,-1.572976861224802583e+07
1.449946902187198214e+07,-1.150146597455112962e+06,-1.428212841050930694e+07
1.608636466494059004e+07,9.655533840241967700e+05,-1.248287037834260054e+07
1.727714120831862092e+07,3.057424915235617198e+06,-1.037630581832146645e+07
1.804249627365275845e+07,5.073968152134323493e+06,-8.014307892467868514e+06
1.836360137262867391e+07,6.965540790769259445e+06,-5.455034107513325289e+06
1.823256415549370646e+07,8.685579562874015421e+06,-2.761494390476092696e+06
1.765262152134028077e+07,1.019174578724884801e+07,6.921328983544329116e-07
1.663805888498427160e+07,1.144696680384407938e+07,2.761468541708349250e+06
1.521385764670685865e+07,1.242034768599407561e+07,5.454934317382837646e+06
1.341507961409648880e+07,1.308793083311300725e+07,8.014096510071204044e+06
1.128600360579557344e+07,1.343328480825185403e+07,1.037596138255522586e+07
8.879035561238972470e+06,1.344790800557333604e+07,1.248239165122092329e+07
6.253419033650420606e+06,1.313143730164097808e+07,1.428153620881106518e+07
3.473777820791534614e+06,1.249165664582954906e+07,1.572910512883590162e+07
6.085265713000387186e+05,1.154430545703746378e+07,1.678945871593251824e+07
-2.271811599721185863e+06,1.031269159593187831e+07,1.743648395186852664e+07
-5.096339215713419951e+06,8.827118454222308472e+06,1.765423690844414383e+07
-7.795527763889247552e+06,7.124140231960575096e+06,1.743733542737584561e+07
-1.030292753925777040e+07,5.245663653779508546e+06,1.679109246301678196e+07
-1.255680213369668089e+07,3.237918109120820183e+06,1.573138680175719410e+07
-1.450164752892586775e+07,1.150319403953211848e+06,1.428427426270744205e+07
-1.608955854515727796e+07,-9.657450905983800767e+05,1.248534879988562502e+07
-1.728140908456375450e+07,-3.058180173933073878e+06,1.037886901952377707e+07
-1.804781710706785321e+07,-5.075464493820599280e+06,8.016671356846124865e+06
-1.836987048283697292e+07,-6.967918741694537923e+06,5.456896389824918471e+06
-1.823959566477468237e+07,-8.688929214233828709e+06,2.762559379101634026e+06
-1.766015738205081597e+07,-1.019609661845852807e+07,-5.020411745624426731e-07
-1.664578412913833186e+07,-1.145228176360014081e+07,-2.762750723654590547e+06
-1.522142095777224749e+07,-1.242652225100372918e+07,-5.457646145377968438e+06
-1.342211781074035354e+07,-1.309479739175539464e+07,-8.018301090944373049e+06
-1.129216819868340157e+07,-1.344062227994427644e+07,-1.038162889604982547e+07
-8.884019249097367749e+06,-1.345545614246008731e+07,-1.248939785626185872e+07
-6.256979887442336418e+06,-1.313891467170925252e+07,-1.428966847407051735e+07
-3.475758992878511082e+06,-1.249878091305137798e+07,-1.573807578431205451e+07
-6.088696671556876972e+05,-1.155081429914070852e+07,-1.679892484936045483e+07
2.273060852374187671e+06,-1.031836246992856637e+07,-1.744607214739679918e+07
5.099033710649179295e+06,-8.831785456352220848e+06,-1.766357091270374879e+07
7.799430129774820060e+06,-7.127706507734266110e+06,-1.744606438902815431e+07
1.030772880038240738e+07,-5.248108182373939082e+06,-1.679891727001256496e+07
1.256214637067798339e+07,-3.239296183053910732e+06,-1.573808215764648095e+07
1.450716039851567894e+07,-1.150756703290698584e+06,-1.428970449682679214e+07
1.609487712231858261e+07,9.660643280569975032e+05,-1.248947596663136967e+07
1.728621033844172210e+07,3.059029821051898412e+06,-1.038175255667468533e+07
1.805184243660697341e+07,5.076596509787869640e+06,-8.018459370533815585e+06
1.837294410989318788e+07,6.969084606396074407e+06,-5.457809431885054335e+06
1.824163527673882246e+07,8.689900839059993625e+06,-2.762868297636205796e+06
1.766117617050155252e+07,1.019668481624468043e+07,3.116719597972839991e-07
1.664588420689134486e+07,1.145235061698755994e+07,2.762767333859255537e+06
1.522077896503568999e+07,1.242599813850212097e+07,5.457415958644459024e+06
1.342096425555032119e+07,1.309367196790670790e+07,8.017611963270575739e+06
1.129076264256991260e+07,1.343894930195876583e+07,1.038033667637228407e+07
8.882623792028764263e+06,1.345334262707239762e+07,1.248743608445162326e+07
6.255833499308964238e+06,1.313650739277721010e+07,1.428705035691795871e+07
3.475055082571357489e+06,1.249624966139330529e+07,1.573488851103292406e+07
6.087389031415968202e+05,1.154833358622713760e+07,1.679531702494820207e+07
-2.272561003090872429e+06,1.031609344748776406e+07,1.744223573155818880e+07
-5.097921903158295900e+06,8.829859749287897721e+06,1.765971949857603759e+07
-7.797796370319087990e+06,7.126213455329089426e+06,1.744240993322804570e+07
-1.030572252560313977e+07,5.247086701571463607e+06,1.679564756388334557e+07
-1.255995866851346381e+07,3.238732058495906647e+06,1.573534136515908688e+07
-1.450500234178579785e+07,1.150585518980914028e+06,1.428757878841063939e+07
-1.609295661280926690e+07,-9.659490531333825784e+05,1.248798566899351776e+07
-1.728470997592674941e+07,-3.058764311515870038e+06,1.038085146892506443e+07
-1.805090074164151773e+07,-5.076331683336930349e+06,8.018041078447518870e+06
-1.837264197669050470e+07,-6.968970003540836275e+06,5.457719681139063090e+06
-1.824198887662175298e+07,-8.690069286016307771e+06,2.762921853684119415e+06
-1.766213675654194131e+07,-1.019723941085288301e+07,-1.212803790611519239e-07
-1.664734448639140092e+07,-1.145335528772919066e+07,-2.763009700828024652e+06
-1.522258500623544492e+07,-1.242747256137144379e+07,-5.458063515388216823e+06
-1.342293135894760676e+07,-1.309559110025206581e+07,-8.018787100274696946e+06
-1.129269328941584565e+07,-1.344124727472655848e+07,-1.038211164630965889e+07
-8.884325703968463466e+06,-1.345592028937116265e+07,-1.248982867892427929e+07
-6.257135992119733244e+06,-1.313924247299175523e+07,-1.429002498537799530e+07
-3.475822233457472175e+06,-1.249900832529094256e+07,-1.573836213472347334e+07
-6.088785144898974104e+05,-1.155098214115279168e+07,-1.679916895036240295e+07
2.273093142833556049e+06,-1.031850904966848902e+07,-1.744631998136479780e+07
5.099122466105227359e+06,-8.831939185310106725e+06,-1.766387837062023208e+07
7.799619237686239183e+06,-7.127879328781586140e+06,-1.744648739285447076e+07
1.030808708450339735e+07,-5.248290600232642144e+06,-1.679950117995148152e+07
1.256276054403848015e+07,-3.239454554829575587e+06,-1.573885160504249483e+07
1.450812516175410151e+07,-1.150833231552860932e+06,-1.429065479869255610e+07
1.609628331759650260e+07,9.661487322490182705e+05,-1.249056716117741168e+07
1.728813232036320120e+07,3.059369941869880073e+06,-1.038290686061652005e+07
1.805432595004421100e+07,5.077294931331213564e+06,-8.019562523946082219e+06
1.837599595387464762e+07,6.970242208508855663e+06,-5.458716003132211044e+06
1.824521588372091576e+07,8.691606558923007920e+06,-2.763410614449146669e+06
1.766519595971399918e+07,1.019900564262965508e+07,9.350100063074321184e-07
1.665020421069280058e+07,1.145532277500461601e+07,2.763484337848334108e+06
1.522521582105415128e+07,1.242962031610284373e+07,5.459006795019665733e+06
1.342529924978503957e+07,1.309790124617664889e+07,8.020201665542964824e+06
1.129475412315768935e+07,1.344370020382009819e+07,1.038400630557655171e+07
8.886021983893815428e+06,1.345848942159596831e+07,1.249221335575420037e+07
6.258396559466625564e+06,1.314188951471416838e+07,1.429290386461601965e+07
3.476565152862503193e+06,1.250167985312498547e+07,1.574172603939636052e+07
6.090169380345911486e+05,1.155360816235172004e+07,1.680298810385491699e+07
-2.273642747657655273e+06,1.032100393307057582e+07,1.745053827820763737e+07
-5.100430665607278235e+06,8.834205053313953802e+06,1.766841010662800074e+07
-7.801733706055854447e+06,7.129811689185720868e+06,1.745121711678441614e+07
-1.031102361635874026e+07,5.249785714933687821e+06,1.680428696318848804e+07
-1.256649614148211479e+07,3.240417822265661322e+06,1.574353162848158181e+07
-1.451259412506802939e+07,1.151187724737288896e+06,1.429505677422704734e+07
-1.610137696062450111e+07,-9.664544684637372848e+05,1.249451978111467697e+07
-1.729370256051243469e+07,-3.060355671557943337e+06,1.038625223555884510e+07
-1.806019263080044463e+07,-5.078944777941246517e+06,8.022168448601824231e+06
-1.838195738685833663e+07,-6.972503453663629480e+06,5.460486887807839550e+06
-1.825106178271691874e+07,-8.694391412463672459e+06,2.764296031177635305e+06
-1.767072170875646546e+07,-1.020219593532667123e+07,-7.448013979817555865e-07
-1.665522527719492279e+07,-1.145877726341438666e+07,-2.764317699318061117e+06
-1.522958109959838912e+07,-1.243318405900825746e+07,-5.460571967264835723e+06
-1.342890219754713774e+07,-1.310141633013053238e+07,-8.022354047183306888e+06
-1.129754071399380825e+07,-1.344701697294855677e+07,-1.038656820081521012e+07
-8.887994749174246565e+06,-1.346147730984298140e+07,-1.249498672327687405e+07
-6.259614282936951146e+06,-1.314444658938212879e+07,-1.429568489715787396e+07
-3.477138125940219034e+06,-1.250374025632418878e+07,-1.574432043495463580e+07
-6.090980419988888316e+05,-1.155514677872670256e+07,-1.680522579032396153e+07
2.273870503746466711e+06,-1.032203781207072362e+07,-1.745228633926663548e+07
5.100769171708946116e+06,-8.834791363082315773e+06,-1.766958272616392374e+07
7.801986031829830259e+06,-7.130042283478964120e+06,-1.745178152875441685e+07
1.031101000953954645e+07,-5.249778787116874009e+06,-1.680426478761218116e+07
1.256606827867846191e+07,-3.240307492844333407e+06,-1.574299559429183602e+07
1.451164646389360726e+07,-1.151112553068766370e+06,-1.429412331807363033e+07
1.609985438901936822e+07,9.663630790056841215e+05,-1.249333827961334027e+07
1.729160387067845464e+07,3.059984279873356223e+06,-1.038499180437483080e+07
1.805756966101695970e+07,5.078207138041766360e+06,-8.021003349986080080e+06
1.837890996266463399e+07,6.971347528031205758e+06,-5.459581629488623701e+06
1.824772884401521459e+07,8.692803676145359874e+06,-2.763791226069184486e+06
1.766726923310947418e+07,1.020020264758238383e+07,5.541920162612531997e-07
1.665183180785583518e+07,1.145644256012086198e+07,2.763754475032387301e+06
1.522642186062505469e+07,1.243060490733202919e+07,5.459439220957071520e+06
1.342613292389058694e+07,1.309871458976672776e+07,8.020699697974195704e+06
1.129528242640473694e+07,1.344432902233148739e+07,1.038449200930998288e+07
8.886320742850109935e+06,1.345894191251436807e+07,1.249263335928604379e+07
6.258540549602675252e+06,1.314219187689954787e+07,1.429323270877779275e+07
3.476618271365586668e+06,1.250187086651594378e+07,1.574196655751017481e+07
6.090234807345833397e+05,1.155373228337111510e+07,1.680316861923929676e+07
-2.273664697172347456e+06,1.032110357098438405e+07,1.745070674391568080e+07
-5.100492891362770461e+06,8.834312831483146176e+06,1.766862566296681389e+07
-7.801877992106673308e+06,7.129943548645420931e+06,1.745153986135923117e+07
-1.031131814812673815e+07,5.249935673727930523e+06,1.680476697337346897e+07
-1.256702837027043849e+07,3.240555063676177990e+06,1.574419841424866952e+07
-1.451346068836090714e+07,1.151256463449013885e+06,1.429591034812084585e+07
-1.610267159717941657e+07,-9.665321765562786022e+05,1.249552440712108836e+07
-1.729550321095087752e+07,-3.060674321121913381e+06,1.038733367023509927e+07
-1.806254904039767012e+07,-5.079607454938691109e+06,8.023215143678574823e+06
-1.838488051088654622e+07,-6.973612230707814917e+06,5.461355221908408217e+06
-1.825451613832821697e+07,-8.696036989039100707e+06,2.764819226026589517e+06
-1.767462153875634074e+07,-1.020444750322596915e+07,-3.638795195189395547e-07
-1.665943502461030334e+07,-1.146167356515587308e+07,-2.765016403724065050e+06
-1.523392027946948446e+07,-1.243672649537975155e+07,-5.462127781822117977e+06
-1.343315434193107672e+07,-1.310556477898120321e+07,-8.024894255401366390e+06
-1.130146570016175136e+07,-1.345168872912728228e+07,-1.039017669735154510e+07
-8.891343535731730983e+06,-1.346654927664073370e+07,-1.249969453924286738e+07
-6.262144895059648901e+06,-1.314976057429832593e+07,-1.430146430014678836e+07
-3.478631657714537811e+06,-1.250911097577638365e+07,-1.575108307767455652e+07
-6.093734740321794525e+05,-1.156037197623530030e+07,-1.681282505544870719e+07
2.274943757600245997e+06,-1.032690975479212776e+07,-1.746052371845066920e+07
5.103261905826594681e+06,-8.839108905221244320e+06,-1.767821781044308096e+07
7.805903815485120751e+06,-7.133622649170266464e+06,-1.746054497746338695e+07
1.031629218674721010e+07,-5.252468170777425170e+06,-1.681287336275244132e+07
1.257259148443506099e+07,-3.241989577648125589e+06,-1.575116798339685053e+07
1.451923220601401292e+07,-1.151714279619873734e+06,-1.430159535328370333e+07
1.610827983225119859e+07,9.668688001789851114e+05,-1.249987634572958760e+07
1.730061472170329094e+07,3.061578872410058510e+06,-1.039040354146700166e+07
1.806689397956376895e+07,5.080829352542277426e+06,-8.025145124969829805e+06
1.838827180100821331e+07,6.974898588932656683e+06,-5.462362627966198139e+06
1.825686081435171515e+07,8.697153939456792548e+06,-2.765174349400050007e+06
1.767592337097753212e+07,1.020519911640985869e+07,1.178109076622783611e-06
1.665978838689339347e+07,1.146191667802970298e+07,2.765075052321902011e+06
1.523349606935913116e+07,1.243638017709630542e+07,5.461975681129060686e+06
1.343217950310344063e+07,1.310461371320009790e+07,8.024311891920825467e+06
1.130019846853447519e+07,1.345018039331836253e+07,1.038901164842067659e+07
8.890046875095413998e+06,1.346458539522296004e+07,1.249787165816663392e+07
6.261060680174389854e+06,1.314748385180538706e+07,1.429898817404059321e+07
3.477958004451023415e+06,1.250668852802430838e+07,1.574803280688644201e+07
6.092472366229548352e+05,1.155797713715485670e+07,1.680934212163133547e+07
-2.274457851415205281e+06,1.032470402583727799e+07,1.745679431791845337e+07
-5.102174656352168880e+06,8.837225733892057091e+06,1.767445146778419241e+07
-7.804297317356765270e+06,7.132154510219786316e+06,1.745695150084753335e+07
-1.031430844256635197e+07,5.251458161272259429e+06,1.680964037563946843e+07
-1.257041510109632835e+07,3.241428371780627873e+06,1.574844137133589014e+07
-1.451706912082108855e+07,1.151542696435090620e+06,1.429946469177891128e+07
-1.610633445196185261e+07,-9.667520324341945816e+05,1.249836674859618209e+07
-1.729906797558590025e+07,-3.061305154665779788e+06,1.038947459665255249e+07
-1.806588460521953180e+07,-5.080545493080658838e+06,8.024696770338219590e+06
-1.838788273411301151e+07,-6.974751011054813862e+06,5.462247052968901582e+06
-1.825711190363423154e+07,-8.697273552690740675e+06,2.765212379247391596e+06
-1.767677087800684571e+07,-1.020568842482124269e+07,-9.875992662139911879e-07
-1.666113095512463711e+07,-1.146284036354368925e+07,-2.765297882399303373e+06
-1.523518615658771433e+07,-1.243775993701617047e+07,-5.462581662533332594e+06
-1.343403874425699934e+07,-1.310642761370070279e+07,-8.025422592600090429e+06
-1.130203512472645193e+07,-1.345236649271910824e+07,-1.039070020660152659e+07
-8.891673449125155807e+06,-1.346704895309060439e+07,-1.250015834053721093e+07
-6.262309925552473404e+06,-1.315010711873410083e+07,-1.430184119620186090e+07
-3.478695884101518895e+06,-1.250934193297126330e+07,-1.575137389178415015e+07
-6.093818385845057201e+05,-1.156053065945305303e+07,-1.681305583636052534e+07
2.274971930807860568e+06,-1.032703764462643303e+07,-1.746073995191578567e+07
5.103336473034486175e+06,-8.839238059415351599e+06,-1.767847611883056536e+07
7.806063916336214170e+06,-7.133768961382897571e+06,-1.746090309718670696e+07
1.031660270290791988e+07,-5.252626267914400436e+06,-1.681337942334105447e+07
1.257313606148333475e+07,-3.242130003200770356e+06,-1.575185023928393982e+07
1.452010343234806322e+07,-1.151783388219290180e+06,-1.430245352032056637e+07
1.610956750046033971e+07,9.669460900103106396e+05,-1.250087556436407380e+07
1.730239333496577293e+07,3.061893622197294142e+06,-1.039147174105577916e+07
1.806921077801141888e+07,5.081480889965123497e+06,-8.026174225145782344e+06
1.839113655802934617e+07,6.975985226650822908e+06,-5.463213623745878227e+06
1.826023849263875559e+07,8.698762988697316498e+06,-2.765685930741650518e+06
1.767973045434467122e+07,1.020739713701645099e+07,7.971664142230221859e-07
1.666389334883365594e+07,1.146474088747515343e+07,2.765756365169236436e+06
1.523772404624102637e+07,1.243983182914329506e+07,5.463491623813208193e+06
1.343632085221752152e+07,1.310865406870491430e+07,8.026785911638421007e+06
1.130402054991835915e+07,1.345472966599163786e+07,1.039252553785600141e+07
8.893308131689485162e+06,1.346952479188887775e+07,1.250245642210749909e+07
6.263525922431673855e+06,1.315266056776671298e+07,1.430461828556187823e+07
3.479413738323722500e+06,1.251192332675091363e+07,1.575462430246144347e+07
6.095159015686847270e+05,1.156307395683824271e+07,1.681675468048830330e+07
-2.275505761729777325e+06,1.032946092376190238e+07,1.746483718175853789e+07
-5.104611462914460339e+06,8.841446406666463241e+06,1.768289281333285943e+07
-7.808132721531991847e+06,7.135659591340994462e+06,1.746553067997886986e+07
-1.031948827904134057e+07,5.254095438864877447e+06,1.681808216200286523e+07
-1.257682435837582685e+07,3.243081073638536967e+06,1.575647100374618545e+07
-1.452453881070506200e+07,1.152135217332914006e+06,1.430682241432296671e+07
-1.611465153398467228e+07,-9.672512494336186210e+05,1.250482072741416655e+07
-1.730798732580821589e+07,-3.062883554892760236e+06,1.039483138018986210e+07
-1.807514195105449855e+07,-5.083148873301160522e+06,8.028808796670377254e+06
-1.839720754715808854e+07,-6.978288027804430574e+06,5.465017052828010172e+06
-1.826623942294210196e+07,-8.701621695632567629e+06,2.766594828427810222e+06
-1.768545268254514039e+07,-1.021070086700822785e+07,-6.067645331190243756e-07
-1.666914376698813215e+07,-1.146835316957761534e+07,-2.766627792819671798e+06
-1.524233878760585375e+07,-1.244359922946817055e+07,-5.465146241045732982e+06
-1.344017726376635954e+07,-1.311241643531597406e+07,-8.029089711186269298e+06
-1.130704640741494857e+07,-1.345833122478485666e+07,-1.039530740658555739e+07
-8.895487262120291591e+06,-1.347282523430306651e+07,-1.250551990341754071e+07
-6.264899654022274539e+06,-1.315554524095939659e+07,-1.430775560889546759e+07
-3.480077907855769619e+06,-1.251431167113409378e+07,-1.575763163134904206e+07
-6.096134972761370009e+05,-1.156492543662100285e+07,-1.681944737980049103e+07
2.275795873847324867e+06,-1.033077786254567839e+07,-1.746706383439825848e+07
5.105088906741531566e+06,-8.842273363631410524e+06,-1.768454672726340219e+07
7.808591865085519850e+06,-7.136079191290425137e+06,-1.746655770988420025e+07
1.031973483536922187e+07,-5.254220971299530938e+06,-1.681848398469857126e+07
1.257669079463688098e+07,-3.243046632668439765e+06,-1.575630367270009033e+07
1.452389732524316385e+07,-1.152084332550998311e+06,-1.430619054444392957e+07
1.611342366368777677e+07,9.671775488587997388e+05,-1.250386791140673123e+07
1.730614953523166105e+07,3.062558332875756547e+06,-1.039372763988923281e+07
1.807272684780125320e+07,5.082469690288042650e+06,-8.027736030420879833e+06
1.839430065350062773e+07,6.977185407140596770e+06,-5.464153540070301853e+06
1.826297170626518130e+07,8.700065029607160017e+06,-2.766099901812335011e+06
1.768198930862355232e+07,1.020870128714150004e+07,-5.890815702466702439e-07
1.666566979167953506e+07,1.146596307826275751e+07,2.766051206716746558e+06
1.523904274206147902e+07,1.244090839111521281e+07,5.463964442689749412e+06
1.343723380274795182e+07,1.310954475543562882e+07,8.027331303382733837e+06
1.130459935970931686e+07,1.345541860044798255e+07,1.039305767555840686e+07
8.893634517174359411e+06,1.347001912508074380e+07,1.250291526377325878e+07
6.263681310181665234e+06,1.315298686358869821e+07,1.430497315955592506e+07
3.479468968481119256e+06,1.251212193362751417e+07,1.575487438205652870e+07
6.095221167864965973e+05,1.156319186517612450e+07,1.681692616045860946e+07
-2.275524020235011354e+06,1.032954380666381493e+07,1.746497731844078004e+07
-5.104660113219969906e+06,8.841530671465964988e+06,1.768306134293258563e+07
-7.808248404766003601e+06,7.135765311389616691e+06,1.746578944467125461e+07
-1.031973484977756813e+07,5.254220978634509258e+06,1.681848400817903131e+07
-1.257728582745545357e+07,3.243200068830660544e+06,1.575704914048038796e+07
-1.452530935992920212e+07,1.152196339886953356e+06,1.430758141335640475e+07
-1.611582355756088533e+07,-9.673215979150348576e+05,1.250573020688287728e+07
-1.730963868967240304e+07,-3.063175786167905200e+06,1.039582315633441880e+07
-1.807732377006542683e+07,-5.083762451378870755e+06,8.029777940244629979e+06
-1.839993374853830412e+07,-6.979322109656286426e+06,5.465826889700371772e+06
-1.826947919689247012e+07,-8.703165050378449261e+06,2.767085522852524649e+06
-1.768912663912532106e+07,-1.021282202682786435e+07,7.800188526355508802e-07
-1.667312425636148080e+07,-1.147109174203091674e+07,-2.767288446581809781e+06
-1.524645444245739095e+07,-1.244695918362274766e+07,-5.466621910622954369e+06
-1.344422143270950392e+07,-1.311636198054816201e+07,-8.031505675991695374e+06
-1.131078880838370323e+07,-1.346278565700324439e+07,-1.039874804060386308e+07
-8.898687926035979763e+06,-1.347767285920618102e+07,-1.251001948451224715e+07
-6.267324069891653024e+06,-1.316063622635761090e+07,-1.431329248126056604e+07
-3.481512224687747192e+06,-1.251946945448065549e+07,-1.576412615155531652e+07
-6.098786768690630561e+05,-1.156995613595545292e+07,-1.682676377653812245e+07
2.276831945023076143e+06,-1.033548101773231290e+07,-1.747501583113637939e+07
5.107502179217145778e+06,-8.846453274171980098e+06,-1.769290654834439233e+07
7.812396446362837218e+06,-7.139556104126726277e+06,-1.747506794317557290e+07
1.032488140511978231e+07,-5.256841311370424926e+06,-1.682687155495093018e+07
1.258306926846477389e+07,-3.244691396652824245e+06,-1.576429473904899508e+07
1.453134337449092790e+07,-1.152674978193713585e+06,-1.431352498071440123e+07
1.612172830604012124e+07,9.676760191899738275e+05,-1.251031223715644144e+07
1.731507079625711963e+07,3.064137071245142724e+06,-1.039908557101781107e+07
1.808200243096336722e+07,5.085078199267550372e+06,-8.031856157604027539e+06
1.840366063299228996e+07,6.980735762957109138e+06,-5.466933986364211887e+06
1.827215044150822982e+07,8.704437570658206940e+06,-2.767490108129859902e+06
1.769073602409169078e+07,1.021375120567196421e+07,3.479524787089437248e-08
1.667375751905182749e+07,1.147152742608701438e+07,2.767393551089843735e+06
1.524627553668532893e+07,1.244681312783958763e+07,5.466557763892662711e+06
1.344345229201975279e+07,1.311561159661901370e+07,8.031046195474386215e+06
1.130968474375578761e+07,1.346147153243754990e+07,1.039773300176969916e+07
8.897511130450600758e+06,1.347589052162382938e+07,1.250836511301072501e+07
6.266317789346013218e+06,1.315852315671937168e+07,1.431099434131906368e+07
3.480877991997373756e+06,1.251718876256313547e+07,1.576125437530035339e+07
6.097586210612754803e+05,1.156767856752578169e+07,1.682345139527303353e+07
-2.276366253018948250e+06,1.033336704929080792e+07,1.747144157736821100e+07
-5.106453532923681661e+06,8.844636965513553470e+06,1.768927393102702871e+07
-7.810838291147500277e+06,7.138132144570529461e+06,1.747158260184175521e+07
-1.032294703037068248e+07,5.255856437966894358e+06,1.682371902717247978e+07
-1.258093507303546183e+07,3.244141069431519601e+06,1.576162098075861298e+07
-1.452920812511538155e+07,1.152505603039073059e+06,1.431142173778038844e+07
-1.611979074507187493e+07,-9.675597207857653266e+05,1.250880870774287544e+07
-1.731350806901262328e+07,-3.063860525423432235e+06,1.039814702825663984e+07
-1.808095162251462787e+07,-5.084782687577123754e+06,8.031389398330336437e+06
-1.840320526127319783e+07,-6.980563034839506261e+06,5.466798715062762611e+06
-1.827231311262041330e+07,-8.704515063482210040e+06,2.767514746209469158e+06
-1.769147770522418991e+07,-1.021417941547334194e+07,1.559281390232114487e-07
-1.667498312432966940e+07,-1.147237064121423848e+07,-2.767596968474062160e+06
-1.524784484628521279e+07,-1.244809428685316257e+07,-5.467120440433118492e+06
-1.344519471302757971e+07,-1.311731152582466975e+07,-8.032087108426899649e+06
-1.131141612214672565e+07,-1.346353232382461987e+07,-1.039932477118100226e+07
-8.899050754838356748e+06,-1.347822238829838298e+07,-1.251052955919047073e+07
-6.267503874435504898e+06,-1.316101379454502091e+07,-1.431370311823898740e+07
-3.481580251507284120e+06,-1.251971407797603309e+07,-1.576443417384406552e+07
-6.098869774802520406e+05,-1.157011360615133308e+07,-1.682699279329179227e+07
2.276857288732668851e+06,-1.033559606329929642e+07,-1.747521034778319299e+07
5.107564816261585802e+06,-8.846561764714526013e+06,-1.769312352942991257e+07
7.812529988217051141e+06,-7.139678144728661515e+06,-1.747536665471669659e+07
1.032514597499833070e+07,-5.256976015278122388e+06,-1.682730273504837975e+07
1.258354461112137884e+07,-3.244813969309775159e+06,-1.576489025685054436e+07
1.453211914931015298e+07,-1.152736515258680796e+06,-1.431428912701350264e+07
1.612289250525240600e+07,9.677458980295911897e+05,-1.251121564498992264e+07
1.731669744933114946e+07,3.064424929611543659e+06,-1.040006250635345839e+07
1.808413984993286058e+07,5.085679291025131941e+06,-8.032805579094659537e+06
1.840632141092876717e+07,6.981745028888775967e+06,-5.467724388752575964e+06
1.827530424499671534e+07,8.705939971028139815e+06,-2.767967781515526585e+06
1.769430594279724360e+07,1.021581229919735156e+07,-3.467084021756882247e-07
1.667762038672852702e+07,1.147418507493679598e+07,2.768034682825042401e+06
1.525026626026263833e+07,1.245007109011946619e+07,5.467988639315047301e+06
1.344737186131078377e+07,1.311943558076593466e+07,8.033387725117731839e+06
1.131331128153146990e+07,1.346578805726854876e+07,1.040106711517548747e+07
8.900613107641296461e+06,1.348058867871707305e+07,1.251272595760148950e+07
6.268668387996400706e+06,1.316345913472249173e+07,1.431636263017840683e+07
3.482269550045078155e+06,1.252219278591239452e+07,1.576755528570454568e+07
6.100161295613753609e+05,1.157256373922156543e+07,1.683055614391362295e+07
-2.277373525483568199e+06,1.033793947522757016e+07,1.747917253981608897e+07
-5.108803068975492381e+06,8.848706481327479705e+06,1.769741296265589446e+07
-7.814548656227757223e+06,7.141522955550055020e+06,1.747988208872801811e+07
-1.032797602715435624e+07,5.258416916581484489e+06,1.683191498406488076e+07
-1.258718186685929261e+07,3.245751878188668750e+06,1.576944707603798062e+07
-1.453651898046898656e+07,1.153085524648701539e+06,1.431862300665444508e+07
-1.612796766458937153e+07,-9.680505247976323590e+05,1.251515392175263725e+07
-1.732231943519042060e+07,-3.065419816405659076e+06,1.040343895873532258e+07
-1.809014388671129569e+07,-5.087367765332331881e+06,8.035472516009244137e+06
-1.841251479448419809e+07,-6.984094255759398453e+06,5.469564175941024907e+06
-1.828147749905830994e+07,-8.708880769088298082e+06,2.768902779264660552e+06
-1.770024598046913743e+07,-1.021924178154608980e+07,5.376441663428816502e-07
-1.668312468543732166e+07,-1.147797202658901364e+07,-2.768948247792524751e+06
-1.525515694962348603e+07,-1.245406376993113756e+07,-5.469742197804044001e+06
-1.345150859464952350e+07,-1.312347143305736035e+07,-8.035858987395736389e+06
-1.131660181453352794e+07,-1.346970464887434058e+07,-1.040409231741239689e+07
-8.903020639382524416e+06,-1.348423505057171918e+07,-1.251611053173584677e+07
-6.270214926986572333e+06,-1.316670668293417245e+07,-1.431989461044190265e+07
-3.483034844547994900e+06,-1.252494477428532951e+07,-1.577102050378304161e+07
-6.101320365718568210e+05,-1.157476260117875040e+07,-1.683375405843415484e+07
2.277732981173613109e+06,-1.033957119314066134e+07,-1.748193141444515437e+07
5.109435296467204578e+06,-8.849801531466089189e+06,-1.769960306293260306e+07
7.815238684987036511e+06,-7.142153555786842480e+06,-1.748142557151776180e+07
1.032851374501838721e+07,-5.258690691879877821e+06,-1.683279132434248552e+07
1.258737868336148933e+07,-3.245802629623560235e+06,-1.576969365128155611e+07
1.453622258277058601e+07,-1.153062013387193438e+06,-1.431833105182515830e+07
1.612707377962313965e+07,9.679968710553681012e+05,-1.251446027527650446e+07
1.732077975325252488e+07,3.065147348763939459e+06,-1.040251425652593188e+07
1.808796957021809742e+07,5.086756297136029229e+06,-8.034506704984720796e+06
1.840977527830281109e+07,6.983055123439302668e+06,-5.468750383814968169e+06
1.827829458170927688e+07,8.707364499536545947e+06,-2.768420696309878025e+06
1.769678350853210315e+07,1.021724272244172730e+07,2.776246380967068202e-07
1.667957444525493495e+07,1.147552946512214839e+07,2.768359003778715152e+06
1.525172169133183174e+07,1.245125928054030053e+07,5.468510484666918404e+06
1.344838340491038561e+07,1.312042245621152595e+07,8.033992015830930322e+06
1.131395529614352435e+07,1.346655460245237686e+07,1.040165919993596710e+07
8.900977512683592737e+06,1.348114059513135441e+07,1.251323824819901586e+07
6.268841701935470104e+06,1.316382307341355085e+07,1.431675844394034147e+07
3.482330093063183129e+06,1.252241049776411243e+07,1.576782942169041745e+07
6.100225047921978403e+05,1.157268468318524584e+07,1.683073203874760866e+07
-2.277389638261775952e+06,1.033801261779446900e+07,1.747929620774184912e+07
-5.108840976883008145e+06,8.848772139750765637e+06,1.769754427950173616e+07
-7.814639051356871612e+06,7.141605565426292829e+06,1.748008428802040964e+07
-1.032817757534662448e+07,5.258519533437801525e+06,1.683224345520363748e+07
-1.258757425013534911e+07,3.245853058800839819e+06,1.576993866084177606e+07
-1.453719304307218827e+07,1.153138993558979128e+06,1.431928696535738371e+07
-1.612901363403363153e+07,-9.681133071207294706e+05,1.251596558437830023e+07
-1.732381440722744539e+07,-3.065684372022469528e+06,1.040433680907211639e+07
-1.809213985171744600e+07,-5.087929076954294927e+06,8.036359104975792579e+06
-1.841502843307285011e+07,-6.985047709919218905e+06,5.470310869575000368e+06
-1.828448279514572769e+07,-8.710312423904469237e+06,2.769357959798992146e+06
-1.770367041412578896e+07,-1.022121887923865207e+07,9.194607642919818071e-07
-1.668684941237155348e+07,-1.148053463475500047e+07,-2.769566451893305872e+06
-1.525902099159525707e+07,-1.245721831139488332e+07,-5.471127651490815915e+06
-1.345531670002960600e+07,-1.312718667152562365e+07,-8.038133929097794928e+06
-1.132013533794204704e+07,-1.347391046237471886e+07,-1.040734091662632301e+07
-8.906050562194276601e+06,-1.348882407636830769e+07,-1.252037008030353300e+07
-6.272516009367814288e+06,-1.317153868265273981e+07,-1.432514981422139890e+07
-3.484399864791138098e+06,-1.252985336806049570e+07,-1.577720125223855488e+07
-6.103851222139985766e+05,-1.157956386722829193e+07,-1.684073677891303971e+07
2.278724813297052402e+06,-1.034407352898863889e+07,-1.748954387003215030e+07
5.111753123626330867e+06,-8.853816125869739801e+06,-1.770763225173946470e+07
7.818905790516004898e+06,-7.145504832932301797e+06,-1.748962829378271475e+07
1.033349341457943991e+07,-5.261226055884468369e+06,-1.684090689069200307e+07
1.259357592353939451e+07,-3.247400660395586863e+06,-1.577745766486656480e+07
1.454348943083550222e+07,-1.153638444190013455e+06,-1.432548897305904701e+07
1.613521751183786988e+07,9.684856830621712143e+05,-1.252077973624587618e+07
1.732957311271570250e+07,3.066703453213318717e+06,-1.040779537253158167e+07
1.809716208527008072e+07,5.089341445438116789e+06,-8.038589934091272764e+06
1.841910481858968362e+07,6.986593933289560489e+06,-5.471521787932682782e+06
1.828749846874623373e+07,8.711749022333011031e+06,-2.769814712104732636e+06
1.770560871402179822e+07,1.022233795720726810e+07,9.024560459631557073e-07
1.668778662427223101e+07,1.148117943554499745e+07,2.769722003763579298e+06
1.525911296575976349e+07,1.245729339761729725e+07,5.471160628861485049e+06
1.345477890928506106e+07,1.312666199569275230e+07,8.037812655795183033e+06
1.131921851543556526e+07,1.347281920471705496e+07,1.040649802172202058e+07
8.905014393152968958e+06,1.348725472732675262e+07,1.251891340545359068e+07
6.271603429768963717e+06,1.316962237387368083e+07,1.432306566816898435e+07
3.483814348564595915e+06,1.252774785986817256e+07,1.577455006187612191e+07
6.102729495911294362e+05,1.157743585000498407e+07,1.683764189741909876e+07
-2.278285868416942190e+06,1.034208097680055164e+07,1.748617490433298424e+07
-5.110757903168797493e+06,8.852092353473000228e+06,1.770418470694576576e+07
-7.817418517895740457e+06,7.144145651228968054e+06,1.748630150535605475e+07
-1.033163749282501079e+07,5.260281126276031137e+06,1.683788222089226544e+07
-1.259151785463168100e+07,3.246869963287127670e+06,1.577487927924705856e+07
-1.454141874608647078e+07,1.153474190518884687e+06,1.432344932695646212e+07
-1.613332502764285915e+07,-9.683720903065735474e+05,1.251931118599084392e+07
-1.732802993259289488e+07,-3.066430366520242300e+06,1.040686856938223355e+07
-1.809610158865461126e+07,-5.089043209208886139e+06,8.038118871425500140e+06
-1.841860943899509311e+07,-6.986406029691281728e+06,5.471374632016670890e+06
-1.828759243343245983e+07,-8.711793784974506125e+06,2.769828943945833482e+06
-1.770625718316650763e+07,-1.022271235104239918e+07,-7.116049210748904740e-07
-1.668890092735973373e+07,-1.148194607488445193e+07,-2.769906947991478257e+06
-1.526056098037270643e+07,-1.245847553336238675e+07,-5.471679815039262176e+06
-1.345639913655256480e+07,-1.312824271105402894e+07,-8.038780570862641558e+06
-1.132083612500383332e+07,-1.347474458156475611e+07,-1.040798519601322711e+07
-8.906457452691009268e+06,-1.348944033991699480e+07,-1.252094209811983630e+07
-6.272717683886350133e+06,-1.317196217518966272e+07,-1.432561039777043648e+07
-3.484475227175821550e+06,-1.253012437014317326e+07,-1.577754248962339759e+07
-6.103939078324363800e+05,-1.157973053843571246e+07,-1.684097917715541646e+07
2.278749111755146179e+06,-1.034418382973098010e+07,-1.748973036422748491e+07
5.111807217274272814e+06,-8.853909818812575191e+06,-1.770781963762701675e+07
7.819016955298270099e+06,-7.145606423681429587e+06,-1.748987695143169537e+07
1.033371613939992338e+07,-5.261339454672884196e+06,-1.684126987422721833e+07
1.259398512914093398e+07,-3.247506178840328008e+06,-1.577797032497998141e+07
1.454417091517638974e+07,-1.153692501817861805e+06,-1.432616024225230701e+07
1.613625658064957522e+07,9.685480511886840686e+05,-1.252158604404331930e+07
1.733104255237063393e+07,3.066963490529529750e+06,-1.040867788862776197e+07
1.809911070614713430e+07,5.089889442794818431e+06,-8.039455493238094263e+06
1.842154773511620238e+07,6.987520561697799712e+06,-5.472247473091617227e+06
1.829041009746939689e+07,8.713136056142451242e+06,-2.770255705830226187e+06
1.770891918973189592e+07,1.022424926125005633e+07,5.207990302356100824e-07
1.669138199242855608e+07,1.148365304501160234e+07,2.770318737803161144e+06
1.526283914992010966e+07,1.246033539418935589e+07,5.472496653577533551e+06
1.345844911501861364e+07,1.313024269742254727e+07,8.040005216987505555e+06
1.132262345216428488e+07,1.347687196656630561e+07,1.040962840278891288e+07
8.907934494196414948e+06,1.349167742052707635e+07,1.252301856356812082e+07
6.273822139017011970e+06,1.317428139979534596e+07,1.432813274847906083e+07
3.485131515794808976e+06,1.253248437487555109e+07,1.578051413410479389e+07
6.105174234301792458e+05,1.158207374225006625e+07,1.684438701523184776e+07
-2.279245258802327793e+06,1.034643604619552568e+07,1.749353836487133428e+07
-5.113003650843464769e+06,8.855982102542156354e+06,1.771196420508624986e+07
-7.820978587117208168e+06,7.147399110534740612e+06,1.749426480469989404e+07
-1.033648285156575404e+07,5.262748106864168309e+06,1.684577889553439990e+07
-1.259756361926854216e+07,3.248428934321092907e+06,1.578245352155882679e+07
-1.454852863966374658e+07,1.154038171165232314e+06,1.433045264638211019e+07
-1.614131854428510927e+07,-9.688518859094332438e+05,1.252551408106360398e+07
-1.733669143872404844e+07,-3.067963137732141651e+06,1.041207049690899998e+07
-1.810519054991298541e+07,-5.091599235785292462e+06,8.042156102904650383e+06
-1.842787103111749142e+07,-6.989919065962953493e+06,5.474125851665693335e+06
-1.829676794630205259e+07,-8.716164790960634127e+06,2.771218662205452565e+06
-1.771509381706935912e+07,-1.022781418400535733e+07,-3.300011772840352918e-07
-1.669716076426035166e+07,-1.148762883388100006e+07,-2.771277857898249757e+06
-1.526802905099093169e+07,-1.246457234560819715e+07,-5.474357494536292739e+06
-1.346289057152266987e+07,-1.313457584170519933e+07,-8.042658519248270430e+06
-1.132620236902267300e+07,-1.348113181009823829e+07,-1.041291873516941443e+07
-8.910591447429191321e+06,-1.349570155832823366e+07,-1.252675378127432056e+07
-6.275557818739076145e+06,-1.317792612108218856e+07,-1.433209668767718226e+07
-3.486007755444297567e+06,-1.253563532044504769e+07,-1.578448170666323416e+07
-6.106534705148990033e+05,-1.158465467983663082e+07,-1.684814060138021410e+07
2.279681190354305319e+06,-1.034841491964404099e+07,-1.749688420284243301e+07
5.113807082524097525e+06,-8.857373687033861876e+06,-1.771474737406944111e+07
7.821924814380886033e+06,-7.148263844254405238e+06,-1.749638136212748662e+07
1.033734482677950338e+07,-5.263186975526549853e+06,-1.684718369096051529e+07
1.259812995062098466e+07,-3.248574969473677222e+06,-1.578316303162633628e+07
1.454862027451675199e+07,-1.154045439949800028e+06,-1.433054290766953118e+07
1.614080288391048089e+07,9.688209343779748306e+05,-1.252511393337663636e+07
1.733549282272154838e+07,3.067751026342929807e+06,-1.041135063208607771e+07
1.810329629020049423e+07,5.091066526048265398e+06,-8.041314690478708595e+06
1.842533245510208979e+07,6.988956152729421854e+06,-5.473371750198173337e+06
1.829369622415575013e+07,8.714701492279227823e+06,-2.770753420816488564e+06
1.771165069772173464e+07,1.022582629812168516e+07,1.389947152424983397e-07
1.669354472240826860e+07,1.148514100093473308e+07,2.770677692584896460e+06
1.526445773719370365e+07,1.246165678270050883e+07,5.473076998646129854e+06
1.345958083202264830e+07,1.313134681564570032e+07,8.040681298646845855e+06
1.132334942248362489e+07,1.347773606039421260e+07,1.041029583479183540e+07
8.908349028533998877e+06,1.349230526119587943e+07,1.252360132730494626e+07
6.274021178098770790e+06,1.317469935822802596e+07,1.432858731322693266e+07
3.485201306677049026e+06,1.253273534191988781e+07,1.578083014399478026e+07
6.105245785616036737e+05,1.158220948167946376e+07,1.684458442784974352e+07
-2.279261275551513769e+06,1.034650875284040347e+07,1.749366129575033486e+07
-5.113034794057648629e+06,8.856036044177545235e+06,1.771207208835397661e+07
-7.821048764559563249e+06,7.147463243966535665e+06,1.749442178029527888e+07
-1.033664462192263268e+07,5.262830471110536717e+06,1.684604253914259002e+07
-1.259789135870428942e+07,3.248513445761090145e+06,1.578286411939645745e+07
-1.454910886098515056e+07,1.154084196270157350e+06,1.433102417044365034e+07
-1.614223835701983236e+07,-9.689070959152545547e+05,1.252622784724915586e+07
-1.733802633368987963e+07,-3.068199365535922814e+06,1.041287220815511979e+07
-1.810699275711663812e+07,-5.092106058223367669e+06,8.042956626468786038e+06
-1.843015962954369560e+07,-6.990787159610516392e+06,5.474805695571465418e+06
-1.829952171090646461e+07,-8.717476621889108792e+06,2.771635745916205458e+06
-1.771824749847006798e+07,-1.022963496281007119e+07,5.196695568404634504e-08
-1.670060514844943024e+07,-1.148999856653602049e+07,-2.771849532673642505e+06
-1.527161478242220730e+07,-1.246749967884121090e+07,-5.475643159874224104e+06
-1.346643538567282073e+07,-1.313803420973159000e+07,-8.044776172182134353e+06
-1.132950110414888896e+07,-1.348505816436782666e+07,-1.041595147815494984e+07
-8.913428013645369560e+06,-1.349999773230561428e+07,-1.253074150383766368e+07
-6.277718203490487300e+06,-1.318246267248386331e+07,-1.433703056670302339e+07
-3.487293133692722302e+06,-1.254025752272362635e+07,-1.579030183986449242e+07
-6.108925486875756178e+05,-1.158919021140855737e+07,-1.685473685096677020e+07
2.280621356901513878e+06,-1.035268272408352606e+07,-1.750410011761533469e+07
5.116012420259171166e+06,-8.861193444044973701e+06,-1.772238688808860630e+07
7.825428209953812882e+06,-7.151465510916774161e+06,-1.750421789168654010e+07
1.034212329392007180e+07,-5.265619898723658174e+06,-1.685497134969074652e+07
1.260410532319847681e+07,-3.250115789093251806e+06,-1.579064908550442755e+07
1.455566316211044788e+07,-1.154604105456406483e+06,-1.433748022550158389e+07
1.614873930749818310e+07,9.692973030799597036e+05,-1.253127252476651780e+07
1.734411279205164686e+07,3.069276447052072734e+06,-1.041652761344207823e+07
1.811236354935874417e+07,5.093616449489778839e+06,-8.045342282090180553e+06
1.843459469796986505e+07,6.992469435838050209e+06,-5.476123163155705668e+06
1.830289523420048505e+07,8.719083691784778610e+06,-2.772146697945579886e+06
1.772053204990924150e+07,1.023095394919832610e+07,-2.430117253011889424e-07
1.670186685350231826e+07,1.149086661826935410e+07,2.772058941645757761e+06
1.527200030584995821e+07,1.246781441394145600e+07,5.475781389442401938e+06
1.346615233151314408e+07,1.313775805831400678e+07,8.044607077149583027e+06
1.132879397568155639e+07,1.348421649725446664e+07,1.041530136870136298e+07
8.912552205476757139e+06,1.349867126079831645e+07,1.252951026869957149e+07
6.276914564634330571e+06,1.318077512632642686e+07,1.433519521913236193e+07
3.486765458212181926e+06,1.253836000904807076e+07,1.578791254972180538e+07
6.107899540331579046e+05,1.158724389701056853e+07,1.685190622894649580e+07
-2.280215760645796545e+06,1.035084155508168414e+07,1.750098710745144263e+07
-5.115085820546099916e+06,8.859588526259444654e+06,1.771917705251965299e+07
-7.824035253537234850e+06,7.150192522461059503e+06,1.750110207336000726e+07
-1.034037649251167290e+07,5.264730526977127418e+06,1.685212451767622307e+07
-1.260215970050898753e+07,3.249614087555289734e+06,1.578821157452266477e+07
-1.455369699080756307e+07,1.154448142142965458e+06,1.433554352623493038e+07
-1.614693319165483490e+07,-9.691888944172270130e+05,1.252987099555667117e+07
-1.734262944831294939e+07,-3.069013949220275972e+06,1.041563674682951346e+07
-1.811133045680762827e+07,-5.093325919918075204e+06,8.044883392053110525e+06
-1.843409135388149321e+07,-6.992278511208317243e+06,5.475973641331967898e+06
-1.830294613531222567e+07,-8.719107939920432866e+06,2.772154407398942858e+06
-1.772110580519293621e+07,-1.023128520696569234e+07,4.340638480763236965e-07
-1.670288112024857290e+07,-1.149156443271108903e+07,-2.772227282539889216e+06
-1.527333161663225666e+07,-1.246890127456392162e+07,-5.476258731418297626e+06
-1.346764941625644639e+07,-1.313921863418333232e+07,-8.045501427534251474e+06
-1.133029292416159064e+07,-1.348600063648977503e+07,-1.041667945009165257e+07
-8.913891772663256153e+06,-1.350070012713136524e+07,-1.253139346898485348e+07
-6.277950075742239133e+06,-1.318294957667419314e+07,-1.433756011572806537e+07
-3.487380078924848698e+06,-1.254057017656432465e+07,-1.579069552384624630e+07
-6.109024967455255101e+05,-1.158937893516265787e+07,-1.685501132132670656e+07
2.280646883824408986e+06,-1.035279860133661330e+07,-1.750429604045867175e+07
5.116062468271277845e+06,-8.861280129740988836e+06,-1.772256025948252156e+07
7.825522885689938441e+06,-7.151552032733596861e+06,-1.750442966600438580e+07
1.034231052192824893e+07,-5.265715224557446316e+06,-1.685527648265312240e+07
1.260445419869805314e+07,-3.250205750716472045e+06,-1.579108616298464872e+07
1.455625459111286514e+07,-1.154651019591827411e+06,-1.433806278924593702e+07
1.614965491026336700e+07,9.693522603903803974e+05,-1.253198302405459620e+07
1.734542321995813772e+07,3.069508345077219885e+06,-1.041731463026120514e+07
1.811411741072356328e+07,5.094109675956273451e+06,-8.046121330885292031e+06
1.843680920429155603e+07,6.993309425434132107e+06,-5.476780997492046095e+06
1.830554947874843329e+07,8.720348113619424403e+06,-2.772548708399994299e+06
1.772356354535088688e+07,1.023270418390869722e+07,1.389741093767318144e-06
1.670517162167946063e+07,1.149314029525816441e+07,2.772607443932957482e+06
1.527543647351318970e+07,1.247061964572890103e+07,5.477013428635549732e+06
1.346954687883879244e+07,1.314106982401956804e+07,8.046634961489564739e+06
1.133195204075464420e+07,1.348797541751143709e+07,1.041820478450590372e+07
8.915268184867851436e+06,1.350278479776567779e+07,1.253332846700177155e+07
6.278984172549032606e+06,1.318512105716040544e+07,1.433992178235273249e+07
3.487997905687392689e+06,1.254279187299542129e+07,1.579349301482092775e+07
6.110194693185006035e+05,1.159159801181461103e+07,1.685823863508520275e+07
-2.281119749713699799e+06,1.035494513500398956e+07,1.750792535483244434e+07
-5.117210399944762699e+06,8.863268405724106357e+06,1.772653681144824624e+07
-7.827418082184727304e+06,7.153284005989339203e+06,1.750866891419748962e+07
-1.034500271761776507e+07,5.267085937204116955e+06,1.685966406148251891e+07
-1.260796204923297651e+07,3.251110290953104850e+06,1.579548086101551913e+07
-1.456055881239696778e+07,1.154992444885776378e+06,1.434230249216180854e+07
-1.615469396079482138e+07,-9.696547197971960995e+05,1.253589328071556799e+07
-1.735109210984685272e+07,-3.070511532177230343e+06,1.042071925226607360e+07
-1.812026996695278585e+07,-5.095839917376062833e+06,8.048854238749224693e+06
-1.844326384241273999e+07,-6.995757749388635159e+06,5.478698392146433704e+06
-1.831209824571567774e+07,-8.723467797501811758e+06,2.773540581133513246e+06
-1.772998392507025972e+07,-1.023641099186784960e+07,-1.199104562901832289e-06
-1.671124034922516160e+07,-1.149731557335084118e+07,-2.773614688849735074e+06
-1.528094440110326745e+07,-1.247511622886280529e+07,-5.478988298121192493e+06
-1.347431378913190961e+07,-1.314572048536459170e+07,-8.049482688095699064e+06
-1.133584022517846152e+07,-1.349260337002372183e+07,-1.042177944678952545e+07
-8.918193608882943168e+06,-1.350721555297086760e+07,-1.253744110829564556e+07
-6.280924148191240616e+06,-1.318919477561315149e+07,-1.434435229184297659e+07
-3.488994391799410339e+06,-1.254637522317023948e+07,-1.579800505779562518e+07
-6.111774215039992705e+05,-1.159459450919164158e+07,-1.686259659054552391e+07
2.281639165635106619e+06,-1.035730297850227542e+07,-1.751191194746294245e+07
5.118201461439700797e+06,-8.864984974586039782e+06,-1.772996994917247817e+07
7.828646271958997473e+06,-7.154406418281029910e+06,-1.751141617618037015e+07
1.034622321233356372e+07,-5.267707343571945094e+06,-1.686165315046270937e+07
1.260893911930176616e+07,-3.251362239883907139e+06,-1.579670495191257074e+07
1.456108456641720794e+07,-1.155034149461219553e+06,-1.434282036536264420e+07
1.615460500153736398e+07,9.696493801871528849e+05,-1.253582424915377051e+07
1.735028280361022428e+07,3.070368314441757277e+06,-1.042023319910809770e+07
1.811870123891260102e+07,5.095398754690104164e+06,-8.048157424443736672e+06
1.844096668662277237e+07,6.994886409826945513e+06,-5.478016006217444316e+06
1.830917147870929167e+07,8.722073552157608792e+06,-2.773097294572314247e+06
1.772658611273378879e+07,1.023444926400060579e+07,1.007771428341005111e-06
1.670757628653290682e+07,1.149479470211904496e+07,2.773006553373600822e+06
1.527724699962070771e+07,1.247209773000445589e+07,5.477662593446514569e+06
1.347082269154100120e+07,1.314231452393029258e+07,8.047397125145065598e+06
1.133277887128241733e+07,1.348895956126605161e+07,1.041896494389615580e+07
8.915746770288402215e+06,1.350350964819193259e+07,1.253400127550836466e+07
6.279218076998096891e+06,1.318561222872374393e+07,1.434045597250279225e+07
3.488081651274204254e+06,1.254309302095752768e+07,1.579387221095845290e+07
6.110281626011207700e+05,1.159176293132712319e+07,1.685847848575038090e+07
-2.281138243145652581e+06,1.035502908433395252e+07,1.750806729460910335e+07
-5.117239933347361162e+06,8.863319559078227729e+06,1.772663911815633997e+07
-7.827474904567394406e+06,7.153335934561205097e+06,1.750879601668233797e+07
-1.034513229599842057e+07,5.267151911133124493e+06,1.685987524054514989e+07
-1.260823238967241533e+07,3.251180001393300015e+06,1.579581954836449027e+07
-1.456105100020241551e+07,1.155031486876444658e+06,1.434278730229076371e+07
-1.615549092469190620e+07,-9.697025560350910528e+05,1.253651171734021232e+07
-1.735226678503065556e+07,-3.070719406914224382e+06,1.042142473871013150e+07
-1.812187407073175162e+07,-5.096291028540112078e+06,8.049566766625141725e+06
-1.844531838338588178e+07,-6.996537062152445316e+06,5.479308707675617188e+06
-1.831458667923326045e+07,-8.724653230724640191e+06,2.773917477942117490e+06
-1.773284857399965450e+07,-1.023806489769811369e+07,-8.169566058625105661e-07
-1.671438236939124390e+07,-1.149947727988126688e+07,-2.774136179361350834e+06
-1.528422722744737566e+07,-1.247779627527526766e+07,-5.480165356729676016e+06
-1.347756969226174988e+07,-1.314889698794184811e+07,-8.051427747137976810e+06
-1.133887936903695017e+07,-1.349622074305093475e+07,-1.042457353054231964e+07
-8.920814847914500162e+06,-1.351118559916752204e+07,-1.254112611799920350e+07
-6.282926739205506630e+06,-1.319339997891052626e+07,-1.434892580209729262e+07
-3.490189812117698602e+06,-1.255067393797992170e+07,-1.580341786564585753e+07
-6.114005599444557447e+05,-1.159882764943010546e+07,-1.686875305734491721e+07
2.282520069004961755e+06,-1.036130176290180348e+07,-1.751867300875880569e+07
5.120276629682872444e+06,-8.868579271418936551e+06,-1.773715854283753410e+07
7.831958354344080202e+06,-7.157433248546680436e+06,-1.751882476906391233e+07
1.035076385394144244e+07,-5.270019179555424489e+06,-1.686905321542045474e+07
1.261464856004754454e+07,-3.252834485873877537e+06,-1.580385784162476845e+07
1.456785411009862833e+07,-1.155571132409920916e+06,-1.434948843658642657e+07
1.616228189568425156e+07,9.701101711275477428e+05,-1.254178144809726067e+07
1.735867695149702951e+07,3.071853772978339810e+06,-1.042527455661714263e+07
1.812759314756591991e+07,5.097899365507119335e+06,-8.052107127001014538e+06
1.845011613005988672e+07,6.998356906719743274e+06,-5.480733911326234229e+06
1.831832648801814020e+07,8.726434790710395202e+06,-2.774483907375494018e+06
1.773549205089858174e+07,1.023959110979785025e+07,6.258790444944971098e-07
1.671598488279983588e+07,1.150057980739987642e+07,2.774402153318516910e+06
1.528492527386332676e+07,1.247836614909597673e+07,5.480415641531502828e+06
1.347756167947323807e+07,1.314888917055819184e+07,8.051422960340902209e+06
1.133840197213736176e+07,1.349565251635661162e+07,1.042413462834356911e+07
8.920117405279455706e+06,1.351012927448590472e+07,1.254014563401782699e+07
6.282246207242240198e+06,1.319197094260869175e+07,1.434737160561281815e+07
3.489728601532757748e+06,1.254901543114155903e+07,1.580132952547136694e+07
6.113091704589884030e+05,1.159709390731986798e+07,1.686623158979592472e+07
-2.282154258785360493e+06,1.035964119915805012e+07,1.751586536220004037e+07
-5.119433709876598790e+06,8.867119291487621143e+06,1.773423858297497407e+07
-7.830683320606580935e+06,7.156268026714865118e+06,1.751597272470867634e+07
-1.034915757031005993e+07,5.269201351455147378e+06,1.686643539083926380e+07
-1.261285319401416369e+07,3.252371529768368695e+06,1.580160857487250865e+07
-1.456603479539532587e+07,1.155426818255361635e+06,1.434769639260405302e+07
-1.616060680960788392e+07,-9.700096272773436503e+05,1.254048159677619673e+07
-1.735729807424546033e+07,-3.071609761910522357e+06,1.042444643048948981e+07
-1.812662978221318126e+07,-5.097628444840332493e+06,8.051679209132594056e+06
-1.844964283312771842e+07,-6.998177379348040558e+06,5.480593315216996707e+06
-1.831836645885006711e+07,-8.726453831908935681e+06,2.774489961334534921e+06
-1.773601633911911026e+07,-1.023989380774230510e+07,-4.346925473043377845e-07
-1.671691709075923823e+07,-1.150122116548359580e+07,-2.774556874669645913e+06
-1.528615084132329188e+07,-1.247936668257851712e+07,-5.480855069199976511e+06
-1.347894040757723711e+07,-1.315023427610878274e+07,-8.052246605104709975e+06
-1.133978221227173135e+07,-1.349729536173088104e+07,-1.042540357338609733e+07
-8.921350313662070781e+06,-1.351199659874729440e+07,-1.254187889042860642e+07
-6.283198626831660978e+06,-1.319397091063382477e+07,-1.434954673809161037e+07
-3.490293435373848770e+06,-1.255104656576265022e+07,-1.580388706694815867e+07
-6.114124979706795420e+05,-1.159905412473458052e+07,-1.686908243166764826e+07
2.282549657871271484e+06,-1.036143607899590395e+07,-1.751890010761000961e+07
5.120328372169820592e+06,-8.868668892036119476e+06,-1.773733778407146037e+07
7.832044294423579238e+06,-7.157511787062729709e+06,-1.751901700313003361e+07
1.035092433845090121e+07,-5.270100889124592766e+06,-1.686931476343568414e+07
1.261494575896065496e+07,-3.252911122083742637e+06,-1.580423017774830200e+07
1.456836290178762749e+07,-1.155611491474780720e+06,-1.434998960171162337e+07
1.616307910998622328e+07,9.701580223980088485e+05,-1.254240007902934030e+07
1.735983010991150513e+07,3.072057840029747691e+06,-1.042596712052155845e+07
1.812914985759461671e+07,5.098337148448757827e+06,-8.052798603018835187e+06
1.845209518217862025e+07,6.999107585628793575e+06,-5.481321802371942438e+06
1.832071148900292069e+07,8.727570951025167480e+06,-2.774845138344201725e+06
1.773822813765051588e+07,1.024117079021968134e+07,2.435179126816680770e-07
1.671897873681608215e+07,1.150263957577621937e+07,2.774899052249740809e+06
1.528804833907938749e+07,1.248091576910200901e+07,5.481535417725770734e+06
1.348065621228726767e+07,1.315190823809870332e+07,8.053271617622773163e+06
1.134128934831105918e+07,1.349908924629497901e+07,1.042678918213523179e+07
8.922607987038420513e+06,1.351390143128764257e+07,1.254364696214554645e+07
6.284150033792934380e+06,1.319596875226203725e+07,1.435171955793553591e+07
3.490866193867430557e+06,1.255310619732507505e+07,1.580648049088612385e+07
6.115218158017153619e+05,1.160112798393919505e+07,1.687209854845580459e+07
-2.282995279128233436e+06,1.036345893800742738e+07,1.752232031545612961e+07
-5.121419382373834960e+06,8.870558577136250213e+06,1.774111715427412093e+07
-7.833861001434924081e+06,7.159172030718662776e+06,1.752308068303683773e+07
-1.035352734158028103e+07,5.271426190001362935e+06,1.687355698158764094e+07
-1.261836684544914216e+07,3.253793289197490551e+06,1.580851617622649670e+07
-1.457259732980319113e+07,1.155947380531763425e+06,1.435416055752907693e+07
-1.616808011143164709e+07,-9.704581979785474250e+05,1.254628080995320342e+07
-1.736550628900852799e+07,-3.073062317053711042e+06,1.042937612027924694e+07
-1.813536595016561449e+07,-5.100085257759982720e+06,8.055559733130756766e+06
-1.845867638989963382e+07,-7.001603918995041400e+06,5.483276795396547765e+06
-1.832745132828705758e+07,-8.730781657421343029e+06,2.775865950788418297e+06
-1.774489945886779949e+07,-1.024502247932087444e+07,-5.230873486467207419e-08
-1.672534729275619611e+07,-1.150702113548439182e+07,-2.775956060582438949e+06
-1.529388802817053907e+07,-1.248568319696759619e+07,-5.483629240421010181e+06
-1.348576491116324440e+07,-1.315689235295058601e+07,-8.056323526892815717e+06
-1.134550409958718903e+07,-1.350410589844992198e+07,-1.043066407869188301e+07
-8.925818243110073730e+06,-1.351876358416658454e+07,-1.254816002815396339e+07
-6.286307695680866949e+06,-1.320049958597793244e+07,-1.435664721850164980e+07
-3.491991341001947410e+06,-1.255715221074425429e+07,-1.581157510501340032e+07
-6.117033035126180621e+05,-1.160457097174630500e+07,-1.687710585719866306e+07
2.283604780665584374e+06,-1.036622571734113619e+07,-1.752699832827168703e+07
5.122613846494995058e+06,-8.872627449682358652e+06,-1.774525489936611801e+07
7.835396391688449308e+06,-7.160575185936206020e+06,-1.752651510282742232e+07
1.035514059289603680e+07,-5.272247565650321543e+06,-1.687618616168320552e+07
1.261979668918108754e+07,-3.254161991105909459e+06,-1.581030751008489169e+07
1.457360520597660914e+07,-1.156027328656211263e+06,-1.435515332608579099e+07
1.616846953211868182e+07,9.704815722135074902e+05,-1.254658299680921063e+07
1.736513910098421201e+07,3.072997338142973837e+06,-1.042915559448833019e+07
1.813417411949579418e+07,5.099750087351084687e+06,-8.055030333107933402e+06
1.845666820278704539e+07,7.000842188822041266e+06,-5.482680249600993469e+06
1.832471126945967227e+07,8.729476355613464490e+06,-2.775450942947859410e+06
1.774158148514376208e+07,1.024310684629733488e+07,-1.389660406933823763e-07
1.672166174697529525e+07,1.150448548391047679e+07,2.775344359493640717e+06
1.529008300593604892e+07,1.248257683826456405e+07,5.482264948283491656e+06
1.348210345284871757e+07,1.315332018531836569e+07,8.054136191360661760e+06
1.134223907486233674e+07,1.350021966833967716e+07,1.042766232788221911e+07
8.923167161944571882e+06,1.351474834001516178e+07,1.254443306556365266e+07
6.284429858491030522e+06,1.319655635089854896e+07,1.435235862059314735e+07
3.490969685819923878e+06,1.255347835294306464e+07,1.580694909765315801e+07
6.115329962764565134e+05,1.160134008774781786e+07,1.687240702159420773e+07
-2.283019527461216785e+06,1.036356901121117175e+07,1.752250642493395135e+07
-5.121454010208093561e+06,8.870618554306007922e+06,1.774123710861290246e+07
-7.833913628827678971e+06,7.159220125589845702e+06,1.752319840200282633e+07
-1.035363523396659642e+07,5.271481122657323256e+06,1.687373281811900064e+07
-1.261859043383393809e+07,3.253850944074657746e+06,1.580879629176347144e+07
-1.457301103274800628e+07,1.155980196839598008e+06,1.435456805925065652e+07
-1.616876147844742425e+07,-9.704990957354047569e+05,1.254680954446359165e+07
-1.736652462709366903e+07,-3.073242525815266185e+06,1.042998771378747188e+07
-1.813677160573237389e+07,-5.100480560686246492e+06,8.056184112171142362e+06
-1.846049174139465019e+07,-7.002292504236412235e+06,5.483816058045974001e+06
-1.832966432135970145e+07,-8.731835877070564777e+06,2.776201129532902502e+06
-1.774746021860445663e+07,-1.024650093464390747e+07,3.303404586471314767e-07
-1.672816801753531396e+07,-1.150896179113199189e+07,-2.776424224737042561e+06
-1.529684604903758503e+07,-1.248809807743248343e+07,-5.484689839902555570e+06
-1.348870852744928189e+07,-1.315976418431085534e+07,-8.058082027451420203e+06
-1.134826060296826623e+07,-1.350738685566543043e+07,-1.043319831256151386e+07
-8.928203432071998715e+06,-1.352237611635448784e+07,-1.255151319220125116e+07
-6.288136158041994087e+06,-1.320433913978835754e+07,-1.436082305436209217e+07
-3.493086828211371787e+06,-1.256109156749359705e+07,-1.581653542038407922e+07
-6.119086118111050455e+05,-1.160846585784355551e+07,-1.688277038414243981e+07
2.284418897903798614e+06,-1.036992133189216815e+07,-1.753324679630818963e+07
5.124541107402943075e+06,-8.875965563495250419e+06,-1.775193112699145824e+07
7.838489056749081239e+06,-7.163401496130239218e+06,-1.753343289462637901e+07
1.035940553720225208e+07,-5.274419032280499116e+06,-1.688313691174276173e+07
1.262519387373928353e+07,-3.255553718190375715e+06,-1.581706919964789785e+07
1.458004854900029302e+07,-1.156538436273619765e+06,-1.436150008625512198e+07
1.617582986804298498e+07,9.709233623508564197e+05,-1.255229454949401692e+07
1.737324882483974099e+07,3.074432463982190937e+06,-1.043402613260688446e+07
1.814283311999650300e+07,5.102185198994670995e+06,-8.058876580046646297e+06
1.846565076225977391e+07,7.004249384564843960e+06,-5.485348580682139844e+06
1.833377371943055093e+07,8.733793501000652090e+06,-2.776823536761390977e+06
1.775047051026457921e+07,1.024823892734342068e+07,-5.217573142402604510e-07
1.673012329030266777e+07,1.151030701671396568e+07,2.776748747223142534e+06
1.529787171871612221e+07,1.248893541759536229e+07,5.485057594149369746e+06
1.348899254593279213e+07,1.316004127653633989e+07,8.058251698567776941e+06
1.134803027975407802e+07,1.350711271103066951e+07,1.043298656136394106e+07
8.927700328885780647e+06,1.352161413209070265e+07,1.255080591594627686e+07
6.287591550532710738e+06,1.320319552869721316e+07,1.435957928166351281e+07
3.492700016876174137e+06,1.255970059931937233e+07,1.581478395656595193e+07
6.118299473324135179e+05,1.160697352079209127e+07,1.688060000400216877e+07
-2.284098974457936361e+06,1.036846906717408076e+07,1.753079133739951998e+07
-5.123796353527059779e+06,8.874675611943528056e+06,1.774935122388779372e+07
-7.837355031645191833e+06,7.162365138604599983e+06,1.753089626378942654e+07
-1.035797102303164080e+07,5.273688659401304089e+06,1.688079902671075240e+07
-1.262358710609769076e+07,3.255139394385524094e+06,1.581505621234456636e+07
-1.457841989909174293e+07,1.156409246291167568e+06,1.435989584908676147e+07
-1.617433306106879376e+07,-9.708335193644820247e+05,1.255113304110937193e+07
-1.737202285933818296e+07,-3.074215512726452202e+06,1.043328984222116321e+07
-1.814198685480889305e+07,-5.101947209610411897e+06,8.058500676973124966e+06
-1.846525171380893141e+07,-7.004098020559073426e+06,5.485230040595021099e+06
-1.833384202751316503e+07,-8.733826041420036927e+06,2.776833882667140570e+06
-1.775097837107419595e+07,-1.024853214091910794e+07,7.131385411978583667e-07
-1.673099950972747989e+07,-1.151090985474617966e+07,-2.776894175989292562e+06
-1.529901048953950405e+07,-1.248986509170552716e+07,-5.485465900851516984e+06
-1.349026516045069136e+07,-1.316128285625842027e+07,-8.059011951648280025e+06
-1.134929828920362704e+07,-1.350862197264957801e+07,-1.043415232539675757e+07
-8.928828657017610967e+06,-1.352332306239175238e+07,-1.255239215057188645e+07
-6.288460236990296282e+06,-1.320501966708981991e+07,-1.436156318471281976e+07
-3.493213562522432767e+06,-1.256154730230779573e+07,-1.581710926747292466e+07
-6.119236026402398711e+05,-1.160875024760425277e+07,-1.688318398634494841e+07
2.284456251318743918e+06,-1.037009089447955042e+07,-1.753353348919551820e+07
5.124602189257845283e+06,-8.876071360372245312e+06,-1.775214272074500844e+07
7.838576830777618103e+06,-7.163481710647004656e+06,-1.753362923094003275e+07
1.035955159806921706e+07,-5.274493398151642643e+06,-1.688337495297107473e+07
1.262545218755291589e+07,-3.255620327425002586e+06,-1.581739281982459314e+07
1.458048665150956064e+07,-1.156573188036882551e+06,-1.436193162180250324e+07
1.617651852726235427e+07,9.709646978083371650e+05,-1.255282894268703647e+07
1.737425129225293919e+07,3.074609864212679211e+06,-1.043462819450663403e+07
1.814419508205826208e+07,5.102568214295891114e+06,-8.059481550839290954e+06
1.846739197078813240e+07,7.004909846464589238e+06,-5.485865818651362322e+06
1.833588204845156521e+07,8.734797861072247848e+06,-2.777142863144735340e+06
1.775289889432781562e+07,1.024964095553576946e+07,-9.046027007619747863e-07
1.673278968521532789e+07,1.151214149357557856e+07,2.777191296784676146e+06
1.530066193246632256e+07,1.249121330304079503e+07,5.486058026326891035e+06
1.349176554825106636e+07,1.316274665463358536e+07,8.059908275261275470e+06
1.135062543704890274e+07,1.351020162436974794e+07,1.043537245922842436e+07
8.929945933788185939e+06,1.352501525464862399e+07,1.255396284889081679e+07
6.289314015580235049e+06,1.320681250073277950e+07,1.436351304122856818e+07
3.493733160340994131e+06,1.256341576882350072e+07,1.581946198233585618e+07
6.120238905624988256e+05,1.161065280118924007e+07,1.688595096483374387e+07
-2.284869680373184383e+06,1.037196761979339831e+07,1.753670661723010242e+07
-5.125625669861743227e+06,8.877844080779781565e+06,1.775568816155956686e+07
-7.840299698769763112e+06,7.165056197140801698e+06,1.753748300812945142e+07
-1.036204646628071927e+07,5.275763642890374176e+06,1.688744093932943046e+07
-1.262876530605204776e+07,3.256474653729987331e+06,1.582154355406760611e+07
-1.458462926852953620e+07,1.156901794337650063e+06,1.436601214283050783e+07
-1.618146012959658541e+07,-9.712613080713404343e+05,1.255666358044936880e+07
-1.737991549871429428e+07,-3.075612222516575363e+06,1.043803000373860262e+07
-1.815045879692274332e+07,-5.104329716100419872e+06,8.062263834328101017e+06
-1.847408818366512656e+07,-7.007449802705612965e+06,5.487854974748533219e+06
-1.834280640319601446e+07,-8.738096466444648802e+06,2.778191622199640609e+06
-1.775981985491603240e+07,-1.025363677399429865e+07,1.096416975214498023e-06
-1.673946181690751016e+07,-1.151673191307806037e+07,-2.778298690495571587e+06
-1.530684151157174818e+07,-1.249625821162496507e+07,-5.488273716713155620e+06
-1.349722743693685532e+07,-1.316807534618085995e+07,-8.063171178226744756e+06
-1.135517993808441795e+07,-1.351562266725651734e+07,-1.043955970996026322e+07
-8.933454202963182703e+06,-1.353032876880187914e+07,-1.255889486989183724e+07
-6.291700585243438371e+06,-1.321182401359021105e+07,-1.436896348055907711e+07
-3.494994238548228983e+06,-1.256795058848633431e+07,-1.582517208606648259e+07
-6.122303585728463950e+05,-1.161456968812988512e+07,-1.689164748870236799e+07
2.285575248862042092e+06,-1.037517048671622947e+07,-1.754212195784980804e+07
5.127038124422491528e+06,-8.880290523842824623e+06,-1.776058104768543318e+07
7.842166111072554253e+06,-7.166761865234599449e+06,-1.754165787073814124e+07
1.036408548405550607e+07,-5.276801794560579583e+06,-1.689076400802646950e+07
1.263068935235908814e+07,-3.256970791545672342e+06,-1.582395403377109580e+07
1.458616768180645257e+07,-1.157023826445563929e+06,-1.436752749597230367e+07
1.618238136438845657e+07,9.713166034335700097e+05,-1.255737845013792254e+07
1.738004655880232528e+07,3.075635415380500723e+06,-1.043810871580918878e+07
1.814970021296635643e+07,5.104116384708835743e+06,-8.061926878438340500e+06
1.847242311384987086e+07,7.006818221161586232e+06,-5.487360354306451976e+06
1.834030283098629862e+07,8.736903821492243558e+06,-2.777812432495424990e+06
1.775662537322613969e+07,1.025179243913193606e+07,7.310476490085175713e-07
1.673579109832993336e+07,1.151420646260424890e+07,2.777689450322183780e+06
1.530295722843573429e+07,1.249308714560122415e+07,5.486881005549791269e+06
1.349341605547199212e+07,1.316435691152091324e+07,8.060894279409805313e+06
1.135172439927380346e+07,1.351150967574740946e+07,1.043638280708953924e+07
8.930605945877596736e+06,1.352601488820062950e+07,1.255489071198258735e+07
6.289653599745602347e+06,1.320752558714863658e+07,1.436428858233902417e+07
3.493863802587932441e+06,1.256388555652204528e+07,1.582005352437901497e+07
6.120387962854577927e+05,1.161093557637523673e+07,1.688636221887799352e+07
-2.284904048821620643e+06,1.037212363237391412e+07,1.753697040005030483e+07
-5.125674520551696420e+06,8.877928692657068372e+06,1.775585738531398773e+07
-7.840360936696736142e+06,7.165112160970343277e+06,1.753761998747404292e+07
-1.036214787210054137e+07,5.275815272956275381e+06,1.688760620444433764e+07
-1.262895832184655219e+07,3.256524425107621588e+06,1.582178536771543324e+07
-1.458498018340090662e+07,1.156929630082071992e+06,1.436635779764149711e+07
-1.618203969500030763e+07,-9.712960953809851781e+05,1.255711331784696877e+07
-1.738078811619262025e+07,-3.075766644037068821e+06,1.043855408036187850e+07
-1.815167240161566064e+07,-5.104671009868929163e+06,8.062802906168650836e+06
-1.847566580599433184e+07,-7.008048214339042082e+06,5.488323618314019404e+06
-1.834474015232306346e+07,-8.739017660620165989e+06,2.778484506805932615e+06
-1.776206776809418201e+07,-1.025493460727390647e+07,-5.397858653536169592e-07
-1.674194769964470901e+07,-1.151844219775508530e+07,-2.778711279909867793e+06
-1.530945759759810567e+07,-1.249839394200727902e+07,-5.489211715330276638e+06
-1.349983945882304385e+07,-1.317062366961536556e+07,-8.064731586071628146e+06
-1.135763404333952814e+07,-1.351854369191654213e+07,-1.044181592945499159e+07
-8.935585084432948381e+06,-1.353355613485773280e+07,-1.256189052148963511e+07
-6.293340211054527201e+06,-1.321526703306741081e+07,-1.437270805216977187e+07
-3.495980644395313691e+06,-1.257149769016825035e+07,-1.582963848606733792e+07
-6.124160742550556315e+05,-1.161809288441469893e+07,-1.689677144863123074e+07
2.286315456819541752e+06,-1.037853059650033340e+07,-1.754780316142108664e+07
5.128800427597985603e+06,-8.883342922477342188e+06,-1.776668584495635331e+07
7.845011913565241732e+06,-7.169362573826620355e+06,-1.754802347087899223e+07
1.036803710128067061e+07,-5.278813732892997563e+06,-1.689720411642843112e+07
1.263572739260632358e+07,-3.258269909076202661e+06,-1.583026578090628050e+07
1.459223025129587762e+07,-1.157504729826096212e+06,-1.437349919023374468e+07
1.618936497213748656e+07,9.717357811815863242e+05,-1.256279766523662768e+07
1.738780851851851493e+07,3.077008999629864469e+06,-1.044277039373169653e+07
1.815806236444188654e+07,5.106468015526554547e+06,-8.065641267819868401e+06
1.848117676143461466e+07,7.010138587798216380e+06,-5.489960685536627658e+06
1.834921488237645477e+07,8.741149320411263034e+06,-2.779162247020602692e+06
1.776544572045119852e+07,1.025688486897641607e+07,3.483662549972593283e-07
1.674426128078871034e+07,1.152003393911952153e+07,2.779095271912097465e+06
1.531082033826301619e+07,1.249950646147832833e+07,5.489700326502271928e+06
1.350042768869557045e+07,1.317119755453553796e+07,8.065082991438106634e+06
1.135766424406756833e+07,1.351857963865137473e+07,1.044184369495954737e+07
8.935289369944326580e+06,1.353310825499273092e+07,1.256147479795225337e+07
6.292942400315276347e+06,1.321443167776042409e+07,1.437179953341478854e+07
3.495675163523187395e+06,1.257039918520887010e+07,1.582825528282344341e+07
6.123514954688370926e+05,1.161686776579582132e+07,1.689498969757200778e+07
-2.286047001233593095e+06,1.037731196566705219e+07,1.754574272581394017e+07
-5.128167357090551406e+06,8.882246412194130942e+06,1.776449282438971475e+07
-7.844040865545374341e+06,7.168475157028612681e+06,1.754585139342848584e+07
-1.036680472255838290e+07,5.278186275865443051e+06,1.689519565960620716e+07
-1.263434731728297286e+07,3.257914040533272084e+06,1.582853679780273326e+07
-1.459083684417458810e+07,1.157394200092304498e+06,1.437212666966760904e+07
-1.618809579617965221e+07,-9.716596013131834334e+05,1.256181279641787708e+07
-1.738678756356574968e+07,-3.076828327777124941e+06,1.044215722858559154e+07
-1.815738587282551080e+07,-5.106277770403211005e+06,8.065340776578753255e+06
-1.848090306705108657e+07,-7.010034772138298489e+06,5.489879382737493142e+06
-1.834935911565114185e+07,-8.741218029868142679e+06,2.779184092515232041e+06
-1.776597960420263559e+07,-1.025719310690456815e+07,-1.568487027558016306e-07
-1.674511763822578825e+07,-1.152062311212461255e+07,-2.779237404124510475e+06
-1.531190142882948183e+07,-1.250038904635752738e+07,-5.490087951926722191e+06
-1.350161613759840839e+07,-1.317235702115699276e+07,-8.065792964429340325e+06
-1.135883516490788758e+07,-1.351997333952930197e+07,-1.044292019908290170e+07
-8.936322298091046512e+06,-1.353467269547759742e+07,-1.256292691666350327e+07
-6.293731831022769213e+06,-1.321608938849419914e+07,-1.437360243246883154e+07
-3.496138779128766619e+06,-1.257206634046526253e+07,-1.583035451281646825e+07
-6.124355163805090124e+05,-1.161846171931013279e+07,-1.689730786359951645e+07
2.286365549610026181e+06,-1.037875798837738112e+07,-1.754818763086576015e+07
5.128881351209807210e+06,-8.883483086285432801e+06,-1.776696617257209495e+07
7.845116417215204798e+06,-7.169458077127640136e+06,-1.754825722864633799e+07
1.036818666430146061e+07,-5.278889881859381683e+06,-1.689744786525348201e+07
1.263596626314023137e+07,-3.258331504631757271e+06,-1.583056504219064862e+07
1.459261704964005202e+07,-1.157535411970613524e+06,-1.437388019064271450e+07
1.618996287400408834e+07,9.717716691014578100e+05,-1.256326163156226836e+07
1.738867512009561434e+07,3.077162356554886326e+06,-1.044329085732488893e+07
1.815924028878140077e+07,5.106799275152667426e+06,-8.066164490781552158e+06
1.848268590743056685e+07,7.010711025511559099e+06,-5.490408987736167386e+06
1.835104697212281078e+07,8.742022086366163567e+06,-2.779439734351606108e+06
1.776756150536648557e+07,1.025810641796655022e+07,-3.468240640354668211e-08
1.674659046535804681e+07,1.152163641562384181e+07,2.779481853661433794e+06
1.531326401177919097e+07,1.250150143707316369e+07,5.490576506550001912e+06
1.350286285320119001e+07,1.317357333354908787e+07,8.066537745634173974e+06
1.135994990826277249e+07,1.352130017456198856e+07,1.044394505556871556e+07
8.937273647264361382e+06,1.353611357901426591e+07,1.256426434941654466e+07
6.294470091262518428e+06,1.321763964731999673e+07,1.437528846858529747e+07
3.496595393008780200e+06,1.257370831762230396e+07,1.583242203933221474e+07
6.125250853734065313e+05,1.162016092503087968e+07,1.689977910315771773e+07
-2.286740645279452670e+06,1.038046070261816308e+07,1.755106654460566491e+07
-5.129824001384334639e+06,8.885115804281335324e+06,1.777023160856397450e+07
-7.846725996601105668e+06,7.170929031963844784e+06,1.755185759753808379e+07
-1.037054910213001072e+07,5.280092700592852198e+06,1.690129802452807873e+07
-1.263914379770429432e+07,3.259150869037188124e+06,1.583454591445221938e+07
-1.459663857994772121e+07,1.157854413266123738e+06,1.437784143999451399e+07
-1.619481583802380599e+07,-9.720629590185482521e+05,1.256702748681135662e+07
-1.739429977743355185e+07,-3.078157716103964020e+06,1.044666891414351389e+07
-1.816552716397631541e+07,-5.108567290178379044e+06,8.068957061872201040e+06
-1.848947695949383453e+07,-7.013286955428400077e+06,5.492426316466120072e+06
-1.835814080250442028e+07,-8.745401426081938669e+06,2.780514162097557914e+06
-1.777472260973676294e+07,-1.026224088350229524e+07,2.263186611026628459e-07
-1.675356219124644622e+07,-1.152643295561514422e+07,-2.780638971919809002e+06
-1.531978452577453293e+07,-1.250682467939636111e+07,-5.492914439270058647e+06
-1.350868307743734494e+07,-1.317925162204597332e+07,-8.070014716335270554e+06
-1.136485208984379284e+07,-1.352713504788451456e+07,-1.044845195176937804e+07
-8.941089013882013038e+06,-1.354189221329561435e+07,-1.256962809642292745e+07
-6.297093957918974571e+06,-1.322314945568331145e+07,-1.438128084594903886e+07
-3.497998148959403392e+06,-1.257875260847646743e+07,-1.583877365332491510e+07
-6.127577247199439444e+05,-1.162457430614219233e+07,-1.690619770324066281e+07
2.287547382299950346e+06,-1.038412281529850699e+07,-1.755725836837994307e+07
5.131467257971931249e+06,-8.887962008181948215e+06,-1.777592401636468619e+07
7.848944919581065886e+06,-7.172956850856191479e+06,-1.755682096954629198e+07
1.037304445780617930e+07,-5.281363193521188572e+06,-1.690536480532731116e+07
1.264160145726612583e+07,-3.259784605263882782e+06,-1.583762491440666094e+07
1.459875487889745645e+07,-1.158022285209631780e+06,-1.437992601656165719e+07
1.619632268609433435e+07,9.721534047023154562e+05,-1.256819678699442744e+07
1.739498738907410949e+07,3.078279398327049334e+06,-1.044708187995672971e+07
1.816526239065330476e+07,5.108492829782748595e+06,-8.068839452041679062e+06
1.848821546827278659e+07,7.012808456230033189e+06,-5.492051581819587387e+06
1.835593177116879821e+07,8.744349093713266775e+06,-2.780179583396157250e+06
1.777170518589598686e+07,1.026049877303543314e+07,-4.178699879289174501e-07
1.674995365912254527e+07,1.152395028935386613e+07,2.780040053018567152e+06
1.531586088913074881e+07,1.250362148580515012e+07,5.491507617891973816e+06
1.350475353094245121e+07,1.317541790400610305e+07,8.067667226364494301e+06
1.136122953524354473e+07,1.352282326407263428e+07,1.044512150036115572e+07
8.938059298260966316e+06,1.353730350130278803e+07,1.256536883912847005e+07
6.294886795508963987e+06,1.321851467674815282e+07,1.437624013626424223e+07
3.496762679711040109e+06,1.257430987827164307e+07,1.583317950577235222e+07
6.125453372748931870e+05,1.162054512211805396e+07,1.690033786012699828e+07
-2.286790967378053349e+06,1.038068913540902734e+07,1.755145277400771901e+07
-5.129899537661151029e+06,8.885246636952061206e+06,1.777049327390469238e+07
-7.846813751284983009e+06,7.171009228801597841e+06,1.755205389058040828e+07
-1.037066589673568308e+07,5.280152165751672350e+06,1.690148836936184391e+07
-1.263933041604372486e+07,3.259198990756301675e+06,1.583477971325364895e+07
-1.459695142668345384e+07,1.157879229321017861e+06,1.437814959729689732e+07
-1.619531714330693893e+07,-9.720930489125748863e+05,1.256741649508056790e+07
-1.739504746250369400e+07,-3.078290029137128033e+06,1.044711795885853656e+07
-1.816656543403521925e+07,-5.108859275784350000e+06,8.069418251710245386e+06
-1.849082852569686994e+07,-7.013799621182075702e+06,5.492827808502328582e+06
-1.835980138274068013e+07,-8.746192488801304251e+06,2.780765672688133083e+06
-1.777665805760795996e+07,-1.026335831485147774e+07,6.096295873567439375e-07
-1.675570829646753892e+07,-1.152790947372203507e+07,-2.780995167440485209e+06
-1.532204925950663351e+07,-1.250867357144127600e+07,-5.493726460391658358e+06
-1.351095085463398509e+07,-1.318146409576538578e+07,-8.071369474251979031e+06
-1.136698950848410651e+07,-1.352967913296298124e+07,-1.045041702054604515e+07
-8.942951510191930458e+06,-1.354471309162953869e+07,-1.257224644480640069e+07
-6.298532874667630531e+06,-1.322617100996505283e+07,-1.438456703891398571e+07
-3.498867823514573742e+06,-1.258187994605899043e+07,-1.584271149944089167e+07
-6.129223307407245738e+05,-1.162769703286097385e+07,-1.691073924032290652e+07
2.288207394852580037e+06,-1.038711888500483334e+07,-1.756232406057699025e+07
5.133049213880301453e+06,-8.890702036190878600e+06,-1.778140407238239795e+07
7.851518551064299420e+06,-7.175308829086758196e+06,-1.756257776713659987e+07
1.037664728407424316e+07,-5.283197547372341156e+06,-1.691123647517760098e+07
1.264623514948203042e+07,-3.260979456929356791e+06,-1.584343008707716130e+07
1.460438279585428908e+07,-1.158468710491790902e+06,-1.438546957353930920e+07
1.620286864644274302e+07,9.725463134971746476e+05,-1.257327639175531827e+07
1.740233570248662308e+07,3.079579782242107671e+06,-1.045149513017598167e+07
1.817325920984857157e+07,5.110741720694801770e+06,-8.072391564245270565e+06
1.849667159588607773e+07,7.016015969865231775e+06,-5.494563532697544433e+06
1.836462711433807760e+07,8.748491357757888734e+06,-2.781496575408447068e+06
1.778039506081748754e+07,1.026551587466235459e+07,1.219955715786338531e-06
1.675837708059746586e+07,1.152974559436341934e+07,2.781438113547832239e+06
1.532375082704262808e+07,1.251006270369569398e+07,5.494336558061822318e+06
1.351184888576021604e+07,1.318234022692538984e+07,8.071905953223278746e+06
1.136728830821675807e+07,1.353003478249556012e+07,1.045069172668579221e+07
8.942872153373226523e+06,1.354459290028837696e+07,1.257213488281490281e+07
6.298289982298767194e+06,1.322566096483648568e+07,1.438401232218294963e+07
3.498649158933725208e+06,1.258109363127211295e+07,1.584172139634249918e+07
6.128729627899788320e+05,1.162676047768626548e+07,1.690937716146063805e+07
-2.287995188957617152e+06,1.038615559476210177e+07,1.756069534951701760e+07
-5.132539768701525405e+06,8.889819651258597150e+06,1.777963930251731724e+07
-7.850730441819872707e+06,7.174588595518693328e+06,1.756081489415802807e+07
-1.037564540534087457e+07,5.282687447807448916e+06,1.690960367339565232e+07
-1.264511837078522146e+07,3.260691482497211546e+06,1.584203096670710482e+07
-1.460326874915393442e+07,1.158380340564333601e+06,1.438437222590520233e+07
-1.620187749051081017e+07,-9.724868212529584998e+05,1.257250726390619390e+07
-1.740157475760582089e+07,-3.079445122704357374e+06,1.045103812188413553e+07
-1.817281014950495958e+07,-5.110615434518014081e+06,8.072192095845948905e+06
-1.849658147083375975e+07,-7.015981784320324659e+06,5.494536760431043804e+06
-1.836490394231850281e+07,-8.748623232322439551e+06,2.781538503626147285e+06
-1.778100812338707596e+07,-1.026586982650046237e+07,-1.028307741668440483e-06
-1.675926150875830650e+07,-1.153035407999731414e+07,-2.781584904744561296e+06
-1.532481559902979061e+07,-1.251093196635028906e+07,-5.494718332453592680e+06
-1.351298705395709909e+07,-1.318345063901860826e+07,-8.072585888790825382e+06
-1.136838814063436165e+07,-1.353134386962868460e+07,-1.045170287457193248e+07
-8.943827915483685210e+06,-1.354604046752168797e+07,-1.257347851939652301e+07
-6.299011269044415094e+06,-1.322717558134047501e+07,-1.438565959429379366e+07
-3.499067970606563613e+06,-1.258259967221198231e+07,-1.584361775620421767e+07
-6.129480506140867947e+05,-1.162818496236789599e+07,-1.691144886051958054e+07
2.288276851105234120e+06,-1.038743417563792691e+07,-1.756285714740587771e+07
5.133164242436069064e+06,-8.890901271494677290e+06,-1.778180254298954830e+07
7.851660454294520430e+06,-7.175438510943662375e+06,-1.756289518172420561e+07
1.037682585806115717e+07,-5.283288467071969062e+06,-1.691152750433616713e+07
1.264648312953529134e+07,-3.261043401483162306e+06,-1.584374076093363017e+07
1.460474798867287301e+07,-1.158497678813012550e+06,-1.438582929227990657e+07
1.620340476301533915e+07,9.725784928744538920e+05,-1.257369241326136701e+07
1.740309296187929437e+07,3.079713789582615718e+06,-1.045194992503570952e+07
1.817427571237971634e+07,5.111027584767984226e+06,-8.072843085151384585e+06
1.849796628297732025e+07,7.016507060668054968e+06,-5.494948128404277377e+06
1.836619487384729087e+07,8.749238202789233997e+06,-2.781734027423432097e+06
1.778220424126465246e+07,1.026656040548028238e+07,8.366739826286840852e-07
1.676036938981943019e+07,1.153111630098803714e+07,2.781768783087341581e+06
1.532584334932974353e+07,1.251177100509961508e+07,5.495086832708118483e+06
1.351393778718575835e+07,1.318437818705359101e+07,8.073153851715058088e+06
1.136925372582906857e+07,1.353237414153450727e+07,1.045249866366290860e+07
8.944583778654472902e+06,1.354718527410633489e+07,1.257454113256652281e+07
6.299612932868826203e+06,1.322843900391653739e+07,1.438703367200140469e+07
3.499449855537274387e+06,1.258397292510162666e+07,1.584534691348737106e+07
6.130248559928929899e+05,1.162964203062631004e+07,1.691356794749800488e+07
-2.288606098502350505e+06,1.038892876562412828e+07,1.756538416899521649e+07
-5.134009625893796794e+06,8.892365518595783040e+06,1.778473103719153628e+07
-7.853132479137307033e+06,7.176783758077795617e+06,1.756618786333426088e+07
-1.037902524105824344e+07,5.284408267575940117e+06,1.691511192664025351e+07
-1.264948984899032675e+07,3.261818719217017293e+06,1.584750763296452723e+07
-1.460861051130986214e+07,1.158804067085856572e+06,1.438963391741549969e+07
-1.620813043685317598e+07,-9.728621424414094072e+05,1.257735949250521697e+07
-1.740864056623209640e+07,-3.080695513558901846e+06,1.045528170537095144e+07
-1.818055107848932222e+07,-5.112792363173460588e+06,8.075630544012133032e+06
-1.850482173668568954e+07,-7.019107418924241327e+06,5.496984588085914962e+06
-1.837343300657846034e+07,-8.752686284868353978e+06,2.782830311125908978e+06
-1.778958619498246908e+07,-1.027082237844560482e+07,-6.452387977576854798e-07
-1.676762746272304654e+07,-1.153610984742103145e+07,-2.782973427218778990e+06
-1.533269731622333080e+07,-1.251736647298226506e+07,-5.497544325086511672e+06
-1.352011391632148996e+07,-1.319040370112192631e+07,-8.076843438088962808e+06
-1.137450510306811333e+07,-1.353862464867143333e+07,-1.045732659827442653e+07
-8.948710265879953280e+06,-1.355343512187520973e+07,-1.258034226145417616e+07
-6.302478935410470702e+06,-1.323445726888121292e+07,-1.439357903844004497e+07
-3.500998090846570209e+06,-1.258954035770409182e+07,-1.585235725128172897e+07
-6.132845261388143990e+05,-1.163456821071092412e+07,-1.692073233668226749e+07
2.289517922129923943e+06,-1.039306790984913893e+07,-1.757238254775797576e+07
5.135894017707516439e+06,-8.895629380958955735e+06,-1.779125876191766560e+07
7.855721978896454908e+06,-7.179150237933398224e+06,-1.757198015569218248e+07
1.038200362260552868e+07,-5.285924689752900042e+06,-1.691996591398780048e+07
1.265251678829423897e+07,-3.262599250875098631e+06,-1.585129983678455092e+07
1.461134909762977250e+07,-1.159021300953882048e+06,-1.439233145354103483e+07
1.621027518786189891e+07,9.729908770329601830e+05,-1.257902379947552271e+07
1.740994350991483033e+07,3.080926087149083149e+06,-1.045606422731462680e+07
1.818084353763377294e+07,5.112874609463551082e+06,-8.075760451625659131e+06
1.850402971283696592e+07,7.018806994498714805e+06,-5.496749311951768585e+06
1.837158451822400838e+07,8.751805706989821047e+06,-2.782550340071147773e+06
1.778680956544195488e+07,1.026921929063349776e+07,4.533855068881559358e-07
1.676414033722832799e+07,1.153371070879211463e+07,2.782394658540016040e+06
1.532878705420801602e+07,1.251417419822174311e+07,5.496142299186440185e+06
1.351611087279193662e+07,1.318649827839272469e+07,8.074452041384204291e+06
1.137075109256516956e+07,1.353415639808221348e+07,1.045387529085222632e+07
8.945525100646181032e+06,1.354861097078968957e+07,1.257586446883288026e+07
6.300128265939743258e+06,1.322952114216271602e+07,1.438821058783984743e+07
3.499665792201442644e+06,1.258474943034303002e+07,1.584632466471270099e+07
6.130525425300627248e+05,1.163016726953758858e+07,1.691433182862070203e+07
-2.288680025833908468e+06,1.038926435233047232e+07,1.756595157200173289e+07
-5.134128490207519382e+06,8.892571397627824917e+06,1.778514279525488988e+07
-7.853271123397163115e+06,7.176910461642193608e+06,1.756649798813198507e+07
-1.037918785360940732e+07,5.284491060619639233e+06,1.691537694280607998e+07
-1.264970459390182793e+07,3.261874093699780293e+06,1.584777666923690587e+07
-1.460892180314800702e+07,1.158828759798991261e+06,1.438994054312502220e+07
-1.620858988295982406e+07,-9.728897198176748352e+05,1.257771601844013482e+07
-1.740929765187371895e+07,-3.080811793792037293e+06,1.045567633787935786e+07
-1.818144459404450655e+07,-5.113043640457777306e+06,8.076027435255124234e+06
-1.850597276064605266e+07,-7.019544016529181041e+06,5.497326507669501938e+06
-1.837483999528919533e+07,-8.753356542341871187e+06,2.783043412881964352e+06
-1.779122243196580559e+07,-1.027176706030813791e+07,-2.616978365388129102e-07
-1.676944082947666943e+07,-1.153735744181645662e+07,-2.783274397137904540e+06
-1.533461210486263037e+07,-1.251892967550486885e+07,-5.498230873264941387e+06
-1.352203424092013575e+07,-1.319227719544717669e+07,-8.077990629689994268e+06
-1.137631939870970324e+07,-1.354078413319107518e+07,-1.045899459893829934e+07
-8.950296388873729855e+06,-1.355583741387575865e+07,-1.258257207664886117e+07
-6.303709477173867635e+06,-1.323704126044289954e+07,-1.439638934535446204e+07
-3.501745658720463049e+06,-1.259222860136744380e+07,-1.585574220400736853e+07
-6.134268891709157033e+05,-1.163726896762962267e+07,-1.692466018205795437e+07
2.290092812950565945e+06,-1.039567757683906890e+07,-1.757679491829795390e+07
5.137283075347917154e+06,-8.898035299368241802e+06,-1.779607059873550013e+07
7.858002059693553485e+06,-7.181233947444185615e+06,-1.757708032785133645e+07
1.038522670031480677e+07,-5.287565697275190614e+06,-1.692521869244615361e+07
1.265670539098750055e+07,-3.263679331005685963e+06,-1.585654739331961609e+07
1.461649222910016961e+07,-1.159429271420436213e+06,-1.439739749174923450e+07
1.621632496255422011e+07,9.733540032298300648e+05,-1.258371836875094101e+07
1.741681275555012375e+07,3.082141693509907462e+06,-1.046018975899838842e+07
1.818840468153141066e+07,5.115000978384680115e+06,-8.079119040941889398e+06
1.851211533526227251e+07,7.021873970941070467e+06,-5.499151201712996699e+06
1.837998998547407985e+07,8.755809880726704374e+06,-2.783823427634067833e+06
1.779529811354800314e+07,1.027412015616662428e+07,6.991369471808811746e-08
1.677245084261470661e+07,1.153942832765152864e+07,2.783773978047245648e+06
1.533664450005028024e+07,1.252058889011294767e+07,5.498959589314986020e+06
1.352323921690827981e+07,1.319345278611303307e+07,8.078710475872999988e+06
1.137688790263412520e+07,1.354146080098207109e+07,1.045951726178409345e+07
8.950436996385661885e+06,1.355605037359081209e+07,1.258276974654415064e+07
6.303625951608842239e+06,1.323686586667566374e+07,1.439619858996478282e+07
3.501617328335967381e+06,1.259176712708385102e+07,1.585516112995548546e+07
6.133935287140336586e+05,1.163663608925611340e+07,1.692373975550083444e+07
-2.289940489920694847e+06,1.039498611965355091e+07,1.757562581690607220e+07
-5.136906842791309580e+06,8.897383645459922031e+06,1.779476729092126712e+07
-7.857413676684338599e+06,7.180696238751634955e+06,1.757576421017937362e+07
-1.038448019253143296e+07,5.287185618047661148e+06,1.692400207890002429e+07
-1.265588530046857335e+07,3.263467861086274497e+06,1.585551996921724267e+07
-1.461569938023211993e+07,1.159366379984183237e+06,1.439661652733435482e+07
-1.621566149992698058e+07,-9.733141801498171408e+05,1.258320352788130566e+07
-1.741636820706091449e+07,-3.082063024613659829e+06,1.045992277205789462e+07
-1.818824457717317715e+07,-5.114955953327464871e+06,8.079047924085323699e+06
-1.851227350692839548e+07,-7.021933967407325283e+06,5.499198187694636174e+06
-1.838046515437263995e+07,-8.756036240400353447e+06,2.783895396460838616e+06
-1.779605481660695001e+07,-1.027455703888127394e+07,1.219355826508160775e-07
-1.677342423464140669e+07,-1.154009802032971382e+07,-2.783935534841562156e+06
-1.533774815710274875e+07,-1.252148989790688083e+07,-5.499355305961385369e+06
-1.352437480274710059e+07,-1.319456067882324010e+07,-8.079388868753712624e+06
-1.137795546190948971e+07,-1.354273147466941737e+07,-1.046049873886260390e+07
-8.951344698745518923e+06,-1.355742515104008093e+07,-1.258404581941461936e+07
-6.304298301222587004e+06,-1.323827772101355530e+07,-1.439773409962648898e+07
-3.502001130305304192e+06,-1.259314727361906506e+07,-1.585689896750238538e+07
-6.134612192388556432e+05,-1.163792024040666781e+07,-1.692560736051226035e+07
2.290190234702869318e+06,-1.039611981442033127e+07,-1.757754264438222349e+07
5.137451039040925913e+06,-8.898326221015155315e+06,-1.779665244203092903e+07
