nx,ny,nz
9.844425942735267610e-01,1.756880671482603240e-01,-2.545906855503840202e-03
9.708395325800633913e-01,2.350811801889021169e-01,4.698340878136702398e-02
9.514804910858071230e-01,2.919540591600487400e-01,9.719929229722726327e-02
9.263326554909525612e-01,3.463757609889716038e-01,1.480933609936343764e-01
8.952315126713835669e-01,3.983687826265653320e-01,1.996568349662360409e-01
8.578861688451655532e-01,4.478969683565553472e-01,2.518325376935449667e-01
8.138902671279556467e-01,4.948593631735140330e-01,3.044615636724762320e-01
7.627390619099703173e-01,5.390916588802443510e-01,3.572244487187918871e-01
7.038524453381649337e-01,5.803775141493180412e-01,4.095774362209710362e-01
6.366020627010895439e-01,6.184720096481604035e-01,4.606844766719231377e-01
5.603385310168177424e-01,6.531384308675419748e-01,5.093436175920926789e-01
4.744133817146576337e-01,6.841971824041312988e-01,5.539008565080131286e-01
3.781919362658984762e-01,7.115816243667379970e-01,5.921338119099813779e-01
2.710620259871341364e-01,7.353888525616485428e-01,6.210705383415092706e-01
1.524681183575013199e-01,7.559000567107662105e-01,6.366856187705071113e-01
2.206219212350250120e-02,7.735150951189663227e-01,6.333937616536825521e-01
-1.197903159039345466e-01,7.884799327471831987e-01,6.032824180022429150e-01
-2.706021837341188174e-01,8.001690808093029350e-01,5.352605909976199117e-01
-4.224997020961440142e-01,8.056318616190875082e-01,4.152725674455671756e-01
-5.567945244450263065e-01,7.978271004838551894e-01,2.311963998023358335e-01
-6.416239070560798563e-01,7.669166109718255075e-01,-1.255681924616414147e-02
-6.467780013729864663e-01,7.098138233971070798e-01,-2.790027832376331118e-01
-5.723231191019471087e-01,6.399658555364763357e-01,-5.127279503683062067e-01
-4.499789837990227914e-01,5.785958327336649942e-01,-6.802541999006220808e-01
-3.141711498626811316e-01,5.385614076539135819e-01,-7.818235726682816189e-01
-1.850953182123159513e-01,5.217297726957101922e-01,-8.327891494602723821e-01
-7.077993073228375231e-02,5.245292598686692731e-01,-8.484451997313434690e-01
2.685601533923872783e-02,5.422319741446902652e-01,-8.397995240861062527e-01
1.082408448414502594e-01,5.706242929669178565e-01,-8.140465808441270656e-01
1.744894774422068862e-01,6.063551730191286682e-01,-7.758136544395749512e-01
2.267775226780663067e-01,6.468464709755470388e-01,-7.281219665649979467e-01
2.661310238882821921e-01,6.901108578625478884e-01,-6.729942659372314395e-01
2.933668353504467752e-01,7.345790775896851033e-01,-6.118247123841527024e-01
3.090849643640414257e-01,7.789564536993407451e-01,-5.456128004768822093e-01
3.136812948104686916e-01,8.221071228379071005e-01,-4.751251665247864797e-01
3.073741743353946010e-01,8.629620088203581174e-01,-4.010208077947657879e-01
2.902467298804638496e-01,9.004490399215329122e-01,-3.239573464178375772e-01
2.623083581547545617e-01,9.334472380911461586e-01,-2.446846520363880062e-01
2.235771070305974106e-01,9.607686766847509663e-01,-1.641244257058076250e-01
1.741806854616444189e-01,9.811731383012713970e-01,-8.342878093407668505e-02
1.144680909930842344e-01,9.934188430687728166e-01,-4.007290892860069891e-03
4.511723109512193186e-02,9.963482405070686054e-01,7.248875151895975422e-02
-3.278169352963605093e-02,9.890006420773002072e-01,1.442327651403004229e-01
-1.176891467031495470e-01,9.707348259804854385e-01,2.093398251096074969e-01
-2.076431860500579929e-01,9.413376180587050834e-01,2.660221722235662778e-01
-3.003563558044260451e-01,9.010925280985073726e-01,3.127591970397125554e-01
-3.933721274564950243e-01,8.507883771598139244e-01,3.484501494189969906e-01
-4.842547285336585294e-01,7.916609895893444993e-01,3.725187719501026340e-01
-5.707772904669891068e-01,7.252773219074013511e-01,3.849494655328021819e-01
-6.510747503818903326e-01,6.533848739886883861e-01,3.862510528891082706e-01
-7.237388559254400722e-01,5.777551456288656517e-01,3.773606499399523306e-01
-7.878481203098396390e-01,5.000471367706091907e-01,3.595110573150262501e-01
-8.429398714112069646e-01,4.217079366041233679e-01,3.340879964775010369e-01
-8.889406613316515049e-01,3.439165120815023680e-01,3.024994766093656584e-01
-9.260742207175576279e-01,2.675675468380891431e-01,2.660716925969675573e-01
-9.547641316792484512e-01,1.932864865596684578e-01,2.259774036760968108e-01
-9.755436996638988667e-01,1.214649333684753585e-01,1.831959606756225767e-01
-9.889801916314980845e-01,5.230626573829753184e-02,1.384999462997722475e-01
-9.956160333766096437e-01,-1.412640293787318854e-02,9.246166137087688530e-02
-9.959263250937462342e-01,-7.786513063819187896e-02,4.547280963348427490e-02
-9.902901994544716091e-01,-1.389976859419311817e-01,-2.228041115222254530e-03
-9.789728699868313067e-01,-1.976346393425457149e-01,-5.052394641839010048e-02
-9.621153607168841937e-01,-2.538827520169144036e-01,-9.938601964530910382e-02
-9.397295512129177908e-01,-3.078238564547146616e-01,-1.488383148739441386e-01
-9.116970596372316882e-01,-3.594983950643053650e-01,-1.989205253235942772e-01
-8.777714218459341522e-01,-4.088931750851108049e-01,-2.496471557205967584e-01
-8.375838228861285373e-01,-4.559336222905039371e-01,-3.009615784523309578e-01
-7.906530848440621595e-01,-5.004817671579715466e-01,-3.526835694627722395e-01
-7.364004499090690548e-01,-5.423422178847288055e-01,-4.044493739315144776e-01
-6.741686689627058859e-01,-5.812792170243952228e-01,-4.556435861993006764e-01
-6.032429266648013932e-01,-6.170482208692076309e-01,-5.053211499146168517e-01
-5.228685429165750298e-01,-6.494449344731207940e-01,-5.521139048380337977e-01
-4.322583228322597892e-01,-6.783729720646264338e-01,-5.941067691202041035e-01
-3.305836188792576347e-01,-7.039273176016908051e-01,-6.286499840632958636e-01
-2.169544925637318378e-01,-7.264811283472610848e-01,-6.520398134406394375e-01
-9.043535726077422954e-02,-7.467369279440022600e-01,-6.589426428771096855e-01
4.972879349435253143e-02,-7.656268785953497247e-01,-6.413599066592311493e-01
2.031234177015364961e-01,-7.837387869196428269e-01,-5.869364455023846627e-01
3.649224590684749248e-01,-7.994969170509513834e-01,-4.771124379990960840e-01
5.177606973821239356e-01,-8.051406605911590741e-01,-2.892617792056331738e-01
6.211102081643831152e-01,-7.835681085558361403e-01,-1.559258055056569198e-02
6.249849041178008324e-01,-7.211658359218353631e-01,2.988539889712429343e-01
5.255032625154995030e-01,-6.347669273381163491e-01,5.664956037281247969e-01
3.740303755359819515e-01,-5.597354124637021755e-01,7.394576027133006324e-01
2.188716411054028588e-01,-5.146914944795906166e-01,8.289679548873969406e-01
8.109408318391629622e-02,-4.992804497625253357e-01,8.626371091933678903e-01
-3.456557776728173131e-02,-5.065953599960983933e-01,8.614907788618735296e-01
-1.290538271226406020e-01,-5.297083000249922513e-01,8.383043758621521180e-01
-2.046035584113925776e-01,-5.632284011654716815e-01,8.005692674628361871e-01
-2.634129365287444235e-01,-6.032326966365517684e-01,7.528106923907880166e-01
-3.073518839552469850e-01,-6.469016911528266967e-01,6.978918407695945403e-01
-3.379463590386502791e-01,-6.921924894883419999e-01,6.377004123477193476e-01
-3.564161743099524826e-01,-7.375931697818035593e-01,5.735188110092718228e-01
-3.637121901376737521e-01,-7.819421516900414426e-01,5.062409645174962280e-01
-3.605475493885431648e-01,-8.242930328337738644e-01,4.365162776479418194e-01
-3.474289744041612615e-01,-8.638119891800617456e-01,3.648588152878556312e-01
-3.246948110209382787e-01,-8.997009531978179542e-01,2.917387093119717667e-01
-2.925645615282784218e-01,-9.311440230854656219e-01,2.176620904291328706e-01
-2.512021944555449249e-01,-9.572772645170763983e-01,1.432399955997696317e-01
-2.007927654824147867e-01,-9.771835375600848028e-01,6.924304478777830452e-02
-1.416286026673129195e-01,-9.899141497652641508e-01,-3.363777789757374601e-03
-7.419746811273743303e-02,-9.945377034282616435e-01,-7.341316084530276342e-02
7.387825714006164947e-04,-9.902132402560551716e-01,-1.395607144647670328e-01
8.208929861633834646e-02,-9.762799293505221021e-01,-2.003468157970498265e-01
1.684174136713073033e-01,-9.523501387843625876e-01,-2.542927209529859955e-01
2.579722315692954959e-01,-9.183886563650877077e-01,-3.000210052631089863e-01
3.487706791369079573e-01,-8.747602618360871274e-01,-3.363829628367649982e-01
4.387212235954004447e-01,-8.222322261706747071e-01,-3.625711712386565089e-01
5.257703094653292109e-01,-7.619272310045132057e-01,-3.781963462786591124e-01
6.080468223863569888e-01,-6.952331658826771399e-01,-3.833143707749602780e-01
6.839807247014509928e-01,-6.236856257095751976e-01,-3.784000641122216013e-01
7.523789925923470845e-01,-5.488436306577458845e-01,-3.642753362391538130e-01
8.124523422737582878e-01,-4.721780812740111188e-01,-3.420073845668796242e-01
8.637963789262377290e-01,-3.949869377298225182e-01,-3.127956757641274232e-01
9.063379725008786636e-01,-3.183435877390290436e-01,-2.778647868090515782e-01
9.402607809966014862e-01,-2.430778390918553467e-01,-2.383753927361105807e-01
9.659233484322837793e-01,-1.697840320742249887e-01,-1.953598408219649474e-01
9.837803855416604737e-01,-9.884837781328296991e-02,-1.496835035238834044e-01
9.943140959805176760e-01,-3.048743090126524585e-02,-1.020293834710696429e-01
9.979788314339869126e-01,3.520915605368515194e-02,-5.290148712126434977e-02
9.951595843718715750e-01,9.823655711987454298e-02,-2.642059431127243702e-03
9.861430936255440871e-01,1.586364209018635008e-01,4.854157865261905097e-02
9.710995974597614877e-01,2.164637413596199877e-01,1.005436248107498820e-01
9.500733124164725263e-01,2.717594816557595827e-01,1.533215091374480754e-01
9.229802591653927246e-01,3.245291332111693294e-01,2.068532883185369431e-01
8.896127767790276142e-01,3.747276184903949869e-01,2.610906343246058858e-01
8.496506099160581194e-01,4.222516124230747403e-01,3.159072915831220296e-01
8.026784349620025294e-01,4.669412485683278602e-01,3.710433942713456945e-01
7.482087570454720726e-01,5.085939848607257119e-01,4.260467280052244177e-01
6.857070682964797603e-01,5.469937956104640175e-01,4.802120407194145346e-01
6.146131672422556758e-01,5.819586080119123483e-01,5.325174487406779678e-01
5.343492121281191443e-01,6.134080708436742135e-01,5.815509075927062232e-01
4.443024957079256265e-01,6.414526076467997884e-01,6.254069430785281769e-01
3.437709363189637157e-01,6.665030129725114660e-01,6.615098465185133003e-01
2.318669004562353975e-01,6.893943048257487050e-01,6.862748960486905192e-01
1.074084059691840648e-01,7.114941741264163566e-01,6.944346438012202194e-01
-3.104661284363543008e-02,7.346762659669718865e-01,6.777070842596855105e-01
-1.844147940430770072e-01,7.607273490792202386e-01,6.223223313532558754e-01
-3.495184402835594950e-01,7.888637555242438149e-01,5.055005787552905305e-01
-5.079769405768270740e-01,8.088089587250208989e-01,2.962895477878927375e-01
-6.088563081307608593e-01,7.931040165391148866e-01,-1.673364870263991180e-02
-5.908738761661592731e-01,7.195260184216961674e-01,-3.648977545540656453e-01
-4.658992653043225740e-01,6.175674650450810876e-01,-6.336783890166091116e-01
-3.044047901272699530e-01,5.353482927039826533e-01,-7.878705028407292366e-01
-1.522993400721024959e-01,4.895308275615071203e-01,-8.585828322768560561e-01
-2.262681145587365494e-02,4.752890709323070451e-01,-8.795387009425137403e-01
8.448512587382249472e-02,4.837154904261759536e-01,-8.711380991713361110e-01
1.717404435204330226e-01,5.074510575537224399e-01,-8.443924705058740710e-01
2.418114787474426319e-01,5.412211956153155645e-01,-8.053613016297116456e-01
2.968228530548791544e-01,5.813302043775757655e-01,-7.575957941954849506e-01
3.383941498710177354e-01,6.251560117990524468e-01,-7.033273492795329984e-01
3.677585888040180162e-01,6.707921048645475448e-01,-6.440431448375698587e-01
3.858546948275181077e-01,7.168067050421790265e-01,-5.807790475612366610e-01
3.933838622608409330e-01,7.620764567937727829e-01,-5.142845621962540692e-01
3.908465467951173222e-01,8.056655852618649361e-01,-4.451313756443020520e-01
3.785708439027888339e-01,8.467342717148949038e-01,-3.737983269761609995e-01
3.567443275360142607e-01,8.844686219506031621e-01,-3.007469726459070514e-01
3.254567569833370366e-01,9.180300372551828403e-01,-2.264922736676388271e-01
2.847580884983408334e-01,9.465251463991175562e-01,-1.516673276249700664e-01
2.347328210482203803e-01,9.689992736932577788e-01,-7.707730083937226750e-02
1.755876513753163171e-01,9.844567161910379172e-01,-3.735054331409400595e-03
1.077446276466534625e-01,9.919095737639392896e-01,6.713041552623053021e-02
3.192703863778360851e-02,9.904532327864773444e-01,1.341009241826376097e-01
-5.077847631706675080e-02,9.793610553191260948e-01,1.956360643315153136e-01
-1.389007229292272272e-01,9.581844942511826835e-01,2.501780648784845407e-01
-2.306165191189258612e-01,9.268398658927684552e-01,2.962834522907836221e-01
-3.238403951490251287e-01,8.856619175413720235e-01,3.327617259942361461e-01
-4.163619455637675992e-01,8.354088859954732493e-01,3.587962144256217067e-01
-5.060091848832118933e-01,7.772136235990034780e-01,3.740236464529137494e-01
-5.908093056753873640e-01,7.124877448830427840e-01,3.785572317613850046e-01
-6.691192594868874410e-01,6.427963643149284811e-01,3.729507348259671895e-01
-7.397070570396013789e-01,5.697262369781986857e-01,3.581137873141344574e-01
-8.017771519131465796e-01,4.947687463696343602e-01,3.351973840677514582e-01
-8.549452452755218479e-01,4.192326674845227585e-01,3.054711084449547309e-01
-8.991759450658790565e-01,3.441929878337290361e-01,2.702106714046906277e-01
-9.346997340817336797e-01,2.704742515081181575e-01,2.306080796040319847e-01
-9.619244123309970140e-01,1.986616885531218846e-01,1.877097718897131617e-01
-9.813523394713299375e-01,1.291311992094381356e-01,1.423822994788319363e-01
-9.935102047345873988e-01,6.208949718684622643e-02,9.530145553622369758e-02
-9.988939669903641461e-01,-2.382600755694050648e-03,4.695919424236793399e-02
-9.979286617825650074e-01,-6.428853935428870126e-02,-2.317261433522635906e-03
-9.909410820895550032e-01,-1.236787580173974305e-01,-5.233867253241775847e-02
-9.781427221973540975e-01,-1.806189010306631648e-01,-1.030224616422321104e-01
-9.596205321307881286e-01,-2.351636170937472237e-01,-1.543583736258207217e-01
-9.353336595196790615e-01,-2.873356670889388176e-01,-2.063714122355117808e-01
-9.051151843916115380e-01,-3.371102045620353316e-01,-2.590814793918733705e-01
-8.686786249830529272e-01,-3.844046913561224299e-01,-3.124587648969971432e-01
-8.256294327356882290e-01,-4.290758569094796360e-01,-3.663740558745139375e-01
-7.754814812245836020e-01,-4.709262607960303937e-01,-4.205436114963523320e-01
-7.176773439076499228e-01,-5.097241925936750739e-01,-4.744686264932453934e-01
-6.516086727052423644e-01,-5.452416794481260709e-01,-5.273686079469455112e-01
-5.766291254037330116e-01,-5.773162810270827672e-01,-5.781044571677201871e-01
-4.920471413600103205e-01,-6.059434993104042544e-01,-6.250776642329368693e-01
-3.970797312313818495e-01,-6.314087011506058777e-01,-6.660711216953625335e-01
-2.907425565335540196e-01,-6.544704236989454804e-01,-6.979521690801283595e-01
-1.716532539471628815e-01,-6.766051334448569543e-01,-7.160591133456918334e-01
-3.777392209589086614e-02,-7.002836717428659874e-01,-7.128645803375445178e-01
1.135890378409261520e-01,-7.290134930813939595e-01,-6.750087831929575399e-01
2.837842472151314577e-01,-7.657732418223053283e-01,-5.771116383694737673e-01
4.615391720858392222e-01,-8.045421131043394292e-01,-3.737560445958331146e-01
5.889355040802141117e-01,-8.078975526144007713e-01,-2.136624706038550009e-02
5.638352426688542085e-01,-7.222726300556829848e-01,4.005147525335374104e-01
4.003051292199607536e-01,-5.898591686681053936e-01,7.013001958208496811e-01
2.114923247139248730e-01,-4.925236996202096429e-01,8.442105198938955057e-01
4.972608031251300742e-02,-4.465505999682380933e-01,8.933755529477848123e-01
-8.000873131449520725e-02,-4.384457289043500183e-01,8.951893351235694629e-01
-1.829109298995706956e-01,-4.545713013321288631e-01,8.717273218894134867e-01
-2.640244563917351073e-01,-4.856616157011449664e-01,8.333209954522940999e-01
-3.269945483896107841e-01,-5.257408547177255809e-01,7.852841008222118946e-01
-3.744054265482048560e-01,-5.708907416030077897e-01,7.306875787388373844e-01
-4.081655845207077804e-01,-6.184689484791318081e-01,6.714886561811643784e-01
-4.297485237766114907e-01,-6.666467629555763441e-01,6.090142032437954045e-01
-4.403208929991129228e-01,-7.141260048882283051e-01,5.441889013300821309e-01
-4.408059084947627548e-01,-7.599532168102742791e-01,4.776622858210838873e-01
-4.319160528521467368e-01,-8.033886426803421577e-01,4.098965870812530388e-01
-4.141759535506912004e-01,-8.438089992295848552e-01,3.412398750432635852e-01
-3.879474701476648413e-01,-8.806340996130784804e-01,2.719932774990757585e-01
-3.534634993176632989e-01,-9.132730855269149961e-01,2.024742598511236058e-01
-3.108735891210226976e-01,-9.410891033524515503e-01,1.330748328508889744e-01
-2.603020569525184569e-01,-9.633830160396525955e-01,6.431176838363271420e-02
-2.019170881909953530e-01,-9.793975997495409924e-01,-3.135458707723407911e-03
-1.360067314565777397e-01,-9.883435708162587874e-01,-6.840434945721862725e-02
-6.305470945496639834e-02,-9.894474578719669733e-01,-1.304524117303007547e-01
1.619402869657329824e-02,-9.820185975442276005e-01,-1.880883502821026343e-01
1.006901034044977300e-01,-9.655285950738867751e-01,-2.400334042816503199e-01
1.890706998422793939e-01,-9.396922807150877022e-01,-2.850099788176327920e-01
2.796930596204849628e-01,-9.045359611302380420e-01,-3.218485473360541138e-01
3.707117647783160774e-01,-8.604382969981980711e-01,-3.495979469530496320e-01
4.601919806260316159e-01,-8.081325792979778821e-01,-3.676208308089843335e-01
5.462422178779426929e-01,-7.486663245698511604e-01,-3.756569896366317995e-01
6.271450980266257691e-01,-6.833231312608480934e-01,-3.738429139425322734e-01
7.014650052516057110e-01,-6.135197809663542889e-01,-3.626848835702439766e-01
7.681172526602717543e-01,-5.406960360467678584e-01,-3.429922488467465613e-01
8.263923490767497437e-01,-4.662143369219783340e-01,-3.157845427436427044e-01
8.759380959019692492e-01,-3.912823225132505689e-01,-2.821889371259421186e-01
9.167090231792871524e-01,-3.169047274140894821e-01,-2.433432977591103441e-01
9.488958911819257436e-01,-2.438649128845575553e-01,-2.003159802957972802e-01
9.728478333748677986e-01,-1.727316099587145604e-01,-1.540483171569752008e-01
9.889972712231932528e-01,-1.038839930747894463e-01,-1.053210021596582002e-01
9.977942964103327927e-01,-3.754776587110406766e-02,-5.474218966297970945e-02
9.996538694429768501e-01,2.616410473185277336e-02,-2.753349099629965723e-03
9.949165868812444025e-01,8.721075767872389639e-02,5.035145373947359088e-02
9.838221739217681838e-01,1.455860019064365019e-01,1.043965811161717133e-01
9.664942144312564931e-01,2.012858719014298248e-01,1.592888296265299597e-01
9.429346983980996244e-01,2.542822467962594923e-01,2.149760301083146752e-01
9.130274049955188209e-01,3.045034974395707250e-01,2.714011381225548414e-01
8.765495454508095419e-01,3.518235476725224964e-01,3.284525622873105122e-01
8.331910309292878125e-01,3.960614927347957392e-01,3.859119069835442728e-01
7.825798041142751904e-01,4.369947362020994430e-01,4.434010044238964054e-01
7.243096129676612760e-01,4.743892353334354661e-01,5.003303288452494169e-01
6.579633864258150888e-01,5.080508555457637909e-01,5.558493593612309214e-01
5.831211560888656109e-01,5.379025197095724797e-01,6.087943795828586468e-01
4.993362230051813233e-01,5.640940830131854211e-01,6.576178235909011516e-01
4.060560626669963424e-01,5.871578707106714923e-01,7.002600294418399596e-01
3.024529557728971030e-01,6.082353798277860824e-01,7.338746025514077953e-01
1.871121049426543725e-01,6.294202941219441128e-01,7.542010034011983333e-01
5.752171971671016931e-02,6.542683051621049906e-01,7.540717715318208114e-01
-9.050753242592557424e-02,6.883483139765164127e-01,7.197117375865543787e-01
-2.618638103130902506e-01,7.383137867384451658e-01,6.215465366006375225e-01
-4.492131446499262881e-01,8.003705778561558404e-01,3.970069127558453759e-01
-5.776566464442512983e-01,8.159241921992488322e-01,-2.409380424059955061e-02
-5.107546584739737217e-01,6.985453252685475123e-01,-5.011627553924909995e-01
-3.154957468324350867e-01,5.410377036577148635e-01,-7.795772167985868251e-01
-1.288716947468310781e-01,4.439163179246773394e-01,-8.867527214355062082e-01
1.938795796918663106e-02,4.048284118419562816e-01,-9.141871056032810916e-01
1.357190391012160768e-01,4.025961742758361606e-01,-9.052605497225112430e-01
2.279982552595748446e-01,4.225697240913787178e-01,-8.771839167927818481e-01
3.013975910916947831e-01,4.559892469217215472e-01,-8.373967391719917552e-01
3.591276421814403319e-01,4.975013179960041665e-01,-7.896326837292374501e-01
4.032705420377709626e-01,5.436617215292580685e-01,-7.360739110092178183e-01
4.352757945109415605e-01,5.921428323504628333e-01,-6.781606364342007698e-01
4.562214208037794760e-01,6.413061930730873383e-01,-6.169184564639680346e-01
4.669428461690789955e-01,6.899560888710358775e-01,-5.531048488680089248e-01
4.680922035444167739e-01,7.371838527003896635e-01,-4.872880629553144605e-01
4.601643894823435610e-01,7.822594738012131899e-01,-4.199033821018721691e-01
4.435113298970062568e-01,8.245500273385253376e-01,-3.513046436770030923e-01
4.183574430480287987e-01,8.634559259307990065e-01,-2.818171638160134607e-01
3.848241913136098979e-01,8.983619559108184660e-01,-2.117926768137063376e-01
3.429682342480658286e-01,9.286033155750642587e-01,-1.416639424827702276e-01
2.928350075915645001e-01,9.534486974586333652e-01,-7.199471955139355450e-02
2.345268229260427661e-01,9.721032786345721322e-01,-3.519232321383541917e-03
1.682813486420526305e-01,9.837342292608195482e-01,6.283592825632031142e-02
9.455254847937515084e-02,9.875197163366581377e-01,1.259548546996963614e-01
1.408236254458969904e-02,9.827191449395767942e-01,1.845664358283749529e-01
-7.205119840794040054e-02,9.687577573584182922e-01,2.373120990718079193e-01
-1.624237468893189318e-01,9.453136466272318295e-01,2.828438366780499647e-01
-2.553020279381204016e-01,9.123914249981944780e-01,3.199418105225498854e-01
-3.487309070051389792e-01,8.703661875909793899e-01,3.476340806044730392e-01
-4.406606088551620060e-01,8.199853471549257700e-01,3.652974928118362108e-01
-5.290948611682143587e-01,7.623240975452885149e-01,3.727205363099132529e-01
-6.122349185684575756e-01,6.987004797941616108e-01,3.701162574393114246e-01
-6.885954622536128999e-01,6.305649104073186573e-01,3.580840447810307858e-01
-7.570757033340652642e-01,5.593836281758275408e-01,3.375297556513768282e-01
-8.169798484539052552e-01,4.865346656206873122e-01,3.095608928298273499e-01
-8.679916394663943491e-01,4.132296667054889960e-01,2.753756640861924621e-01
-9.101149826817084287e-01,3.404675491762387263e-01,2.361621609322688553e-01
-9.435955582629210747e-01,2.690191564819036096e-01,1.930184340218598082e-01
-9.688372948992758360e-01,1.994372957161196225e-01,1.468981316753031896e-01
-9.863242068020643405e-01,1.320843972531028365e-01,9.858129172699638121e-02
-9.965539340473871244e-01,6.717004461993036912e-02,4.866663785831683992e-02
-9.999855909857791048e-01,4.791993705506376010e-03,-2.419631614215460823e-03
-9.970018266905069648e-01,-5.502379836941778679e-02,-5.440348507948735562e-02
-9.878834704810247613e-01,-1.122867938047431291e-01,-1.071350768302220535e-01
-9.727946174360379006e-01,-1.670104215357737232e-01,-1.605557578721973355e-01
-9.517762171050025977e-01,-2.191860334983642689e-01,-2.146613967916567167e-01
-9.247468463522662274e-01,-2.687625591989721840e-01,-2.694623478973586783e-01
-8.915100573112438864e-01,-3.156324999853915569e-01,-3.249399062378678371e-01
-8.517681645687577019e-01,-3.596256990769473583e-01,-3.809991474932545308e-01
-8.051422153502096890e-01,-4.005134215601007242e-01,-4.374185778075475595e-01
-7.511967981718568055e-01,-4.380265343581142279e-01,-4.937976565503022219e-01
-6.894659423211103588e-01,-4.718929410798959334e-01,-5.495031997524939538e-01
-6.194723223795993716e-01,-5.019012049334294900e-01,-6.036134709331769654e-01
-5.407257914926828501e-01,-5.280006048498613325e-01,-6.548518761466537441e-01
-4.526774421113162195e-01,-5.504554504346579336e-01,-7.014855169498040999e-01
-3.545877326746549318e-01,-5.700891914998488241e-01,-7.411247220081760290e-01
-2.452315158559983665e-01,-5.886936530516435617e-01,-7.702605315655738361e-01
-1.222901498895874600e-01,-6.097611021945298360e-01,-7.830941945197235077e-01
1.882063860467236144e-02,-6.398124422741853223e-01,-7.683006067117575943e-01
1.865424665627706535e-01,-6.901905622584543210e-01,-6.991701480598526697e-01
3.880241279994586234e-01,-7.720725080366209747e-01,-5.033302280057314615e-01
5.582960287086485840e-01,-8.290111294181951029e-01,-3.234333979230643447e-02
4.669214763795074274e-01,-6.777208969968039343e-01,5.680481675610163927e-01
2.229211210041339153e-01,-4.748030527613157914e-01,8.513919396487117375e-01
2.526564099104808281e-02,-3.747116520745877311e-01,9.267970787528652110e-01
-1.194462828011589178e-01,-3.461999869311983002e-01,9.305257409517609934e-01
-2.291800024152358672e-01,-3.559345012760676830e-01,9.059730444634153113e-01
-3.145338262925450601e-01,-3.864965527356836184e-01,8.669999347411763146e-01
-3.810958463065958757e-01,-4.286871140470737696e-01,8.191418156692105157e-01
-4.320462040121967329e-01,-4.772172426849354276e-01,7.652449156203774416e-01
-4.694312929291492575e-01,-5.288029865735722757e-01,7.071079568281901651e-01
-4.947399591433334076e-01,-5.812923685232515014e-01,6.460120394570685320e-01
-5.091558212355079549e-01,-6.332278218486587784e-01,5.829089768898734203e-01
-5.136598441849671293e-01,-6.836005950470872561e-01,5.185014859411142263e-01
-5.090656034717159217e-01,-7.316950914133116823e-01,4.532929566667049381e-01
-4.960282457422355296e-01,-7.769791886269337144e-01,3.876329705617316823e-01
-4.750480867662760787e-01,-8.190213903084222480e-01,3.217658736985010703e-01
-4.464793542536825144e-01,-8.574265278578127036e-01,2.558826597308035966e-01
-4.105490063546400337e-01,-8.917866044325586383e-01,1.901740401207934750e-01
-3.673876105550406557e-01,-9.216457236486467197e-01,1.248819590285970837e-01
-3.170726472016244801e-01,-9.464793850891041194e-01,6.034658232166395520e-02
-2.596833910398854695e-01,-9.656892909440184525e-01,-2.954619106555207708e-03
-1.953650866902356675e-01,-9.786152112732386943e-01,-6.437974190031429955e-02
-1.243981417674172862e-01,-9.845651546381783970e-01,-1.231119758476546949e-01
-4.726556650516602898e-02,-9.828637799190200752e-01,-1.781705821572173720e-01
3.529061098523098711e-02,-9.729164977392650293e-01,-2.284470643345014595e-01
1.222348119409133738e-01,-9.542832404527143986e-01,-2.727675709112731828e-01
2.122356563067182011e-01,-9.267521522116968224e-01,-3.099781840114630982e-01
3.037029941840229119e-01,-8.904007048630629972e-01,-3.390443571319542992e-01
3.948648043245095440e-01,-8.456314063597375474e-01,-3.591508191328807165e-01
4.838763041428734701e-01,-7.931723100176555352e-01,-3.697856256133943420e-01
5.689458857871023678e-01,-7.340388070900797368e-01,-3.707932155955687703e-01
6.484579401817786026e-01,-6.694611573682444083e-01,-3.623866148057565129e-01
7.210730221380280414e-01,-6.007894325482906472e-01,-3.451170156382233900e-01
7.857910984698788237e-01,-5.293917044458689158e-01,-3.198073995851234419e-01
8.419719427203106177e-01,-4.565612857910775757e-01,-2.874631106569743855e-01
8.893153383021370484e-01,-3.834451032158712191e-01,-2.491748018566994072e-01
9.278102183342465947e-01,-3.109995153689202874e-01,-2.060279112034449356e-01
9.576650017023340400e-01,-2.399740468725033438e-01,-1.590289324057164444e-01
9.792312926570073683e-01,-1.709190702132729056e-01,-1.090538716356121152e-01
9.929307927265811351e-01,-1.042110582417112574e-01,-5.681985740483531250e-02
9.991919881157761418e-01,-4.008852016788914951e-02,-2.877748423878413991e-03
9.983999879309480852e-01,2.130746094809961647e-02,5.237801263343008773e-02
9.908604472616736603e-01,7.989274890641055726e-02,1.086863502219721778e-01
9.767770463965890215e-01,1.356029530226554869e-01,1.658868311961239350e-01
9.562414221013163518e-01,1.883616611708016919e-01,2.238799393840996688e-01
9.292344612995520059e-01,2.380557600294086751e-01,2.825823261461198332e-01
8.956380589490487987e-01,2.845195432398721080e-01,3.418787751185420887e-01
8.552563543736485530e-01,3.275297500683259089e-01,4.015729462048907572e-01
8.078446776803086538e-01,3.668142609175180646e-01,4.613396522423939827e-01
7.531426848298762300e-01,4.020776831582963950e-01,5.206818923232323648e-01
6.909053756789594880e-01,4.330475382848715249e-01,5.788951471927612502e-01
6.209219083349759583e-01,4.595458905928789251e-01,6.350382336433368913e-01
5.430069407410486049e-01,4.815948832707854232e-01,6.879024863412297464e-01
4.569405226210541682e-01,4.995747790459297843e-01,7.359554327050030764e-01
3.623136946801311931e-01,5.144786267873463492e-01,7.772004434032697695e-01
2.581897398490964890e-01,5.283706553485280066e-01,8.088031335270795541e-01
1.423657857415480954e-01,5.453158054492451834e-01,8.260524531634978462e-01
9.687562364136505927e-03,5.734604313296337574e-01,8.191759791611757935e-01
-1.517472072210567513e-01,6.296966834685070458e-01,7.618758901089943691e-01
-3.628022160015413333e-01,7.426080367199161536e-01,5.629456953058284974e-01
-5.478600990349202782e-01,8.355937905606315441e-01,-4.040209229684394582e-02
-3.642621159225468142e-01,5.905671529742693160e-01,-7.200996797190616361e-01
-1.094369627252771149e-01,3.787629688590411492e-01,-9.190006336290259537e-01
6.177299006611663285e-02,3.026259934567366305e-01,-9.511054651207796473e-01
1.840495649795154398e-01,2.914377766078574683e-01,-9.387170926305324903e-01
2.780587277185025408e-01,3.114689327918241935e-01,-9.086641006692680600e-01
3.527213311983782296e-01,3.480213013025338920e-01,-8.686016557417645112e-01
4.122053218634280647e-01,3.937717194154360945e-01,-8.216024620314125171e-01
4.587196614463897038e-01,4.445647250400398542e-01,-7.693753813663285479e-01
4.936198309257097128e-01,4.977938359544472613e-01,-7.131204382168769840e-01
5.178697300321127850e-01,5.517068373755943389e-01,-6.537816977474103508e-01
5.322369624484621919e-01,6.050720192818846987e-01,-5.921247058566099231e-01
5.373688410827718309e-01,6.569966348773250697e-01,-5.287628489154941880e-01
5.338137612665576626e-01,7.068133938966225660e-01,-4.641742070503145912e-01
5.220198956215759134e-01,7.539992387205718405e-01,-3.987234337031587694e-01
5.023286138357699881e-01,7.981112002206158795e-01,-3.326927648811164318e-01
4.749726361873421454e-01,8.387334084407056523e-01,-2.663217310672997273e-01
4.400847240281735573e-01,8.754337074626913351e-01,-1.998530948351140701e-01
3.977201162842929905e-01,9.077305060246170232e-01,-1.335815763310980453e-01
3.478941148450882537e-01,9.350717077114866216e-01,-6.790129817372142496e-02
2.906345832746368707e-01,9.568282684550118988e-01,-3.347191384145946618e-03
2.260471451814384247e-01,9.723051333973569132e-01,5.937521136357818557e-02
1.543882571221482924e-01,9.807717385817319444e-01,1.193778156197884133e-01
7.613817149876933588e-02,9.815125722946198561e-01,1.756019625984355514e-01
-7.937294115091073077e-03,9.738952768682552774e-01,2.268589629171275934e-01
-9.674917761091178514e-02,9.574496661784263063e-01,2.719002268598393890e-01
-1.888843254707554820e-01,9.319467038358651978e-01,3.095126052375313797e-01
-2.826489526325751123e-01,8.974634015473508253e-01,3.386281329995587397e-01
-3.761570257763859892e-01,8.544194035645971130e-01,3.584318272299228392e-01
-4.674538456392757224e-01,8.035747688298119362e-01,3.684487659053380382e-01
-5.546563342059105395e-01,7.459858172504414409e-01,3.685939654775325369e-01
-6.360868305044022897e-01,6.829249262402239395e-01,3.591755687385326801e-01
-7.103785594275838777e-01,6.157779470482468431e-01,3.408516132199425064e-01
-7.765379320299696797e-01,5.459369028776204225e-01,3.145500567397975233e-01
-8.339588953295828944e-01,4.747048146053595152e-01,2.813679084244561368e-01
-8.823942674717042411e-01,4.032247327426541905e-01,2.424668464712028959e-01
-9.218956741871123794e-01,3.324384328243233377e-01,1.989800349190774253e-01
-9.527362732864521622e-01,2.630739896687513402e-01,1.519396904169823537e-01
-9.753294182640486198e-01,1.956570846638144012e-01,1.022293064124442236e-01
-9.901531718403822069e-01,1.305388832353418516e-01,5.055982850149309121e-02
-9.976866474898089532e-01,6.793330030891603366e-02,-2.533797482849531151e-03
-9.983606588354694278e-01,7.957700960893260636e-03,-5.668041888539979839e-02
-9.925226709806217462e-01,-4.932720045838513701e-02,-1.116493389341401410e-01
-9.804146954052725960e-01,-1.038808617740126922e-01,-1.673194298056116247e-01
-9.621623806491447217e-01,-1.556512955398170195e-01,-2.236430805107703090e-01
-9.377738179129599949e-01,-2.045491590185898600e-01,-2.806063220630252708e-01
-9.071471488221790613e-01,-2.504283876021463073e-01,-3.381858558053253971e-01
-8.700865618565444271e-01,-2.930746909303393877e-01,-3.963036719647493600e-01
-8.263263209280343746e-01,-3.322040523992312866e-01,-4.547804733176963321e-01
-7.755617264617472584e-01,-3.674743614113244461e-01,-5.132899786212595794e-01
-7.174840690681970612e-01,-3.985143879287909030e-01,-5.713168063754852088e-01
-6.518134527268952816e-01,-4.249757669835978469e-01,-6.281200683953237496e-01
-5.783184133819586625e-01,-4.466166721671148698e-01,-6.827015166862789863e-01
-4.968030630237706968e-01,-4.634336166698598269e-01,-7.337683554845442213e-01
-4.070260554140160969e-01,-4.758785118040099738e-01,-7.796598182651885978e-01
-3.084751212609407323e-01,-4.852544261972996376e-01,-8.181511116040711684e-01
-1.998039144786055710e-01,-4.945473296811340180e-01,-8.458731196014480647e-01
-7.735198468653607662e-02,-5.104852404265364241e-01,-8.564003093015061241e-01
6.927424375959780056e-02,-5.495933496791777229e-01,-8.325552408939340676e-01
2.711796041360178822e-01,-6.573125680578473240e-01,-7.031371204635910033e-01
5.287087612959600058e-01,-8.466092936866694840e-01,-6.098974973099968028e-02
2.671669254424666740e-01,-4.906767564562221628e-01,8.293721448319931744e-01
-4.374691689148697306e-03,-2.654991153105266677e-01,9.641011782183198653e-01
-1.609311208941476279e-01,-2.152468576633874697e-01,9.632081626490666126e-01
-2.713984523859920284e-01,-2.252783266094259829e-01,9.357310273804889666e-01
-3.569693540729931835e-01,-2.610432269243180281e-01,8.968998349479438970e-01
-4.250183258373306239e-01,-3.095016551836902163e-01,8.506280903785089498e-01
-4.786992230371622248e-01,-3.644238421818578599e-01,7.987755110874578124e-01
-5.196970037856055713e-01,-4.222891321277105203e-01,7.426889747014486787e-01
-5.491550749196710823e-01,-4.808842146552360641e-01,6.835049932410055540e-01
-5.680117793113571567e-01,-5.387359743084295660e-01,6.221946387984175209e-01
-5.771135260623956320e-01,-5.948419448061763593e-01,5.595561086567052422e-01
-5.772367397458220140e-01,-6.485177602709434330e-01,4.962080822606312336e-01
-5.690746831057612587e-01,-6.992946618966507932e-01,4.325979436970620040e-01
-5.532158352042587657e-01,-7.468413199426797711e-01,3.690261271313053926e-01
-5.301269330782250044e-01,-7.909002890762731885e-01,3.056831162562673732e-01
-5.001466349384926513e-01,-8.312357140172699221e-01,2.426943165834367089e-01
-4.634919191569981667e-01,-8.675912692861177389e-01,1.801683388796871954e-01
-4.202774668681306114e-01,-8.996582362487507423e-01,1.182451216443811126e-01
-3.705475234893471081e-01,-9.270541686922967317e-01,5.714106357206141101e-02
-3.143193802984614593e-01,-9.493131322377629244e-01,-2.811428412549139312e-03
-2.516370818765255590e-01,-9.658889933490548696e-01,-6.113290073124527657e-02
-1.826328615196289584e-01,-9.761734334916187805e-01,-1.171779229989014237e-01
-1.075919978099031948e-01,-9.795299403995263443e-01,-1.701324715278486333e-01
-2.701446166882550889e-02,-9.753436729449809217e-01,-2.190318207634173731e-01
5.833555383591709775e-02,-9.630846775946991789e-01,-2.628019538378112419e-01
1.474024455604738826e-01,-9.423786684763475474e-01,-3.003247646191335996e-01
2.388438814702619761e-01,-9.130761668213694948e-01,-3.305230912765612095e-01
3.310733765006295681e-01,-8.753083761408243513e-01,-3.524566158127626636e-01
4.223405021471484666e-01,-8.295180336665470833e-01,-3.654152871296982852e-01
5.108405892504083168e-01,-7.764564807477946085e-01,-3.689948859795286196e-01
5.948385578506950599e-01,-7.171441532798420448e-01,-3.631409554300418230e-01
6.727874393288374444e-01,-6.527991662030234732e-01,-3.481527108697895501e-01
7.434228726933913567e-01,-5.847453750202070699e-01,-3.246463903215047742e-01
8.058202465664072722e-01,-5.143150991581275644e-01,-2.934854493865414748e-01
8.594093863418833523e-01,-4.427615443253860028e-01,-2.556906754930004522e-01
9.039500699715076193e-01,-3.711923182249014519e-01,-2.123453175592293352e-01
9.394778700413445316e-01,-3.005298717037369616e-01,-1.645087472334339218e-01
9.662327166460580319e-01,-2.314990908060294839e-01,-1.131481694008358435e-01
9.845823112132198185e-01,-1.646380235834254135e-01,-5.909309296845065285e-02
9.949501123865978069e-01,-1.003254479056888138e-01,-3.013032429202123184e-03
9.977543332856610991e-01,-3.881852227216504858e-02,5.458399708972715841e-02
9.933612808223524215e-01,1.970546664736521833e-02,1.133360505187338135e-01
9.820540457217408203e-01,7.510793292134791688e-02,1.729989875514976183e-01
9.640161867706569243e-01,1.272517830426657670e-01,2.334090301522717681e-01
9.393294819181169375e-01,1.759706483415251765e-01,2.944392217787999422e-01
9.079846750742047723e-01,2.210466113269408395e-01,3.559525606752491633e-01
8.699039828498661420e-01,2.621984385378017257e-01,4.177547599373087617e-01
8.249735340671016104e-01,2.990824316313958064e-01,4.795501717008224252e-01
7.730826539945485631e-01,3.313079896031715377e-01,5.409050065564653398e-01
7.141649891935838435e-01,3.584697678631765250e-01,6.012219172138094647e-01
6.482341014753095765e-01,3.801983361286638274e-01,6.597285615232173495e-01
5.754033697724688645e-01,3.962327650354082742e-01,7.154792505495055632e-01
4.958757635064922065e-01,4.065245637247425492e-01,7.673623695851009563e-01
4.098790365692510651e-01,4.113999585478655407e-01,8.140941281497349191e-01
3.174923373784322433e-01,4.118573031295384435e-01,8.541499736959800027e-01
2.182125414786681428e-01,4.102316995626347218e-01,8.854903948747117060e-01
1.097337036077716682e-01,4.120387669404863562e-01,9.045344486699693487e-01
-1.642682988439601172e-02,4.326287023830716061e-01,9.014225230901925512e-01
-1.979221413053741385e-01,5.322406608006873263e-01,8.231322524184939704e-01
-5.173181799016649540e-01,8.491959192924674049e-01,-1.060574910143072813e-01
-6.672220850286000871e-02,2.498808974896780111e-01,-9.659749913751670691e-01
1.244404759164421392e-01,1.313791931431997351e-01,-9.834907602833546925e-01
2.381654989799442401e-01,1.306350462044283400e-01,-9.623989192631093870e-01
3.251872657425303736e-01,1.640166180998696988e-01,-9.313172344512788969e-01
3.964514288958006505e-01,2.119969404699948712e-01,-8.932432825148135525e-01
4.553781247035320057e-01,2.673027476283214576e-01,-8.492231771753785408e-01
5.033162820048870945e-01,3.263116106697968588e-01,-8.001208989964326834e-01
5.409557885739250116e-01,3.868437053695910066e-01,-7.468057193301936847e-01
5.687878885898318693e-01,4.474282133565407604e-01,-6.901364587428305830e-01
5.872663545091648674e-01,5.070118826659747446e-01,-6.309177281524271930e-01
5.968536167276041748e-01,5.648222707995583791e-01,-5.698610028840440656e-01
5.980172184916879852e-01,6.202892686570422587e-01,-5.075594837813358629e-01
5.912054388750025424e-01,6.729888217180685084e-01,-4.444796675745037451e-01
5.768175228623116935e-01,7.225950968747922865e-01,-3.809696461550393654e-01
5.551777808352672539e-01,7.688365719117132846e-01,-3.172821415678370727e-01
5.265191913674871493e-01,8.114554869084741329e-01,-2.536090177573710469e-01
4.909797242590939748e-01,8.501717310041685405e-01,-1.901234813689246239e-01
4.486130085737197182e-01,8.846528825248627381e-01,-1.270261625764046720e-01
3.994139486086988322e-01,9.144924566184094994e-01,-6.459136509498654422e-02
3.433590831730923276e-01,9.391987213071634200e-01,-3.209656916648688345e-03
2.804604591398260904e-01,9.581967003712154041e-01,5.657750663287532122e-02
2.108301748092563099e-01,9.708459381894701812e-01,1.140561339468678104e-01
1.347503852926584533e-01,9.764758809580023069e-01,1.683365307079042750e-01
5.274067277130260745e-02,9.744389677457859777e-01,2.183738069782119595e-01
-3.438803389330563620e-02,9.641785759478891382e-01,2.630154687619218334e-01
-1.255052208514966239e-01,9.453051146031584695e-01,3.010758705777111244e-01
-2.191693022561891080e-01,9.176696737842758855e-01,3.314320243506893582e-01
-3.136793577313860548e-01,8.814220925319783406e-01,3.531293747761206081e-01
-4.071687546581503891e-01,8.370405614615384904e-01,3.654814683377026752e-01
-4.977299700346919931e-01,7.853237700548855171e-01,3.681459671326659522e-01
-5.835518993079906735e-01,7.273436962641343095e-01,3.611624680373963781e-01
-6.630471553211023661e-01,6.643655311137608432e-01,3.449447939722014023e-01
-7.349489067695007538e-01,5.977482501851906216e-01,3.202298141005274212e-01
-7.983640545026752244e-01,5.288427014162123685e-01,2.879934611008599377e-01
-8.527794164445875458e-01,4.589029441862446657e-01,2.493498640577633541e-01
-8.980268283068643109e-01,3.890218395653439187e-01,2.054502956491170151e-01
-9.342191804456054793e-01,3.200955538536616185e-01,1.573955504156925589e-01
-9.616715022488110387e-01,2.528157815444615486e-01,1.061701575989136698e-01
-9.808198750374717001e-01,1.876844835336745898e-01,5.260140085754493738e-02
-9.921476156484553277e-01,1.250441641840236151e-01,-2.658150974613054506e-03
-9.961243053652255597e-01,6.511680146901549504e-02,-5.912842317440531598e-02
-9.931599069297533111e-01,8.045769962693637839e-03,-1.164846120867093354e-01
-9.835739366762262792e-01,-4.606328132748689630e-02,-1.745293247697231043e-01
-9.675785053203664887e-01,-9.710516095923368840e-02,-2.331575084724631375e-01
-9.452737934318449220e-01,-1.449430264044105077e-01,-2.923165656402321178e-01
-9.166548340627179714e-01,-1.893825237788571147e-01,-3.519633146744155505e-01
-8.816289403932373592e-01,-2.301532963469439808e-01,-4.120192612508949415e-01
-8.400433577184489575e-01,-2.668993227024730741e-01,-4.723260618408378075e-01
-7.917224162938357734e-01,-2.991799378402290599e-01,-5.326039619940572400e-01
-7.365124299506234928e-01,-3.264835762929768070e-01,-5.924170110143495149e-01
-6.743308411267121549e-01,-3.482561431310762234e-01,-6.511494263813861760e-01
-6.052138451648375606e-01,-3.639457328354486765e-01,-7.079969669226416906e-01
-5.293540179335373130e-01,-3.730662105982322507e-01,-7.619750167869651092e-01
-4.471154876296767888e-01,-3.752866478673393402e-01,-8.119406829653087465e-01
-3.590048954522557789e-01,-3.705693373121107248e-01,-8.566176809320351637e-01
-2.655459516860518843e-01,-3.594324441617549049e-01,-8.945913400134477556e-01
-1.668824728525541146e-01,-3.436223352772763695e-01,-9.241612039861917260e-01
-6.128016115233179961e-02,-3.285757981654973126e-01,-9.424874994975002140e-01
6.420252894856079418e-02,-3.388790245139791657e-01,-9.386367998438281957e-01
4.773432168833829370e-01,-8.234588027513487507e-01,-3.066904847998043193e-01
-1.014373991547316972e-01,-6.664328898448166304e-03,9.948196021254591681e-01
-2.268628050491368342e-01,1.507551563134419724e-03,9.739255592567237496e-01
-3.176286497607236359e-01,-4.179461027549222218e-02,9.472936458158573991e-01
-3.940097761447038938e-01,-9.937133072388280863e-02,9.137185753461319893e-01
-4.590897937084296165e-01,-1.632227907925204446e-01,8.732667873443101803e-01
-5.135120173772612651e-01,-2.299716758034916486e-01,8.266912581715553099e-01
-5.574687907531334918e-01,-2.976048595808228892e-01,7.750225125053580300e-01
-5.911660921128063517e-01,-3.647124949670587091e-01,7.193799048840440191e-01
-6.149417258452460899e-01,-4.302529151381424000e-01,6.608548273483372260e-01
-6.292702496816636737e-01,-4.934595311895552672e-01,6.004303822623909825e-01
-6.347231429195969721e-01,-5.537876504151043600e-01,5.389302089231842174e-01
-6.319129226258011212e-01,-6.108699445587375543e-01,4.769947264418371025e-01
-6.214369425616972364e-01,-6.644718538839775590e-01,4.150822590951820934e-01
-6.038302076815992292e-01,-7.144463525092232814e-01,3.534904378868873875e-01
-5.795320833874028077e-01,-7.606901665022339776e-01,2.923919200515977534e-01
-5.488685052427580979e-01,-8.031038283868646710e-01,2.318784267303492241e-01
-5.120492478968889927e-01,-8.415573550957955451e-01,1.720080981012214738e-01
-4.691789276272083087e-01,-8.758626787398108293e-01,1.128525669238659157e-01
-4.202803571510117520e-01,-9.057536445451350726e-01,5.454133099057309475e-02
-3.653291538480245570e-01,-9.308744963399757655e-01,-2.698409250475177195e-03
-3.042986344359208672e-01,-9.507781605544549652e-01,-5.850837968291996288e-02
-2.372136277980023966e-01,-9.649360489420487630e-01,-1.123748914972507451e-01
-1.642106866445080804e-01,-9.727611980340151732e-01,-1.636169367491240589e-01
-8.560028195783095373e-02,-9.736460085486756677e-01,-2.113907324505303609e-01
-1.924212738296091161e-03,-9.670143670672354252e-01,-2.547145682737673722e-01
8.600071388759523983e-02,-9.523854438373348108e-01,-2.925163988182317709e-01
1.770627510313342867e-01,-9.294432296376718972e-01,-3.237036686197882207e-01
2.698679986203689762e-01,-8.981026246896450793e-01,-3.472505418947636202e-01
3.627910146614528597e-01,-8.585607537951612800e-01,-3.622928535364699498e-01
4.540618303191407690e-01,-8.113223720607311007e-01,-3.682171408842620508e-01
5.418800771406772077e-01,-7.571914901795475661e-01,-3.647287062978316063e-01
6.245400227224088274e-01,-6.972273988312229775e-01,-3.518859393851079820e-01
7.005468149213253115e-01,-6.326706067352682039e-01,-3.300940221767335592e-01
7.687056268844004725e-01,-5.648505721259201584e-01,-3.000591447786274402e-01
8.281713684538923870e-01,-4.950904562134670339e-01,-2.627120565172984534e-01
8.784551805923437318e-01,-4.246235532574010874e-01,-2.191148870102896107e-01
9.193923152788773256e-01,-3.545321200397279493e-01,-1.703665062924083484e-01
9.510819429341950126e-01,-2.857136720730465984e-01,-1.175195107846015857e-01
9.738119105410970588e-01,-2.188742892390367900e-01,-6.151754545172365141e-02
9.879807967536424762e-01,-1.545444276758258517e-01,-3.156757892062969119e-03
9.940269090994799939e-01,-9.311067335407770262e-02,5.692896006150406640e-02
9.923704551816232566e-01,-3.485657849459818797e-02,1.182619914354041818e-01
9.833720203302052099e-01,1.999342750882075054e-02,1.804985664434484438e-01
9.673082368898976435e-01,7.123174847207935922e-02,2.433943566613001597e-01
9.443642133352037060e-01,1.186303950478240776e-01,3.067622237867286272e-01
9.146416583492036345e-01,1.619113237215215051e-01,3.704259171048422394e-01
8.781812853403894170e-01,2.007262025144672113e-01,4.341734926294126273e-01
8.349976335036063402e-01,2.346468909736502961e-01,4.977145653884131327e-01
7.851236914473413986e-01,2.631670667314969236e-01,5.606459525547647926e-01
7.286617767301021287e-01,2.857139536224562182e-01,6.224303590265788388e-01
6.658365058039045214e-01,3.016667576489833746e-01,6.823920536380803092e-01
5.970462243362073540e-01,3.103749132965012425e-01,7.397318562844704681e-01
5.229121787621311412e-01,3.111636046970892022e-01,7.935616323979848286e-01
4.443323373741210891e-01,3.033025179974756513e-01,8.429569126236767795e-01
3.625661564666561310e-01,2.858830247802798263e-01,8.870268757639049317e-01
2.794354078421175669e-01,2.574472928198173749e-01,9.250063482289495598e-01
1.979585141931796965e-01,2.147949781939474112e-01,9.563867125807898883e-01
1.250400331430164547e-01,1.480274556170414202e-01,9.810468197263259027e-01
9.139036166099345770e-02,4.349770194692915634e-03,9.958056443376519518e-01
4.842131411183819845e-01,-8.492079019508397275e-01,-2.106740924568630546e-01
2.774842900815643332e-01,-2.622749903544926986e-01,-9.242371439151755297e-01
3.162161002315418412e-01,-1.294854344131279034e-01,-9.398089700727477735e-01
3.750240688304933845e-01,-4.048042748941865776e-02,-9.261308130000294181e-01
4.341404381756790443e-01,3.817369304027195404e-02,-9.000360265568797535e-01
4.885331385063361176e-01,1.132263420736784737e-01,-8.651677109334139359e-01
5.361286742589392862e-01,1.864147875646605390e-01,-8.232955554444435498e-01
5.758970820940318980e-01,2.580207471168439182e-01,-7.757369688836838195e-01
6.073404065157422815e-01,3.278277219632410588e-01,-7.236481294978138745e-01
6.303003625744666438e-01,3.954619324051438789e-01,-6.680803192407970270e-01
6.448559470019399331e-01,4.605354923277177326e-01,-6.099736616631065145e-01
6.512486223722681045e-01,5.227089532948917538e-01,-5.501368756987499165e-01
6.498171882438668057e-01,5.817132675863720959e-01,-4.892313319655854920e-01
6.409390212716039592e-01,6.373479636211605293e-01,-4.277671612914651367e-01
6.249793696343280969e-01,6.894646104497342831e-01,-3.661138326652980668e-01
6.022515172434157460e-01,7.379417747864559507e-01,-3.045242962441899182e-01
5.729900861862883277e-01,7.826562353081190082e-01,-2.431698551744278791e-01
5.373387020657847124e-01,8.234541722479373771e-01,-1.821821765972789220e-01
4.953523693946068618e-01,8.601252274271863341e-01,-1.216989041794541010e-01
4.470144121565281514e-01,8.923818158888220387e-01,-6.190969225672156295e-02
3.922675902130166037e-01,9.198459271449770380e-01,-3.099674703962797522e-03
3.310586568104429417e-01,9.420457951625501591e-01,5.431284900853444730e-02
2.633947828341595132e-01,9.584250003519872996e-01,1.097483807444970122e-01
1.894086608201143440e-01,9.683664299326142366e-01,1.624525056313193272e-01
1.094266925140219976e-01,9.712326605223414733e-01,2.115015794270469762e-01
2.403181938077244770e-02,9.664224145391425713e-01,2.558323441896734329e-01
-6.588991868594283596e-02,9.534397133745181607e-01,2.942978619967811516e-01
-1.591309477945044015e-01,9.319685833429074417e-01,3.257482173640200429e-01
-2.541819010820828839e-01,9.019425915431745766e-01,3.491290917736309951e-01
-3.492943865245454749e-01,8.635964500534670796e-01,3.635857574183717356e-01
-4.425834958251044227e-01,8.174877629648050759e-01,3.685561105530992809e-01
-5.321575925084564007e-01,7.644813397308959368e-01,3.638359217268933854e-01
-6.162555972900934931e-01,7.056957144897911816e-01,3.496034859084975466e-01
-6.933692737837607867e-01,6.424196141179223662e-01,3.263986666167003059e-01
-7.623311519101946265e-01,5.760124974759175398e-01,2.950607015155221613e-01
-8.223567226645270845e-01,5.078058761438239976e-01,2.566371228841636265e-01
-8.730396099518765718e-01,4.390203493353954101e-01,2.122804096578451150e-01
-9.143073312050041812e-01,3.707082168597084504e-01,1.631487727734357851e-01
-9.463507180239841832e-01,3.037252099430722274e-01,1.103236844042396608e-01
-9.695414493402827460e-01,2.387292982221247417e-01,5.475125735100080243e-02
-9.843502691702783469e-01,1.762009058565448261e-01,-2.790763288707855290e-03
-9.912748327610698684e-01,1.164774547970277435e-01,-6.170258064715972157e-02
-9.907822219845041634e-01,5.979548756453786917e-02,-1.215528208902113272e-01
-9.832679839687731294e-01,6.334952154743501464e-03,-1.820547722065582463e-01
-9.690314999631013393e-01,-4.373815763390342254e-02,-2.430327666098824890e-01
-9.482665596896254767e-01,-9.023321474393175556e-02,-3.043821590227941964e-01
-9.210659114070849363e-01,-1.329018787495055143e-01,-3.660255147782566776e-01
-8.874388831580061199e-01,-1.714114619903604197e-01,-4.278671982725459899e-01
-8.473415337280255644e-01,-2.053254010180906863e-01,-4.897487160944859474e-01
-8.007189015314200020e-01,-2.340910754913953229e-01,-5.514078428038523549e-01
-7.475587001501161621e-01,-2.570341291974879150e-01,-6.124454639047934856e-01
-6.879555628282678637e-01,-2.733559408467182705e-01,-6.723047472519040335e-01
-6.221855846176816973e-01,-2.821257119630679600e-01,-7.302671983207829065e-01
-5.507945083804512976e-01,-2.822479391064906529e-01,-7.854689748220968770e-01
-4.747143465004887153e-01,-2.723616794012069797e-01,-8.369381128974640038e-01
-3.954568169472041927e-01,-2.505633465320967201e-01,-8.836469404149046580e-01
-3.155397380455735590e-01,-2.136398312945223810e-01,-9.245499965921685215e-01
-2.397220013064813304e-01,-1.546983430278005001e-01,-9.584371574360357471e-01
-1.798146304786022998e-01,-5.391078471637490016e-02,-9.822221367680064041e-01
-1.839690613907291883e-01,1.767183950850876317e-01,-9.669157115744707598e-01
-4.749936931469682655e-01,8.729585234100774027e-01,-1.110153497328235234e-01
-3.726224120409064589e-01,4.504310745133244809e-01,8.113349401804342831e-01
-3.815307558538463817e-01,2.405153283571533074e-01,8.925170357829834700e-01
-4.297057235096766736e-01,1.172339502710401937e-01,8.953263048111972378e-01
-4.842643339549426718e-01,1.879419223976875816e-02,8.747198598392690316e-01
-5.361354992856747215e-01,-6.963261432428370645e-02,8.412550299570671353e-01
-5.817225572144596457e-01,-1.526524827365628723e-01,7.989343439496345844e-01
-6.193642344078652551e-01,-2.317563416226953166e-01,7.501179528940919994e-01
-6.483355343252595882e-01,-3.073138786553392676e-01,6.965767832170344231e-01
-6.684633906080305055e-01,-3.792863356119495766e-01,6.397644652798991638e-01
-6.799265345510272507e-01,-4.475201485536032808e-01,5.808834859522102878e-01
-6.831205907008330858e-01,-5.118719060405875210e-01,5.208967367597158171e-01
-6.785533966104790871e-01,-5.722536423803353811e-01,4.605334480043995482e-01
-6.667615817749100726e-01,-6.286368640883170933e-01,4.003057408759292390e-01
-6.482470994523037433e-01,-6.810352789959540631e-01,3.405387596362241531e-01
-6.234334930028921917e-01,-7.294780338828229516e-01,2.814115809355820508e-01
-5.926407368978764412e-01,-7.739806625161697040e-01,2.230042399152376842e-01
-5.560765166053575070e-01,-8.145179124783629154e-01,1.653465389173342515e-01
-5.138415191681922067e-01,-8.510006565924788102e-01,1.084655505591259339e-01
-4.659466848778012205e-01,-8.832580505549243455e-01,5.242998170228218430e-02
-4.123410670154785129e-01,-9.110258140631565249e-01,-2.609705558048557809e-03
-3.529495353526833079e-01,-9.339417488671778456e-01,-5.638648080207022545e-02
-2.877196762899006388e-01,-9.515500777600970350e-01,-1.084888814136628632e-01
-2.166766435832925553e-01,-9.633165767943956403e-01,-1.583426821757363823e-01
-1.399832989544975703e-01,-9.686564520027342029e-01,-2.052056383418611740e-01
-5.800085546721141239e-02,-9.669761667368547142e-01,-2.481793579812192896e-01
2.865722594576931848e-02,-9.577287274254542293e-01,-2.862419397382446884e-01
1.190874301312989797e-01,-9.404792636454081256e-01,-3.183032180762769836e-01
2.120845672966974182e-01,-9.149744333833543797e-01,-3.432811130391273391e-01
3.061648412829760524e-01,-8.812060424730794317e-01,-3.601930047503745236e-01
3.996275927334426159e-01,-8.394574556560947531e-01,-3.682512284697357918e-01
4.906526159583213809e-01,-7.903220778482389353e-01,-3.669482575498868582e-01
5.774218590142792262e-01,-7.346870130908794705e-01,-3.561165392509809680e-01
6.582477037977293444e-01,-6.736814799443212598e-01,-3.359512226872315988e-01
7.316873445589739955e-01,-6.085969857591440046e-01,-3.069907795636891978e-01
7.966252891076708309e-01,-5.407923041133618769e-01,-2.700589427622814287e-01
8.523130246624297524e-01,-4.715989981147380994e-01,-2.261788959384929687e-01
8.983640779182294756e-01,-4.022418995040555889e-01,-1.764750344652140368e-01
9.347111528250608981e-01,-3.337844055716396863e-01,-1.220779725488284201e-01
9.615375434172279689e-01,-2.671024925118480331e-01,-6.404538307419602172e-02
9.791968150917919056e-01,-2.028858441849757666e-01,-3.306288469085603369e-03
9.881333920899940670e-01,-1.416607116217020179e-01,5.936869730383961125e-02
9.888135006311082886e-01,-8.382740795120392774e-02,1.233727143489818795e-01
9.816722661830464824e-01,-2.970536507914380009e-02,1.882475845596877084e-01
9.670796247594638517e-01,2.042024985020749611e-02,2.536533318747256072e-01
9.453255092311739771e-01,6.625489597443876000e-02,3.193273717617046703e-01
9.166234791302392271e-01,1.074571074257517356e-01,3.850381378134720145e-01
8.811312745396248092e-01,1.436088527140466919e-01,4.505376504248356229e-01
8.389863428300414760e-01,1.741942940433708065e-01,5.155174725141753456e-01
7.903540348804666271e-01,1.985856167877736445e-01,5.795724737711286378e-01
7.354860793938337027e-01,2.160316512549569357e-01,6.421764186529617113e-01
6.747878474782033065e-01,2.256399281796240830e-01,7.026720313964596176e-01
6.088963461617677986e-01,2.263335237055326965e-01,7.602751973317857237e-01
5.387800335170187527e-01,2.167451328018088763e-01,8.140869872993464762e-01
4.658944868102215531e-01,1.949664113649762776e-01,8.630935207724033109e-01
3.924895033857880855e-01,1.579504384586997434e-01,9.060925166464416369e-01
3.223534650066928187e-01,9.998983556840718157e-02,9.413236831086221335e-01
2.629868529336464311e-01,8.316320573098964428e-03,9.647635741445580448e-01
2.334169782546854643e-01,-1.521202085799516213e-01,9.604040589273057371e-01
2.961823775922581281e-01,-4.929063751283204176e-01,8.181193706065492677e-01
4.695537570589944365e-01,-8.810300650934539402e-01,-5.749168316554223446e-02
4.298099884386976655e-01,-5.646795810946769745e-01,-7.045568426557694552e-01
4.312904436553268162e-01,-3.340231239788146733e-01,-8.381032787544892004e-01
4.665419418900983439e-01,-1.879940418396860158e-01,-8.642897990200939518e-01
5.113553190956844352e-01,-7.558587227096320860e-02,-8.560388504884508531e-01
5.563484440937240816e-01,2.126517801804249375e-02,-8.306769534291613688e-01
5.973388823962896277e-01,1.095116740128517230e-01,-7.944768422254071538e-01
6.322236423179902198e-01,1.920431924519332145e-01,-7.506082056086541554e-01
6.599173297045829445e-01,2.700712092100673867e-01,-7.011210023322540508e-01
6.799218676251059801e-01,3.440665152569167828e-01,-6.475526905234427755e-01
6.921136748830559737e-01,4.141747240213543013e-01,-5.911327761355367194e-01
6.966132261637061340e-01,4.804139956995255867e-01,-5.328530809424014691e-01
6.936895316297215786e-01,5.427689904783875585e-01,-4.734940936087898566e-01
6.836833881228764342e-01,6.012296723877800231e-01,-4.136422437871972169e-01
6.669451597122163511e-01,6.557988639731918701e-01,-3.537117526290544101e-01
6.437869438817508394e-01,7.064821437748468602e-01,-2.939750863843602624e-01
6.144497193395280776e-01,7.532686963300776473e-01,-2.346013928619361533e-01
5.790855941086505698e-01,7.961088178309893015e-01,-1.757003838003091956e-01
5.377546956905638886e-01,8.348918843207966400e-01,-1.173687724994109532e-01
4.904360154532959037e-01,8.694274210588909257e-01,-5.973670778659142394e-02
4.370516093424580695e-01,8.994313863501229855e-01,-3.011979326486033219e-03
3.775036657376178439e-01,9.245197678676477793e-01,5.248029322147179654e-02
3.117236841051055918e-01,9.442118512736522584e-01,1.062653503373643116e-01
2.397320265805859829e-01,9.579457234600892157e-01,1.576976421386558913e-01
1.617042378153604465e-01,9.651083237768434131e-01,2.059554875433158572e-01
7.803789780758493833e-02,9.650812703426909778e-01,2.500564499058379186e-01
-1.058911502915599670e-02,9.573015105587319162e-01,2.888973667669356704e-01
-1.031802847932234285e-01,9.413326161728093888e-01,3.213202990152408955e-01
-1.984137015915645452e-01,9.169387692952392088e-01,3.462012368320852573e-01
-2.946758633761218382e-01,8.841501958052967458e-01,3.625528469078578842e-01
-3.901388934345675352e-01,8.433073667115916772e-01,3.696272840032400198e-01
-4.828752931595157172e-01,7.950729269592784476e-01,3.670020327907159707e-01
-5.709952207271412616e-01,7.404054145848590895e-01,3.546325985582629570e-01
-6.527847950114391562e-01,6.804964558443267197e-01,3.328612097934868785e-01
-7.268226402118294072e-01,6.166810702932042920e-01,3.023794093808863104e-01
-7.920565866702947710e-01,5.503363871666296925e-01,2.641518965909258054e-01
-8.478315956838078371e-01,4.827856339477888947e-01,2.193162488596776538e-01
-8.938704335500556875e-01,4.152215062001570201e-01,1.690761627607763051e-01
-9.302171258513616259e-01,3.486573500063008257e-01,1.146043239123898383e-01
-9.571577758284735005e-01,2.839081481891107539e-01,5.696626688593398741e-02
-9.751337043095097412e-01,2.215980093523167438e-01,-2.929329394973116760e-03
-9.846591990940406491e-01,1.621877343452024500e-01,-6.435371370366106680e-02
-9.862521183602414032e-01,1.060151195571581578e-01,-1.267578536234251763e-01
-9.803816280178883069e-01,5.334136324618410363e-02,-1.897539522962138347e-01
-9.674343451004940864e-01,4.398471561439736000e-03,-2.530838623221582373e-01
-9.476983875657424283e-01,-4.056575494807359433e-02,-3.165788775815353007e-01
-9.213641496894312555e-01,-8.124713645091440062e-02,-3.801144649781140750e-01
-8.885406693923588728e-01,-1.172498128577558613e-01,-4.435628030173403569e-01
-8.492868280416662197e-01,-1.480561547719602411e-01,-5.067457535580015549e-01
-8.036570371587182793e-01,-1.730005360222300892e-01,-5.693910617153131737e-01
-7.517615034189722989e-01,-1.912432178686961359e-01,-6.310948213988710753e-01
-6.938421190160467544e-01,-2.017357158274475371e-01,-6.912928575060712788e-01
-6.303679317280882488e-01,-2.031589946419815329e-01,-7.492414120594989013e-01
-5.621624527588673370e-01,-1.937943958787561871e-01,-8.040006895731631742e-01
-4.905974774852396858e-01,-1.712373556091716098e-01,-8.543956244791388599e-01
-4.179500302114962929e-01,-1.317344871425692454e-01,-8.988680643695678985e-01
-3.482065898624513434e-01,-6.854422994980502448e-02,-9.349084764387105562e-01
-2.892482458843354531e-01,3.254239894131825267e-02,-9.567008124403256764e-01
-2.598823139215145073e-01,2.067850361462073849e-01,-9.432397000427893419e-01
-3.113748196721389805e-01,5.410505721262459655e-01,-7.812233995957909016e-01
-4.535098281630765005e-01,8.898307066225492612e-01,-5.030058957021653343e-02
-4.562347313828863937e-01,6.552285027004866036e-01,6.021008878326487013e-01
-4.641280501874497366e-01,4.118533344253486050e-01,7.841951185463463814e-01
-5.004225000970489168e-01,2.481920060838674058e-01,8.294444221963787056e-01
-5.460508812435248549e-01,1.224719404910462051e-01,8.287515061135801719e-01
-5.916185743328264968e-01,1.554038103284543192e-02,8.060682099312364013e-01
-6.326545099802665106e-01,-8.055866289583767104e-02,7.702328043092319110e-01
-6.669125823697034106e-01,-1.692675747847756651e-01,7.256556315522220135e-01
-6.933090568610135174e-01,-2.521052645798642633e-01,6.751040566058010839e-01
-7.114507591092558147e-01,-3.297425962251945841e-01,6.205704130858414880e-01
-7.213805273445385025e-01,-4.024873980492021386e-01,5.635725589307013506e-01
-7.234106138634474048e-01,-4.705117023290555922e-01,5.052680691683618663e-01
-7.179991251022218579e-01,-5.339538367848608580e-01,4.465093017342082193e-01
-7.056549001253229481e-01,-5.929553596262469028e-01,3.878854256344633211e-01
-6.868664887569234656e-01,-6.476637380221205165e-01,3.297667494972000291e-01
-6.620532706137525203e-01,-6.982183000970253461e-01,2.723539466930001707e-01
-6.315364182551994610e-01,-7.447297037811132503e-01,2.157299717783530968e-01
-5.955267371235287710e-01,-7.872586611693048742e-01,1.599115561331229673e-01
-5.541263297263284704e-01,-8.257968451421182632e-01,1.048979564021749744e-01
-5.073416096518204021e-01,-8.602513599332674010e-01,5.071576528914866627e-02
-4.551061199768849930e-01,-8.904335823955270568e-01,-2.540649888002807430e-03
-3.973124892727698532e-01,-9.160532759750600329e-01,-5.467340709372101731e-02
-3.338533397954900894e-01,-9.367193452393851594e-01,-1.053509172323363607e-01
-2.646707956707146647e-01,-9.519491394562261677e-01,-1.540850602997619057e-01
-1.898132731628545955e-01,-9.611885331397177490e-01,-2.002186931630544620e-01
-1.094964530918192402e-01,-9.638448046381682399e-01,-2.429273951869623804e-01
-2.416291919183813364e-02,-9.593333159486588935e-01,-2.812396526933555463e-01
6.546763221367282726e-02,-9.471369844654647929e-01,-3.140788464542005332e-01
1.583676441834780679e-01,-9.268745872475593339e-01,-3.403280605393002589e-01
2.532006983609365047e-01,-8.983705008105857814e-01,-3.589148222390254883e-01
3.483581314529145545e-01,-8.617154699746031321e-01,-3.689079303255523579e-01
4.420356368850099638e-01,-8.173066616395314732e-01,-3.696137396841573941e-01
5.323443014892983438e-01,-7.658567384645729170e-01,-3.606563472618746768e-01
6.174421394775317928e-01,-7.083664050665298140e-01,-3.420266664611533725e-01
6.956660743682930859e-01,-6.460620337569809024e-01,-3.140900531866654966e-01
7.656429141796313731e-01,-5.803075673504513032e-01,-2.775500950140769030e-01
8.263620346406047590e-01,-5.125054572256872998e-01,-2.333751143942495165e-01
8.772009804154001777e-01,-4.440031027797314844e-01,-1.827010801288046493e-01
9.179051730518569263e-01,-3.760187860456238873e-01,-1.267279204651275970e-01
9.485312928554376910e-01,-3.095956534096111490e-01,-6.662520441895829204e-02
9.693686547796968034e-01,-2.455859266348518755e-01,-3.458868240054615000e-03
9.808536369256699583e-01,-1.846621235281152296e-01,6.185501648026060090e-02
9.834899011200971541e-01,-1.273487165991146197e-01,1.285687317170856603e-01
9.777833129198401085e-01,-7.406649781163025803e-02,1.960967793652455271e-01
9.641965325292973787e-01,-2.518243731980204445e-02,2.639903246505704293e-01
9.431250802192530092e-01,1.894070580864580175e-02,3.318980758077667015e-01
9.148945621828082908e-01,5.789894153835219853e-02,3.995192769530228061e-01
8.797775393444531300e-01,9.120779732903899761e-02,4.665539829123788174e-01
8.380279406365596095e-01,1.182692022166855067e-01,5.326552041606986698e-01
7.899307877750094686e-01,1.383417359424901905e-01,5.973867379023167778e-01
7.358654982079885221e-01,1.505072692213813845e-01,6.601890111616760537e-01
6.763829740766538201e-01,1.536198169263549296e-01,7.203520141061131588e-01
6.123019202453033882e-01,1.462090666752219603e-01,7.769873018820027122e-01
5.448424507019914431e-01,1.262839279996382513e-01,8.289747121848954903e-01
4.758451700259778150e-01,9.092076352215755497e-02,8.748170031060761298e-01
4.082000747864018564e-01,3.537296768780676115e-02,9.122069129870334914e-01
3.468190813560128039e-01,-4.894134734989073754e-02,9.366542955258084779e-01
3.010904630074439647e-01,-1.791140167973514774e-01,9.366230309322322034e-01
2.910696632163826125e-01,-3.896517719640938959e-01,8.737562290252032238e-01
3.521900271346336542e-01,-7.113365521918844081e-01,6.082454227552134274e-01
4.473566996394668371e-01,-8.936838220931465626e-01,-3.465846818122698958e-02
4.694585617150863199e-01,-6.976823987508872227e-01,-5.411542564792505283e-01
4.873967461823185965e-01,-4.736459349765097526e-01,-7.335556830201209744e-01
5.213592695426496615e-01,-3.054168428558881043e-01,-7.968093022561272276e-01
5.625177174952650239e-01,-1.729543079855909438e-01,-8.084928106378822532e-01
6.041164482379220990e-01,-6.077754068363146883e-02,-7.945749854587971228e-01
6.423180741224226997e-01,3.903130262929819377e-02,-7.654436942523742404e-01
6.749633860135245689e-01,1.304119922241983864e-01,-7.262349067796682878e-01
7.008617010473946474e-01,2.153418275056782627e-01,-6.800152743368836905e-01
7.194275869802629897e-01,2.948203115824192810e-01,-6.288918277177731886e-01
7.304764373036213287e-01,3.693612419737475339e-01,-5.744357644435270638e-01
7.340905490304514558e-01,4.392465633717917428e-01,-5.178547309721529546e-01
7.305184918311846687e-01,5.046569933716970047e-01,-4.600696166165840761e-01
7.200937532940636654e-01,5.657343257881924936e-01,-4.017582097379559514e-01
7.031686931519055550e-01,6.226042003573373229e-01,-3.433916112377266572e-01
6.800635029915692575e-01,6.753761069882894263e-01,-2.852731077549695016e-01
6.510304687737782370e-01,7.241311736012552291e-01,-2.275815725120629296e-01
6.162332814763473721e-01,7.689045363800017796e-01,-1.704181819382764307e-01
5.757405435564371121e-01,8.096666099072844514e-01,-1.138543249357853310e-01
5.295324510092516146e-01,8.463060003554739863e-01,-5.797876413356049807e-02
4.775198878963557991e-01,8.786160130669878887e-01,-2.942489714913340722e-03
4.195755650932215808e-01,9.062865552642300759e-01,5.100024435235077369e-02
3.555769742110708731e-01,9.289035072380067426e-01,1.034567042381968338e-01
2.854604455446760891e-01,9.459580289046449764e-01,1.538692353275133429e-01
2.092842411879342335e-01,9.568684249227430438e-01,2.015016718944520890e-01
1.272963411784219789e-01,9.610167228269210771e-01,2.454434761194349834e-01
3.999966036778072193e-02,9.578006871292351621e-01,2.846363836638370337e-01
-5.179545509678350201e-02,9.466994328800162339e-01,3.179267441030598773e-01
-1.469433953437125351e-01,9.273472950698282702e-01,3.441433319004369995e-01
-2.439714984959323874e-01,8.996068254247896467e-01,3.621953444907614061e-01
-3.411317825088762690e-01,8.636288905935003424e-01,3.711795337765222413e-01
-4.364963266095943095e-01,8.198872340931170344e-01,3.704806070868874590e-01
-5.280869477595039330e-01,7.691776036082158541e-01,3.598471754975622328e-01
-6.140208557619609708e-01,7.125776859182618717e-01,3.394280928572711020e-01
-6.926487202986605363e-01,6.513722651360152049e-01,3.097610732164460812e-01
-7.626623046908131975e-01,5.869557381230366966e-01,2.717152378651932487e-01
-8.231556092337227737e-01,5.207287898635071244e-01,2.263986978636278180e-01
-8.736340352582344648e-01,4.540061816951281859e-01,1.750484487821138413e-01
-9.139768464327352460e-01,3.879485553981043555e-01,1.189211610664659691e-01
-9.443659702504966225e-01,3.235247186050621560e-01,5.920025915782457099e-02
-9.651974106127305664e-01,2.615043526208264968e-01,-3.071173528499011440e-03
-9.769905646366353613e-01,2.024762449814139498e-01,-6.702840315280360339e-02
-9.803071014838666830e-01,1.468847186309955588e-01,-1.319957052823806654e-01
-9.756865754484180808e-01,9.507668545887977551e-02,-1.974743790264738563e-01
-9.636019903615532511e-01,4.735294391759979626e-02,-2.631138591438879071e-01
-9.444357991582646994e-01,4.019159186909451037e-03,-3.286713672161301059e-01
-9.184754027251713637e-01,-3.456617758774450933e-02,-3.939646100296406162e-01
-8.859268294337222516e-01,-6.794784955207922028e-02,-4.588210355146769559e-01
-8.469455301874874165e-01,-9.553350989481641797e-02,-5.230264021850263845e-01
-8.016838036443307836e-01,-1.165541638507754107e-01,-5.862748552201474395e-01
-7.503552547701891617e-01,-1.300194858174094081e-01,-6.481218442133708235e-01
-6.933184457413731350e-01,-1.346553755934163932e-01,-7.079388833921772539e-01
-6.311861540745873356e-01,-1.287981695391647863e-01,-7.648627788223791857e-01
-5.649773382801643873e-01,-1.101931001785899783e-01,-8.177151630628429757e-01
-4.963556431369295918e-01,-7.558603398142489660e-02,-8.648224251215297365e-01
-4.280666998689376945e-01,-1.986230921702200267e-02,-9.035288535159705647e-01
-3.648693252834034340e-01,6.582916287343071327e-02,-9.287286453978995659e-01
-3.157428561275852363e-01,1.981111513517835043e-01,-9.279323361724528541e-01
-2.989644192387364563e-01,4.074006490083362797e-01,-8.629281471923554436e-01
-3.447806179344946043e-01,7.122327690700528402e-01,-6.114334045172152843e-01
-4.319997799780883052e-01,9.012434413105441244e-01,-3.371126805106874208e-02
-4.720408309735082963e-01,7.458957506675224503e-01,4.699116757753236673e-01
-5.011483482833263281e-01,5.261320554264494742e-01,6.870483194547770678e-01
-5.409603979783799144e-01,3.505330121427108758e-01,7.645184466167123105e-01
-5.859050782404326974e-01,2.098852743880535721e-01,7.827281845488405221e-01
-6.300185324927087827e-01,9.051644378197554186e-02,7.712868611099231719e-01
-6.696407938267084914e-01,-1.532085138930401255e-02,7.425270895771026725e-01
-7.027045736098428419e-01,-1.116268970540039152e-01,7.026704192449713116e-01
-7.281455171912641910e-01,-2.004572616066762625e-01,6.554547978796239072e-01
-7.455530938687950915e-01,-2.828941729089222146e-01,6.034247850037686156e-01
-7.549496481646414958e-01,-3.595484170174883531e-01,5.484304555331535047e-01
-7.566324244306533719e-01,-4.308165207119444839e-01,4.918378795719647312e-01
-7.510512402390598918e-01,-4.970068574223343028e-01,4.346334296974240785e-01
-7.387124938131629515e-01,-5.583934883844055008e-01,3.774924682880870241e-01
-7.201068243910633271e-01,-6.152304797059613417e-01,3.208389289132337341e-01
-6.956589092537682761e-01,-6.677460216886825783e-01,2.649036286931434336e-01
-6.656970729715780966e-01,-7.161278315151019536e-01,2.097816387736332333e-01
-6.304395253592435244e-01,-7.605062956953947406e-01,1.554869096499140457e-01
-5.899939106855551785e-01,-8.009386061473721119e-01,1.020026202441386420e-01
-5.443674673551532894e-01,-8.373953307646490041e-01,4.932667127326031964e-02
-4.934861312860956417e-01,-8.697501080320583222e-01,-2.487530201925823668e-03
-4.372219647659659758e-01,-8.977731493366333249e-01,-5.329470758313147039e-02
-3.754290194560145899e-01,-9.211296722782597035e-01,-1.028259607241350931e-01
-3.079878998020202374e-01,-9.393850026058052638e-01,-1.506627706330662675e-01
-2.348587101213502060e-01,-9.520186105682996169e-01,-1.962191412980393013e-01
-1.561406536531020073e-01,-9.584495166540571987e-01,-2.387354609235630143e-01
-7.213435103482582211e-02,-9.580750219651988919e-01,-2.772884557408912820e-01
1.659976953720379567e-02,-9.503233287713509503e-01,-3.108215218485527176e-01
1.091962896107675635e-01,-9.347181895575852328e-01,-3.381982797789362394e-01
2.044637155213973323e-01,-9.109504227372271501e-01,-3.582791039818707945e-01
3.008978410335332310e-01,-8.789475679358688121e-01,-3.700157592332788958e-01
3.967362894009091590e-01,-8.389302065142840714e-01,-3.725539226344271038e-01
4.900541225630239972e-01,-7.914428806256826876e-01,-3.653287884439251343e-01
5.788914817277869274e-01,-7.373501660175529882e-01,-3.481370205205050472e-01
6.613956861613766725e-01,-6.777943970623704351e-01,-3.211705180087039979e-01
7.359551090448187560e-01,-6.141195318905633416e-01,-2.850039965006530562e-01
8.013027190596783145e-01,-5.477732716330325768e-01,-2.405377211832067652e-01
8.565736480681399589e-01,-4.802042321876520692e-01,-1.889060105563234171e-01
9.013114231984865610e-01,-4.127711888502246795e-01,-1.313684287303873988e-01
9.354281554036594226e-01,-3.466774008729647250e-01,-6.920220951727566738e-02
9.591318367391796773e-01,-2.829365232549057030e-01,-3.611587151615496937e-03
9.728373447987027633e-01,-2.223699204502014581e-01,6.433598560666382860e-02
9.770769894728802418e-01,-1.656301353169601642e-01,1.337430929711835581e-01
9.724229101516363993e-01,-1.132426358053780641e-01,2.038867068939823335e-01
9.594291028115939923e-01,-6.565760453970423405e-02,2.741986062040569494e-01
9.385966994588106349e-01,-2.330475985460490201e-02,3.442283020513368652e-01
9.103630385379768430e-01,1.335374514240627794e-02,4.135949897599991987e-01
8.751131672291372343e-01,4.377488194532502125e-02,4.819343360384909514e-01
8.332115077313406726e-01,6.729058176540968217e-02,5.488447512637237846e-01
7.850513143942375871e-01,8.306425693240435115e-02,6.138361043374260806e-01
7.311203817798843652e-01,9.003945768916600534e-02,6.762809204798528873e-01
6.720839885508661515e-01,8.686401474019316005e-02,7.353623292478169704e-01
6.088921106526671290e-01,7.175872934085703037e-02,7.900006850302888628e-01
5.429315166749532073e-01,4.227288406119128483e-02,8.387123293920174527e-01
4.762736498329932511e-01,-5.183154292673210033e-03,8.792818350144266937e-01
4.121380671626822534e-01,-7.623414461354570404e-02,9.079265216912926206e-01
3.558452008981629611e-01,-1.801827681938364678e-01,9.170105577602432056e-01
3.167883394653602802e-01,-3.322486347109473992e-01,8.884008063433367353e-01
3.113486512177735532e-01,-5.501792156351050789e-01,7.748321418655874648e-01
3.566889440053137017e-01,-8.043334539627455815e-01,4.752059469963882399e-01
4.266958028755101218e-01,-9.040333695745746967e-01,-2.558043205390001656e-02
4.731963327231540339e-01,-7.640694421525688895e-01,-4.385009900399545191e-01
5.103617245709590744e-01,-5.668163843005133984e-01,-6.467225808501270157e-01
5.512599176621532093e-01,-3.958202603174558187e-01,-7.344649921550635563e-01
5.944859098863684022e-01,-2.537516120073484704e-01,-7.630181009322445362e-01
6.364582264109073240e-01,-1.319238704137677132e-01,-7.599454049133620437e-01
6.744570637724610629e-01,-2.385417968314482856e-02,-7.379286193386693782e-01
7.067302544579352475e-01,7.432275784051628476e-02,-7.035683869396081036e-01
7.322442982924172172e-01,1.648062687541899385e-01,-6.608004096529959126e-01
7.504785717214420560e-01,2.488443302287821624e-01,-6.122568192351416361e-01
7.612783905558749842e-01,3.271646949919480574e-01,-5.598379001313524839e-01
7.647433922963192687e-01,4.002226117847236253e-01,-5.049647561516864558e-01
7.611358141724657855e-01,4.683382160120434512e-01,-4.486998861228672086e-01
7.508025694466110567e-01,5.317671109111764549e-01,-3.918153155066137483e-01
7.341102618465015217e-01,5.907301943710758785e-01,-3.348431885375178774e-01
7.113941042304281481e-01,6.454192026293712470e-01,-2.781231406112287252e-01
6.829215063239226780e-01,6.959887975856164921e-01,-2.218508729655851441e-01
6.488701496347294428e-01,7.425422790515674443e-01,-1.661279408585684403e-01
6.093195782784769365e-01,7.851153619553118412e-01,-1.110113505382161608e-01
5.642551121594564512e-01,8.236607049389885749e-01,-5.656157300966507123e-02
5.135832069335205530e-01,8.580349347037570240e-01,-2.887972264409864598e-03
4.571579496043902124e-01,8.879896676493739260e-01,4.980922867766788414e-02
3.948187987022161449e-01,9.131682900410768022e-01,1.012017304930839523e-01
3.264395761266956630e-01,9.331107562575281511e-01,1.508029167314985097e-01
2.519877996328348524e-01,9.472690812103309321e-01,1.979480654594474309e-01
1.715915629724672209e-01,9.550361781529422833e-01,2.417896481152314592e-01
8.560842244722058347e-02,9.557898639593328527e-01,2.813128755650872725e-01
-5.312420307379306025e-03,9.489519451380123982e-01,3.153759407584235674e-01
-1.001860717923157701e-01,9.340592648221497374e-01,3.427769549119806247e-01
-1.976785346593092907e-01,9.108397922797973889e-01,3.623452355622241994e-01
-2.961345760529545679e-01,8.792831464553081400e-01,3.730488724357572394e-01
-3.936519935277883464e-01,8.396926829956212757e-01,3.741046726722526139e-01
-4.881985821526815816e-01,7.927068338793780145e-01,3.650726227821577963e-01
-5.777579461125362803e-01,7.392815832925845321e-01,3.459168921984484557e-01
-6.604819645661580418e-01,6.806333539381133058e-01,3.170202075417009047e-01
-7.348244511537580514e-01,6.181502475553920517e-01,2.791474474785430315e-01
-7.996340272548826400e-01,5.532867258362137441e-01,2.333649962388968102e-01
-8.541935561206976946e-01,4.874599764732585605e-01,1.809313129852501700e-01
-8.982054398338554790e-01,4.219644848738012821e-01,1.231785750772328575e-01
-9.317327040241938363e-01,3.579157462411405310e-01,6.140429011405861004e-02
-9.551121921338107112e-01,2.962268975804423499e-01,-3.213345174865708982e-03
-9.688575496573972323e-01,2.376156861325180725e-01,-6.966946372433771573e-02
-9.735670533835125706e-01,1.826351096444595867e-01,-1.371554202038728354e-01
-9.698466958062192944e-01,1.317195854365933450e-01,-2.050544743383339863e-01
-9.582541340922864359e-01,8.523908831933263430e-02,-2.729163100980432355e-01
-9.392653478559926938e-01,4.355546101525920033e-02,-3.404166977877396971e-01
-9.132635490633703723e-01,7.077274893409144993e-03,-4.073077486769188238e-01
-8.805489259175259820e-01,-2.368821589422342305e-02,-4.733629236571449406e-01
-8.413678040666882074e-01,-4.808531532859073448e-02,-5.383196269222856323e-01
-7.959604237404658278e-01,-6.525898442651156817e-02,-6.018207945813426329e-01
-7.446276967388879564e-01,-7.409542266263333121e-02,-6.633547026966677418e-01
-6.878195400973511342e-01,-7.313961588781317524e-02,-7.221875634819887591e-01
-6.262522850475228386e-01,-6.046204273635059218e-02,-7.772724212661246135e-01
-5.610740025120195540e-01,-3.342152040475811908e-02,-8.270906635182000421e-01
-4.941229868483697496e-01,1.177640017413040738e-02,-8.693122513038595844e-01
-4.283858737764760227e-01,8.090756070098255315e-02,-8.999663936893321781e-01
-3.688979350217322373e-01,1.831920747241516378e-01,-9.112381561891285120e-01
-3.245484042144082260e-01,3.330749729551615856e-01,-8.852849234640784992e-01
-3.107582608289677917e-01,5.462995603500758746e-01,-7.778085199378244052e-01
-3.451800761958185859e-01,7.953838761008897862e-01,-4.982120077197790264e-01
-4.122229308882792154e-01,9.107101402369389698e-01,-2.606330216016645301e-02
-4.678106271676768513e-01,7.941836721324021520e-01,3.878472792572843497e-01
-5.142968969217844855e-01,6.029447291665370745e-01,6.098822471485084717e-01
-5.619950510857636417e-01,4.290568739321373171e-01,7.071575223998483040e-01
-6.101535752896353193e-01,2.819488234725086029e-01,7.404170956317415175e-01
-6.555989635466571430e-01,1.550166206458974405e-01,7.390262825638035382e-01
-6.957933545876631154e-01,4.236632933140650759e-02,7.169914238333882084e-01
-7.291237900653745330e-01,-5.968151552426189527e-02,6.817746075246796655e-01
-7.547220529101082986e-01,-1.532682437836339340e-01,6.378898559301851012e-01
-7.722691318611567546e-01,-2.396467859962698455e-01,5.883619684650540638e-01
-7.818343082368697239e-01,-3.195951301884631390e-01,5.353448115220644787e-01
-7.837420508210231063e-01,-3.936531163464727645e-01,4.804015214022196445e-01
-7.784605170745239056e-01,-4.622476298271023243e-01,4.246485041481851685e-01
-7.665104538824346614e-01,-5.257504280306435351e-01,3.688471384117530394e-01
-7.483951152592571709e-01,-5.844970849431507798e-01,3.134771269950044625e-01
-7.245510432007257196e-01,-6.387852977523756914e-01,2.588032634495723849e-01
-6.953179008753354040e-01,-6.888638700128864034e-01,2.049380035844655112e-01
-6.609242980353150498e-01,-7.349188485289998019e-01,1.518991716347891374e-01
-6.214862462465172710e-01,-7.770600603423925001e-01,9.966197041545357682e-02
-5.770154497105233204e-01,-8.153094046578479581e-01,4.820524319851616363e-02
-5.274356984651737967e-01,-8.495914278551625065e-01,-2.447386275270829747e-03
-4.726067701780935493e-01,-8.797266453369628758e-01,-5.219071053362365348e-02
-4.123561326949747863e-01,-9.054284882562616543e-01,-1.008051213124858680e-01
-3.465191350384497770e-01,-9.263053979327255938e-01,-1.479283570276482829e-01
-2.749881003771251775e-01,-9.418702427165888125e-01,-1.930336513045690650e-01
-1.977696630932501143e-01,-9.515596540602558884e-01,-2.354174698800162724e-01
-1.150477730127594939e-01,-9.547658030640424620e-01,-2.742011510265381924e-01
-2.724714577394251463e-02,-9.508822779378967027e-01,-3.083512389318548985e-01
6.491103296564318392e-02,-9.393638441760443492e-01,-3.367226248028742930e-01
1.603718683468710882e-01,-9.197969296022189267e-01,-3.581263354422073442e-01
2.577396782399843933e-01,-8.919739994163229380e-01,-3.714197660679876556e-01
3.553109989847835770e-01,-8.559613994265753423e-01,-3.756117366272437308e-01
4.511523046721443997e-01,-8.121480397239030369e-01,-3.699691332552409451e-01
5.432185618599523202e-01,-7.612628718266460925e-01,-3.541079412115075709e-01
6.294988555694599475e-01,-7.043533308610476773e-01,-3.280511791499730601e-01
7.081671550989641073e-01,-6.427243663710019428e-01,-2.922407728432731555e-01
7.777130765540682944e-01,-5.778464451496440057e-01,-2.474992048163497382e-01
8.370309840823538794e-01,-5.112481205507392046e-01,-1.949474055212405688e-01
8.854551249393053380e-01,-4.444118996878880790e-01,-1.358943896359283421e-01
9.227405412437906795e-01,-3.786902612055215722e-01,-7.171875356704070226e-02
9.490002711294984739e-01,-3.152528153193985272e-01,-3.761360037453348633e-03
9.646158939243341113e-01,-2.550681072292322327e-01,6.675655670460078905e-02
9.701399041551652669e-01,-1.989168937627011080e-01,1.387826925146113111e-01
9.662057274319064692e-01,-1.474294358845970598e-01,2.114498846358864870e-01
9.534563715396831007e-01,-1.011378151740681963e-01,2.840635314717426807e-01
9.324976162003709712e-01,-6.053498757532629893e-02,3.560670036101082347e-01
9.038774955915358511e-01,-2.613438620742064220e-02,4.269923498386530847e-01
8.680910755521586974e-01,1.473314909870198589e-03,4.964027738539265044e-01
8.256081223785894929e-01,2.156644635103534616e-02,5.638316385715578249e-01
7.769210219263087414e-01,3.323792786486206435e-02,6.287201013489470691e-01
7.226112860498142831e-01,3.533137374451549712e-02,6.903510869860051136e-01
6.634358055264568677e-01,2.635122638120386204e-02,7.477690451026091090e-01
6.004403018418564830e-01,4.318325780108133068e-03,7.996579243567321083e-01
5.351206727560920973e-01,-3.347654539572555987e-02,8.441120698683530765e-01
4.696801932537443269e-01,-9.089312101268877397e-02,8.781451796927988163e-01
4.074845963498797130e-01,-1.736081216551212947e-01,8.965581541835176971e-01
3.539051309430212289e-01,-2.898762675064022187e-01,8.892260161672956853e-01
3.177285077093041088e-01,-4.497350421773776419e-01,8.347376756961021327e-01
3.120610746479368092e-01,-6.540580403425053646e-01,6.890761681794664861e-01
3.471515375844308471e-01,-8.515938523019732642e-01,3.927769350079640676e-01
4.079261747742339850e-01,-9.127784550967559252e-01,-2.077806163337733367e-02
4.656103300866440420e-01,-8.028921274042672973e-01,-3.722515980742812092e-01
5.165906067871942620e-01,-6.304908722822287759e-01,-5.793232301125448291e-01
5.656816015132358766e-01,-4.648280868313333647e-01,-6.811308063816692293e-01
6.132089767802646474e-01,-3.196472676799354540e-01,-7.223575119432569247e-01
6.574847471815150612e-01,-1.923890905189695189e-01,-7.284917604701804938e-01
6.967905383813475240e-01,-7.877375056346259952e-02,-7.129359310936693728e-01
7.298639740602675952e-01,2.439965525695193121e-02,-6.831568166916691665e-01
7.559179756340914658e-01,1.192002112148309034e-01,-6.437230178885923193e-01
7.745633769426546467e-01,2.069196274070388697e-01,-5.976920970641350639e-01
7.857210833311730758e-01,2.883777786261706999e-01,-5.472482398359296285e-01
7.895383366083216226e-01,3.641277488320295852e-01,-4.940042485204790279e-01
7.863106109100467256e-01,4.345800213504076859e-01,-4.391535360364851592e-01
7.764105172465415317e-01,5.000702901923396171e-01,-3.835575753076804206e-01
7.602262665869177205e-01,5.608900659089395280e-01,-3.278084159322059987e-01
7.381122543902332023e-01,6.172940789822147778e-01,-2.722835286470094984e-01
7.103532532608748395e-01,6.694944465744249174e-01,-2.171990828426678399e-01
6.771422974821879048e-01,7.176483694364015342e-01,-1.626626164975171485e-01
6.385713153750137705e-01,7.618436238650075909e-01,-1.087242749180592355e-01
5.946332417966123662e-01,8.020843486861157778e-01,-5.542567404390295188e-02
5.452346633213284166e-01,8.382786309837150229e-01,-2.845830097888552013e-03
4.902187079751435528e-01,8.702291011579424973e-01,4.885621607350044970e-02
4.293985008059194586e-01,8.976279928404101716e-01,9.940278655513316852e-02
3.626016885305960447e-01,9.200586766311911191e-01,1.483645747151991490e-01
2.897259782942531725e-01,9.370062572448570881e-01,1.951361867656091209e-01
2.108041254630485528e-01,9.478801082773902209e-01,2.389245090395753224e-01
1.260743184146937146e-01,9.520508520988454348e-01,2.787551636367168184e-01
3.604870542331463368e-02,9.489029486447089212e-01,3.135022884935295129e-01
-5.843044599552595780e-02,9.379015505695945665e-01,3.419452652397956260e-01
-1.561596983984345766e-01,9.186687341389880856e-01,3.628524569457659554e-01
-2.555811142771103328e-01,8.910602128965942059e-01,3.750866446803280407e-01
-3.548356019375377701e-01,8.552302983878893317e-01,3.777205743893060075e-01
-4.518643481777140369e-01,8.116716506832696298e-01,3.701455690981940716e-01
-5.445494172640875652e-01,7.612185564789857306e-01,3.521537184659445097e-01
-6.308742031054751509e-01,7.050084715189067763e-01,3.239765345555242204e-01
-7.090776229812032483e-01,6.444052409792005998e-01,2.862705188905505516e-01
-7.777757198535867333e-01,5.808962079199343487e-01,2.400510887925222936e-01
-8.360313704490862641e-01,5.159813082610903434e-01,1.865873445606543723e-01
-8.833648080437966899e-01,4.510731967859392677e-01,1.272775983865956917e-01
-9.197104853813247161e-01,3.874234173576305285e-01,6.352730721967736471e-02
-9.453353706850157190e-01,3.260824993519703674e-01,-3.352692678450560054e-03
-9.607379278027643466e-01,2.678943235910173915e-01,-7.221679492307639392e-02
-9.665459945930988672e-01,2.135193747557474486e-01,-1.421207829275928369e-01
-9.634273925875781464e-01,1.634785848413740361e-01,-2.123261912957563058e-01
-9.520216383000220661e-01,1.182091938746421544e-01,-2.822789164851832733e-01
-9.328963202677256206e-01,7.812555964120325436e-02,-3.515691291363417514e-01
-9.065284160605168173e-01,4.368020454841318317e-02,-4.198788761124083169e-01
-8.733091534119596933e-01,1.542296158886337365e-02,-4.869222266673751687e-01
-8.335706519507642964e-01,-5.941293692572547323e-03,-5.523809095503177113e-01
-7.876331298166464601e-01,-1.949284338820073473e-02,-6.158360836065689403e-01
-7.358727850981650054e-01,-2.402760637823264309e-02,-6.766933709469915570e-01
-6.788129917275363967e-01,-1.796354739344625112e-02,-7.340914338329762590e-01
-6.172466442157749089e-01,8.025388370354881147e-04,-7.867693029953441997e-01
-5.524087145221067141e-01,3.513139217182181806e-02,-8.328327547617848658e-01
-4.862423996828845740e-01,8.903758200624536934e-02,-8.692759272757476507e-01
-4.218527110940717972e-01,1.683115552250224745e-01,-8.909048829815200410e-01
-3.643293714557391261e-01,2.812217210066514927e-01,-8.877941499743751130e-01
-3.221481812002482403e-01,4.377724381857560076e-01,-8.393901606012966754e-01
-3.083962903581475290e-01,6.397362194711166961e-01,-7.040094442478284087e-01
-3.354868280877506548e-01,8.412793806102507599e-01,-4.239075275807836496e-01
-3.944112193542322897e-01,9.186769852274044856e-01,-2.173446251911709259e-02
-4.574976530149592602e-01,8.239886315299524977e-01,3.342732902808717710e-01
-5.157182273872811251e-01,6.562148527242298579e-01,5.508328031305305128e-01
-5.712147442887905990e-01,4.891367638660143458e-01,6.591349953854479526e-01
-6.238535203698900578e-01,3.405516261489119900e-01,7.034425172318110597e-01
-6.719280563720109178e-01,2.095206619229068035e-01,7.103617242556912181e-01
-7.137744267420369493e-01,9.236706242513667564e-02,6.942581605627891062e-01
-7.482344017041125950e-01,-1.385606482417763366e-02,6.632897478282600012e-01
-7.746786373306572271e-01,-1.111043517448886270e-01,6.225181377974975394e-01
-7.929196560478309896e-01,-2.006356772892101681e-01,5.753466294779949752e-01
-8.031036715386633551e-01,-2.832933705490178200e-01,5.241844703576171716e-01
-8.056033120431980166e-01,-3.596959498931294186e-01,4.707675936760187807e-01
-8.009191960486012896e-01,-4.303460266685921187e-01,4.163300838654560021e-01
-7.895957196341839568e-01,-4.956833477184254821e-01,3.617134478147439602e-01
-7.721547404646216251e-01,-5.561032759676397541e-01,3.074511395914348300e-01
-7.490484421883549793e-01,-6.119562350323384248e-01,2.538424662270752918e-01
-7.206302155474755278e-01,-6.635383779931353088e-01,2.010196840367578508e-01
-6.871407497069115244e-01,-7.110795083908398873e-01,1.490084656617374492e-01
-6.487060337510379693e-01,-7.547312553931900814e-01,9.778145993805067993e-02
-6.053444553196186684e-01,-7.945566674979057664e-01,4.730531205283611956e-02
-5.569812313487261246e-01,-8.305215601814931459e-01,-2.417850068878776848e-03
-5.034695869567511473e-01,-8.624878675082270352e-01,-5.131328688272986799e-02
-4.446190854000567350e-01,-8.902096439432010122e-01,-9.920009439781994620e-02
-3.802320774498483824e-01,-9.133330174162772597e-01,-1.457613342949725110e-01
-3.101492074519507924e-01,-9.314021160456119608e-01,-1.905192046558117913e-01
-2.343041386059749875e-01,-9.438735786221716939e-01,-2.328180366962302461e-01
-1.527860333471134646e-01,-9.501424753917374622e-01,-2.718192496320235851e-01
-6.590585640482202190e-02,-9.495820268472858761e-01,-3.065132825509319092e-01
2.574050732961869967e-02,-9.415981297955583473e-01,-3.357534634935591678e-01
1.212224200498642490e-01,-9.256972021397605888e-01,-3.583152450397181776e-01
2.192501584641680934e-01,-9.015623364025809883e-01,-3.729808595541551641e-01
3.181881442322154196e-01,-8.691287652726034096e-01,-3.786442845808961621e-01
4.161141962216859391e-01,-8.286463052105660365e-01,-3.744252616526530519e-01
5.109257852129484023e-01,-7.807152667416972225e-01,-3.597756443687827321e-01
6.004839709680348525e-01,-7.262846677871059864e-01,-3.345587869834437678e-01
6.827753213876720517e-01,-6.666078746236389074e-01,-2.990849411015468196e-01
7.560653900740519351e-01,-6.031598301935082729e-01,-2.540931820673464903e-01
8.190173274623233635e-01,-5.375291002961443132e-01,-2.006815478595150581e-01
8.707566047288118893e-01,-4.713038886230211388e-01,-1.401983590844426697e-01
9.108752819954617497e-01,-4.059718421607752536e-01,-7.411534269147380949e-02
9.393824396647192376e-01,-3.428489220411403138e-01,-3.904958999542224203e-03
9.566171466874453522e-01,-2.830448925889311740e-01,6.905956445628114171e-02
9.631444593366531581e-01,-2.274649488396108254e-01,1.435703573113179810e-01
9.596536716158694524e-01,-1.768409955284404866e-01,2.186140271224402964e-01
9.468732911400784547e-01,-1.317831471528680687e-01,2.933669590326110632e-01
9.255113205930335374e-01,-9.284194634489252584e-02,3.671636807379390355e-01
8.962241654995154461e-01,-6.057373142519088122e-02,4.394463200846330797e-01
8.596137552805088733e-01,-3.560461453325189374e-02,5.097023672266787209e-01
8.162504225476522324e-01,-1.869210198362095815e-02,5.773957507760280050e-01
7.667185859842365891e-01,-1.078742996576122735e-02,6.418927022961600226e-01
7.116832903910226271e-01,-1.310655623566372996e-02,7.023781832900626299e-01
6.519786470937012357e-01,-2.722401365942126589e-02,7.577484390047523055e-01
5.887255682508001353e-01,-5.521168977014746793e-02,8.064452086784926754e-01
5.234987695022986776e-01,-9.985151774030498473e-02,8.461552533279793620e-01
4.585868540149531936e-01,-1.649418720418254491e-01,8.732080371664051599e-01
3.974296526477051339e-01,-2.556235401920881056e-01,8.813094104206469215e-01
3.453556167006837097e-01,-3.781939970970082388e-01,8.588939390711047839e-01
3.105908006326009163e-01,-5.370981889070257642e-01,7.842569030841822775e-01
3.042448065723436512e-01,-7.220120898302192503e-01,6.213965238177283634e-01
3.341454431453876328e-01,-8.793811276330767424e-01,3.391690657886575755e-01
3.911859756313907921e-01,-9.201382167044029892e-01,-1.786601884467403992e-02
4.546347901065663222e-01,-8.282591669573851068e-01,-3.275575674226086087e-01
5.147662850643004440e-01,-6.754086928185439875e-01,-5.280518624398982119e-01
5.709853624565577324e-01,-5.175312096487852953e-01,-6.372889163478511199e-01
6.232002604669655277e-01,-3.727724510703572802e-01,-6.875042800426075518e-01
6.705095116703126967e-01,-2.429165666233205068e-01,-7.010053754569766093e-01
7.118463343592225101e-01,-1.258022258739239230e-01,-6.909765525866303770e-01
7.463519610146616134e-01,-1.909427867323521336e-02,-6.652775051146082586e-01
7.734777709221903885e-01,7.896395661998008297e-02,-6.288853881623881481e-01
7.929778052250989751e-01,1.695806543629348739e-01,-5.851739930022725744e-01
8.048625308548900126e-01,2.535832932948190455e-01,-5.365555141712879950e-01
8.093382796544957847e-01,3.315663821633723085e-01,-4.848043763261565275e-01
8.067420015059550975e-01,4.039920495786737398e-01,-4.312282074301124757e-01
7.974773908704181347e-01,4.712484517155758890e-01,-3.767687723341505701e-01
7.819574552531999290e-01,5.336770252362853517e-01,-3.220735489121841488e-01
7.605574149438932841e-01,5.915791591299552898e-01,-2.675565679570542366e-01
7.335800893256220201e-01,6.452107834997660163e-01,-2.134556099066748092e-01
7.012341469219280921e-01,6.947709736666928260e-01,-1.598873520354615052e-01
6.636243568012895055e-01,7.403884720898409322e-01,-1.069000629398565577e-01
6.207525508217556220e-01,7.821083602022090853e-01,-5.452323862441728342e-02
5.725283026573582124e-01,8.198801279947446341e-01,-2.813960839411137286e-03
5.187890388955558318e-01,8.535480788966600674e-01,4.810000138925575597e-02
4.593300319738811699e-01,8.828452439215499492e-01,9.798059507867930285e-02
3.939451159991759766e-01,9.073925597481851124e-01,1.464444880971362550e-01
3.224786924670909327e-01,9.267057483707764609e-01,1.929350897096597794e-01
2.448884103988374361e-01,9.402128310432156244e-01,2.367055106963758537e-01
1.613157007012142319e-01,9.472851858292498095e-01,2.768176681783880433e-01
7.215824435349832422e-02,9.472841733812942255e-01,3.121632307513795834e-01
-2.186506198810096724e-02,9.396233445719354149e-01,3.415111848822908192e-01
-1.196690929580846996e-01,9.238430598003177785e-01,3.635839779877209632e-01
-2.197911060456009813e-01,8.996903394453439340e-01,3.771593334546731180e-01
-3.204246964267473685e-01,8.671928003666243834e-01,3.811884847580244706e-01
-4.195047846408579417e-01,8.267129839263915869e-01,3.749151608977012717e-01
-5.148395287023262989e-01,7.789697796994532464e-01,3.579753371400771766e-01
-6.042735485409747032e-01,7.250180078156232000e-01,3.304578140652194018e-01
-6.858572443308155187e-01,6.661852330846906867e-01,2.929113784386610519e-01
-7.579931454053362438e-01,6.039745291303376673e-01,2.462948632844618457e-01
-8.195343141519467745e-01,5.399500094082788637e-01,1.918788557071829104e-01
-8.698208998320247076e-01,4.756255673759770541e-01,1.311179693012622105e-01
-9.086551300437800682e-01,4.123752544268627362e-01,6.551720523268243779e-02
-9.362274830150326688e-01,3.513772164732959502e-01,-3.485941883536070474e-03
-9.530139677595015346e-01,2.935948299379741999e-01,-7.460866631285950623e-02
-9.596654607634919065e-01,2.397914450720727009e-01,-1.467728390671863281e-01
-9.569063571121869671e-01,1.905707037658407321e-01,-2.191187590884814129e-01
-9.454539102667369743e-01,1.464330601829251510e-01,-2.909884232178334140e-01
-9.259638410037662748e-01,1.078401902351223962e-01,-3.618859744776031229e-01
-8.990034574243321863e-01,7.528137229995950086e-02,-4.314226448898248467e-01
-8.650510516314264819e-01,4.933880186144760233e-02,-4.992518009003472645e-01
-8.245195085156300507e-01,3.075177486866309540e-02,-5.649972640814918678e-01
-7.778024689874043496e-01,2.048285746943061952e-02,-6.281749531674952758e-01
-7.253428105777626200e-01,1.979310313475263552e-02,-6.881032191549818489e-01
-6.677259667309395352e-01,3.033889172078677032e-02,-7.437886695845714602e-01
-6.058059961272016514e-01,5.431060091921956906e-02,-7.937565456008046638e-01
-5.408833001926752759e-01,9.464125109890812737e-02,-8.357561182325342619e-01
-4.749750805013874255e-01,1.553083121993517335e-01,-8.661858929031858167e-01
-4.112606825277646538e-01,2.416724339727671089e-01,-8.788965159018868878e-01
-3.548360013617004594e-01,3.603887499484108026e-01,-8.626768578374298668e-01
-3.138283024689587641e-01,5.167883826386063806e-01,-7.965184016325204119e-01
-2.998837256142550811e-01,7.029730028965984756e-01,-6.449020920343282448e-01
-3.232457547962207522e-01,8.694115131412887276e-01,-3.736787428040245218e-01
-3.786891956588380181e-01,9.253286207262946261e-01,-1.901149010560607144e-02
-4.457979894098197948e-01,8.441722026665703371e-01,2.977204139511314129e-01
-5.116913367109513500e-01,6.942627322781976806e-01,5.061336132925486897e-01
-5.736260374102160053e-01,5.351369212003306286e-01,6.201464704191134159e-01
-6.307177582312468722e-01,3.876693550841897040e-01,6.722407162470590558e-01
-6.818024045631649876e-01,2.547990745937053769e-01,6.857280165765998747e-01
-7.257515972268392401e-01,1.348403760276057628e-01,6.746129943274332685e-01
-7.617583444854915120e-01,2.568569256441077114e-02,6.473518902453363477e-01
-7.894073845514969490e-01,-7.430603710950656193e-02,6.093558845737405694e-01
-8.086422655710674423e-01,-1.662998583487684812e-01,5.643066927170637959e-01
-8.196918431860134024e-01,-2.511365544411499617e-01,5.148161936436568276e-01
-8.229830576137129317e-01,-3.294666170671468053e-01,4.627641247105421241e-01
-8.190539664035706435e-01,-4.018356366256857770e-01,4.094859231478031880e-01
-8.084761868156644660e-01,-4.687276609596313648e-01,3.558941348256747239e-01
-7.917925369918790146e-01,-5.305800419887747310e-01,3.025713096232915400e-01
-7.694722727537374185e-01,-5.877819614995447584e-01,2.498495291149168962e-01
-7.418833171655867531e-01,-6.406654177105117753e-01,1.978811922876976825e-01
-7.092789344829063536e-01,-6.894939984355927809e-01,1.467018037383726603e-01
-6.717956441357241237e-01,-7.344520636227205301e-01,9.628488334414184169e-02
-6.294595764761851120e-01,-7.756352515296943695e-01,4.658967875924283075e-02
-5.821994909227676818e-01,-8.130424386414645266e-01,-2.397026743795905093e-03
-5.298658728571026266e-01,-8.465692024649602576e-01,-5.062353424270116947e-02
-4.722565743746326983e-01,-8.760032243689360731e-01,-9.793915894658493382e-02
-4.091501498328894426e-01,-9.010227248056646987e-01,-1.440631954230489897e-01
-3.403481920072677913e-01,-9.211997817996647742e-01,-1.885578696571268975e-01
-2.657274452042334700e-01,-9.360110766671120297e-01,-2.308076888270946536e-01
-1.853011146941770382e-01,-9.448590324541527030e-01,-2.700090844451311090e-01
-9.928653966286975219e-02,-9.471061939263909490e-01,-3.051754257276274584e-01
-8.173356434293545247e-03,-9.421247403479049431e-01,-3.351629004961478864e-01
8.721712353829227937e-02,-9.293609618554862228e-01,-3.587218643193522682e-01
1.856935143870608873e-01,-9.084112960216259580e-01,-3.745755410793560336e-01
2.856902949450814688e-01,-8.791024338498236723e-01,-3.815232183937285471e-01
3.853094453556005772e-01,-8.415639528029540406e-01,-3.785587730622906877e-01
4.824129881268574005e-01,-7.962793744779814720e-01,-3.649888582785384417e-01
5.747616157378135915e-01,-7.441021317645015731e-01,-3.405306191489719803e-01
6.601828350127877387e-01,-6.862277460881380797e-01,-3.053688013751113539e-01
7.367423840498921184e-01,-6.241221659013378442e-01,-2.601579934868505917e-01
8.028891288729366194e-01,-5.594164397229478558e-01,-2.059667296078626364e-01
8.575484181364774194e-01,-4.937862150331135402e-01,-1.441731056573903602e-01
9.001508126818836830e-01,-4.288378841740251857e-01,-7.633206092651810548e-02
9.305980430757133659e-01,-3.660204476015631037e-01,-4.039079252022921736e-03
9.491808628264770675e-01,-3.065747544553711901e-01,7.118714472862019971e-02
9.564705613417240349e-01,-2.515227295117400952e-01,1.479877759330532061e-01
9.532064810887751483e-01,-2.016915341520016669e-01,2.252064152322629520e-01
9.401975816493249871e-01,-1.577631206547485121e-01,3.018928704392275786e-01
9.182495791993250389e-01,-1.203385833540049910e-01,3.772748807654883740e-01
8.881228359929135285e-01,-9.000829067210019963e-02,4.507064851965090768e-01
8.505213809006180181e-01,-6.742189939374400309e-02,5.216010622238470562e-01
8.061106584790260765e-01,-5.335615017553584083e-02,5.893545007251210777e-01
7.555607507233754738e-01,-4.878242542553404282e-02,6.532596933348419066e-01
6.996127844477882940e-01,-5.494036515078433436e-02,7.124068417093643024e-01
6.391693531098097125e-01,-7.342821599369536711e-02,7.655526338150567822e-01
5.754161785572191601e-01,-1.063235080940455046e-01,8.109201767629053981e-01
5.099942388507168189e-01,-1.563423109365566221e-01,8.458504348583707477e-01
4.452625086468423588e-01,-2.270064938454584291e-01,8.661462637138791498e-01
3.847209913430869044e-01,-3.226293398471199447e-01,8.648121575751603896e-01
3.336684158540336176e-01,-4.473804832579089674e-01,8.297686975666046516e-01
2.999493286435200856e-01,-6.011378149249183567e-01,7.407183862397342944e-01
2.935075894000684915e-01,-7.675686462718643854e-01,5.698172235242966455e-01
3.211087039741417071e-01,-8.973301128562588547e-01,3.028000475452751195e-01
3.765840663006423950e-01,-9.262448630686385131e-01,-1.596542036504062373e-02
4.432646655244713019e-01,-8.459716889703289278e-01,-2.963922025934010995e-01
5.093963750905226018e-01,-7.078682837712566567e-01,-4.893238456026554606e-01
5.712133229308949955e-01,-5.577812652708449281e-01,-6.021589489653877969e-01
6.276850258064503585e-01,-4.151024120370617188e-01,-6.585601687768317669e-01
6.780699011141306798e-01,-2.843954684517188691e-01,-6.777465800188153811e-01
7.216441478083491790e-01,-1.652265692523302576e-01,-6.722573203372844697e-01
7.578266644280942099e-01,-5.610775008863014973e-02,-6.500389734944979070e-01
7.862597725545318328e-01,4.434310136959743187e-02,-6.163028958421511438e-01
8.068243464124554842e-01,1.371862925222933072e-01,-5.746428414068184276e-01
8.196158334958586478e-01,2.232059614270519021e-01,-5.276447519556263233e-01
8.248991349225273106e-01,3.030001795007930543e-01,-4.772130639730572388e-01
8.230531863780342627e-01,3.770547283609325118e-01,-4.247507318576723701e-01
8.145131958170311881e-01,4.457891288985096900e-01,-3.712685098359868596e-01
7.997169933305917633e-01,5.095783258699319029e-01,-3.174628488215205935e-01
7.790602445840293377e-01,5.687570710492317883e-01,-2.637812151010222039e-01
7.528631702539665405e-01,6.236138457803568347e-01,-2.104823465903495339e-01
7.213493877694192591e-01,6.743796059236308871e-01,-1.576933983366841652e-01
6.846360967723577051e-01,7.212148028310690906e-01,-1.054638477093119281e-01
6.427343151011853939e-01,7.641966113994397292e-01,-5.381579059183163455e-02
5.955581387322224085e-01,8.033073606121494681e-01,-2.790658731049593371e-03
5.429427320059244666e-01,8.384248587144592646e-01,4.750732629376019228e-02
4.846715721116365838e-01,8.693155381725931052e-01,9.687085360690060598e-02
4.205140136038525989e-01,8.956319408227272350e-01,1.449530646136666101e-01
3.502741856603284742e-01,9.169168080582080771e-01,1.912369262468445741e-01
2.738513236381441285e-01,9.326166776762156996e-01,2.350140103521785595e-01
1.913096995107540221e-01,9.421081128975800079e-01,2.753777450805813820e-01
1.029533772971771566e-01,9.447391610743008927e-01,3.112370794679371611e-01
9.397415584629670304e-03,9.398870529876013347e-01,3.413561427697058281e-01
-8.837637010558033190e-02,9.270303528818776284e-01,3.644233006308228995e-01
-1.889931940147627776e-01,9.058299162145831973e-01,3.791486984110316594e-01
-2.907022236782294544e-01,8.762087520667620755e-01,3.843831941567428800e-01
-3.914457029456962500e-01,8.384174245761288891e-01,3.792446226546674626e-01
-4.889804684442559668e-01,7.930705537814238815e-01,3.632316040832097026e-01
-5.810401773890081500e-01,7.411427183419747600e-01,3.363031122490814373e-01
-6.655149378710769614e-01,6.839190243618735732e-01,2.989057302668513549e-01
-7.406179709598271765e-01,6.229054434996398326e-01,2.519401308840367171e-01
-8.050098631216573430e-01,5.597137228951865051e-01,1.966714739855807137e-01
-8.578603727275680990e-01,4.959417250534318145e-01,1.346008404681933723e-01
-8.988425189781411584e-01,4.330702476414195479e-01,6.732225995040415356e-02
-9.280685374109820529e-01,3.723919430871351910e-01,-3.609791078236920196e-03
-9.459874715342014850e-01,3.149793715634696678e-01,-7.678345648517070909e-02
-9.532675391432294809e-01,2.616907217256724261e-01,-1.509932613678785784e-01
-9.506837742478284614e-01,2.132057808085353057e-01,-2.252635265899182726e-01
-9.390253987472659825e-01,1.700822229833183208e-01,-2.988366408802488605e-01
-9.190307056486198833e-01,1.328227436072198786e-01,-3.711343164619117507e-01
-8.913518457953071294e-01,1.019458767165746238e-01,-4.417000398661833915e-01
-8.565485736412585815e-01,7.805642053983154194e-02,-5.101291367934537302e-01
-8.151086553419577552e-01,6.191462345468913553e-02,-5.759899820214666732e-01
-7.674928582322531057e-01,5.450652896542925591e-02,-6.387360572745424125e-01
-7.142039236653804357e-01,5.712138754592038098e-02,-6.976029691062131111e-01
-6.558818908966278505e-01,7.144603359225161487e-02,-7.514748229167751425e-01
-5.934337341400837129e-01,9.968972337174486498e-02,-7.986853962848085020e-01
-5.282161030696143067e-01,1.447507182751508747e-01,-8.366809296361299442e-01
-4.623104453817996062e-01,2.104060038838002078e-01,-8.613932700111676111e-01
-3.989634099200546347e-01,3.013692075037924800e-01,-8.660281740875978018e-01
-3.432914600620309287e-01,4.225612075993330774e-01,-8.388045059968814998e-01
-3.032016882213529052e-01,5.754193159994047679e-01,-7.595797173664516899e-01
-2.894726755621294112e-01,7.463640472060879549e-01,-5.992881436680109752e-01
-3.112354358943539845e-01,8.878754270425815998e-01,-3.388358444698626459e-01
-3.651607755425470558e-01,9.307855907630017134e-01,-1.719860555788581616e-02
-4.345929995464719031e-01,8.585470193247431991e-01,2.720770853155391467e-01
-5.055113433981873738e-01,7.219358914407333350e-01,4.725112171636070002e-01
-5.723932072641647606e-01,5.702427003115917437e-01,5.892276970910202971e-01
-6.333707758079196726e-01,4.250163458155202245e-01,6.466858326437157078e-01
-6.873375209528600482e-01,2.916613490445890133e-01,6.652073284051123192e-01
-7.334362705730961274e-01,1.700740299717747317e-01,6.581383299405892950e-01
-7.710946982392826721e-01,5.892955829040313204e-02,6.339875972816562122e-01
-8.000631583463667651e-01,-4.306548095427290002e-02,5.983680364182345501e-01
-8.203966205783015386e-01,-1.369379507478440672e-01,5.551552779076168731e-01
-8.323989173182362311e-01,-2.234870643375621302e-01,5.071149519795354887e-01
-8.365484592577379086e-01,-3.033649472396578450e-01,4.562415852372341263e-01
-8.334197417328618185e-01,-3.771370833535656608e-01,4.039543964972974188e-01
-8.236112009323524052e-01,-4.453141210359320978e-01,3.512263135141833192e-01
-8.076863119986267270e-01,-5.083615353048210883e-01,2.986827260364788295e-01
-7.861310208468520466e-01,-5.666960670620935225e-01,2.466851954184549889e-01
-7.593273025362347051e-01,-6.206761600593743156e-01,1.954050970599164050e-01
-7.275405025630966582e-01,-6.705909394382904010e-01,1.448882640986083326e-01
-6.909173460992069637e-01,-7.166499256158612718e-01,9.511101394691046096e-02
-6.494918402772826838e-01,-7.589741303366153158e-01,4.602845742589154604e-02
-6.031972831153051828e-01,-7.975884634405996376e-01,-2.383406968477590031e-03
-5.518837887124142805e-01,-8.324153195331266408e-01,-5.009011442384818380e-02
-4.953418252201910454e-01,-8.632695997616849359e-01,-9.696429402017051058e-02
-4.333330312970890552e-01,-8.898560773057642148e-01,-1.427537938860952427e-01
-3.656298717856868441e-01,-9.117707915119397377e-01,-1.870529887589963136e-01
-2.920653583711510515e-01,-9.285089145075660078e-01,-2.292793538884662086e-01
-2.125929360448197414e-01,-9.394820959978641417e-01,-2.686589563802096459e-01
-1.273545988254480565e-01,-9.440484131280861835e-01,-3.042259026255837440e-01
-3.675236383567249271e-02,-9.415574292223511943e-01,-3.348415613819278325e-01
5.848531150781090954e-02,-9.314111918056932060e-01,-3.592390013861694320e-01
1.572540356815241291e-01,-9.131390917075320468e-01,-3.760959551197238793e-01
2.580549573049742973e-01,-8.864804925883339459e-01,-3.841353606096069018e-01
3.590206390653382096e-01,-8.514645905854760777e-01,-3.822462971752946803e-01
4.579939857778713153e-01,-8.084733947425715161e-01,-3.696109833118074173e-01
5.526595497123599765e-01,-7.582728026760829909e-01,-3.458175513670319612e-01
6.407141129681086511e-01,-7.020000449947462196e-01,-3.109362672170355446e-01
7.200515034726580055e-01,-6.411036287682846391e-01,-2.655408999135582815e-01
7.889297893280668994e-01,-5.772426680428636159e-01,-2.106672487633712287e-01
8.460908453197341084e-01,-5.121626899293216795e-01,-1.477147944875511487e-01
8.908130140803089958e-01,-4.475708379334203402e-01,-7.831040145939219266e-02
9.228935641640264587e-01,-3.850326739547378918e-01,-4.160434098118826612e-03
9.425731525102258868e-01,-3.259061072440596618e-01,7.308256582768650478e-02
9.504246071902421322e-01,-2.713182837649741885e-01,1.519192382224931748e-01
9.472310686282454650e-01,-2.221821250651700441e-01,2.310593125734543840e-01
9.338749864673243639e-01,-1.792431571564603310e-01,3.094339998501125510e-01
9.112525426800981432e-01,-1.431451074129333478e-01,3.861713113150633814e-01
8.802206972878510172e-01,-1.145038354536173641e-01,4.605435872232945260e-01
8.415781822428891612e-01,-9.398225057915804426e-02,5.318961362416827487e-01
7.960781892700018458e-01,-8.236280290456307607e-02,5.995630786383523425e-01
7.444692310034866090e-01,-8.061817779322517918e-02,6.627716601502944282e-01
6.875615423766144874e-01,-8.998450748163518143e-02,7.205289125760174773e-01
6.263196091725470316e-01,-1.120438933730830561e-01,7.714725614846902335e-01
5.619878723099260842e-01,-1.488213776783994524e-01,8.136472386252321387e-01
4.962681823400425518e-01,-2.028859516573889576e-01,8.441298370612104751e-01
4.315860380258704221e-01,-2.773854010476117793e-01,8.583652084438112562e-01
3.715034301955992269e-01,-3.757528045942728490e-01,8.489964847939253101e-01
3.213162259266050258e-01,-5.002819084213629974e-01,8.040360035860097954e-01
2.886179927977599591e-01,-6.476132898164149720e-01,7.051926552982186180e-01
2.826046997698845598e-01,-7.987019780963245941e-01,5.312341610372887102e-01
3.093769318327873052e-01,-9.095469042399114690e-01,2.775073747440310323e-01
3.642192126430228716e-01,-9.311975558840800415e-01,-1.467913680064077478e-02
4.328184343635175790e-01,-8.587388871830275994e-01,-2.742913168781846989e-01
5.029002575009164921e-01,-7.315700876885569137e-01,-4.603222108532989965e-01
5.689043094384428345e-01,-5.883070197775723820e-01,-5.746675014152090588e-01
6.289095749149981041e-01,-4.482586686219070526e-01,-6.352455529836880110e-01
6.820545276608774854e-01,-3.176713461698662533e-01,-6.587006430237655197e-01
7.277541797795740175e-01,-1.974058098737040134e-01,-6.568141289904368962e-01
7.655954569026288681e-01,-8.670152622204181647e-02,-6.374530898198108586e-01
7.953572093585176139e-01,1.546027051336514545e-02,-6.059438006590089909e-01
8.170204107799934334e-01,1.099726641320694642e-01,-5.660244354377166331e-01
8.307520523056811657e-01,1.975521279072085523e-01,-5.204077097326984536e-01
8.368684742105886309e-01,2.787782985288423387e-01,-4.710985216935041908e-01
8.357864328485509198e-01,3.541423108160678401e-01,-4.195762890776242870e-01
8.279698594446249782e-01,4.240800966273769457e-01,-3.669086855005783687e-01
8.138792440880097123e-01,4.889877789728481194e-01,-3.138335993132842505e-01
7.939288298234676855e-01,5.492230689728357929e-01,-2.608275937917596266e-01
7.684545508472474529e-01,6.050979350653503674e-01,-2.081684228258557923e-01
7.376934920488738001e-01,6.568670151508372301e-01,-1.559937056280408796e-01
7.017741546732003677e-01,7.047147687776038616e-01,-1.043557880495541573e-01
6.607162364167685764e-01,7.487430050227974476e-01,-5.327257610339546784e-02
6.144388740389112868e-01,7.889595502679674910e-01,-2.774546947060213802e-03
5.627770395727516028e-01,8.252685363406707664e-01,4.705153191827697590e-02
5.055066531963513521e-01,8.574630243052361322e-01,9.602179712722459792e-02
4.423796252178362476e-01,8.852212818931444183e-01,1.438177641169026133e-01
3.731701530126188548e-01,9.081088139438966422e-01,1.899537284128631764e-01
2.977329037689749880e-01,9.255889754417899740e-01,2.337523616007156912e-01
2.160720083618111187e-01,9.370453948680211864e-01,2.743334014645819607e-01
1.284170275374906245e-01,9.418191742348628326e-01,3.106214900517935140e-01
3.529845575619867948e-02,9.392625862525592062e-01,3.413792804014054716e-01
-6.238847480871936163e-02,9.288085359876392388e-01,3.652702857988041063e-01
-1.633458563745769365e-01,9.100514239394235094e-01,3.809521452769149552e-01
-2.658758063162033891e-01,8.828306980882695276e-01,3.871950595354845537e-01
-3.679353927486591624e-01,8.473043372573952903e-01,3.830129329770683433e-01
-4.672475625777020025e-01,8.039973125723658409e-01,3.677880322163976090e-01
-5.614600933082861678e-01,7.538113923531574168e-01,3.413662964922646870e-01
-6.483316479440726088e-01,6.979884482583702532e-01,3.041022860354646307e-01
-7.259143217163575024e-01,6.380290117837494890e-01,2.568411525619144209e-01
-7.926999898717701498e-01,5.755785597412450549e-01,2.008383619319018543e-01
-8.477051334990186593e-01,5.123020839821672556e-01,1.376320507256190984e-01
-8.904835018973913385e-01,4.497698316214971404e-01,6.889289812258322931e-02
-9.210726481184493553e-01,3.893729970970827292e-01,-3.721024012575991757e-03
-9.398933068726248452e-01,3.322796178420762137e-01,-7.868181024077570973e-02
-9.476263652545700023e-01,2.794314476921024304e-01,-1.546684774448493782e-01
-9.450908228786991661e-01,2.315752412589857367e-01,-2.305997487993116379e-01
-9.331401576621923821e-01,1.893181829274981354e-01,-3.056273413345226841e-01
-9.125871089199001363e-01,1.531969709963477699e-01,-3.790982151247386800e-01
-8.841605071746224676e-01,1.237521957550566515e-01,-4.504948297134124258e-01
-8.484935865633028707e-01,1.016028619517913151e-01,-5.193606569659932060e-01
-8.061413214121992965e-01,8.751931931834405765e-02,-5.852149508153794422e-01
-7.576243276641211333e-01,8.249610909327155517e-02,-6.474563847209783285e-01
-7.034983930994705981e-01,8.782925177674465178e-02,-7.052489159430166410e-01
-6.444518589055681090e-01,1.052049711699264700e-01,-7.573729039213724645e-01
-5.814388795578702140e-01,1.368067193352552058e-01,-8.020054556442949290e-01
-5.158673267088113024e-01,1.854365991365313215e-01,-8.363576800239129749e-01
-4.498791874021031978e-01,2.545989127834803467e-01,-8.560304377485027372e-01
-3.867888399674296318e-01,3.483241971271027193e-01,-8.538528251241013223e-01
-3.317506897798587762e-01,4.699955529860252446e-01,-8.179521135151789357e-01
-2.925391917338429071e-01,6.181877126349524243e-01,-7.295647834475532667e-01
-2.793656333389944457e-01,7.763395396814677385e-01,-5.650236827215912028e-01
-3.006303564011393314e-01,9.004269804404676503e-01,-3.144083995458542002e-01
-3.539196238511013726e-01,9.351396152487563285e-01,-1.596245111199385072e-02
-4.247601304008414846e-01,8.689675881517607836e-01,2.539176290917428691e-01
-4.989840825237326083e-01,7.421057083430123713e-01,4.475421801715059322e-01
-5.695152377933084820e-01,5.966834278436029537e-01,5.653505822567437278e-01
-6.336372550009453652e-01,4.539586270143628477e-01,6.264386594345063841e-01
-6.900990543201993566e-01,3.208371757076807773e-01,6.487116477374870183e-01
-7.381486427258661109e-01,1.983869978593993944e-01,6.448094139529105817e-01
-7.773540564988824508e-01,8.593746750773550991e-02,6.231656461351902099e-01
-8.075820812764364920e-01,-1.748143417511176592e-02,5.894960402414933798e-01
-8.289736156845581849e-01,-1.127496570955578564e-01,5.478049464213557984e-01
-8.418939082764340665e-01,-2.006080860955234413e-01,5.009701019024213053e-01
-8.468652841105034357e-01,-2.816936892363935963e-01,4.510741136585277311e-01
-8.444941769478563343e-01,-3.565771763504108627e-01,3.996026806806114995e-01
-8.354029161142968452e-01,-4.257834959138837028e-01,3.475778795537499133e-01
-8.201735202628105403e-01,-4.897959882571562562e-01,2.956607626096243169e-01
-7.993069307757086905e-01,-5.490502871465786638e-01,2.442380244723904303e-01
-7.731977119453562475e-01,-6.039237673531032691e-01,1.934977557195447506e-01
-7.421220116770629316e-01,-6.547243386987033897e-01,1.434955055043011518e-01
-7.062357348040563254e-01,-7.016803678290268742e-01,9.421118982953141652e-02
-6.655801746581730960e-01,-7.449321200150199607e-01,4.559789109074677965e-02
-6.200933108901113266e-01,-7.845244682902455802e-01,-2.375803705515032362e-03
-5.696261731505269932e-01,-8.204005845125110774e-01,-4.968806489908757923e-02
-5.139647792945543081e-01,-8.523967170539189508e-01,-9.622911409963902374e-02
-4.528589840007821721e-01,-8.802388103128092611e-01,-1.417687463049220054e-01
-3.860599706116885077e-01,-9.035425058585536684e-01,-1.859264349094762736e-01
-3.133679336785311631e-01,-9.218188634765073219e-01,-2.281458329247505190e-01
-2.346905614561849429e-01,-9.344887965475463520e-01,-2.676770993015638034e-01
-1.501110815012324518e-01,-9.409095069713582227e-01,-3.035720061228403543e-01
-5.996182552613056604e-02,-9.404158353836734596e-01,-3.346978279571017345e-01
3.510431451464468555e-02,-9.323780849751887034e-01,-3.597760327765826549e-01
1.340559552448923608e-01,-9.162752741329380779e-01,-3.774501594594822929e-01
2.354531452543456860e-01,-8.917789158078044398e-01,-3.863834645924860145e-01
3.374599765109175808e-01,-8.588377865466203520e-01,-3.853808773835992740e-01
4.379111911629354204e-01,-8.177498898894957069e-01,-3.735222968444810721e-01
5.344356207766990385e-01,-7.692057157009402069e-01,-3.502872166922864072e-01
6.246266955927314291e-01,-7.142888223823432581e-01,-3.156469061666066223e-01
7.062367115482854896e-01,-6.544266694329715639e-01,-2.701026501097898991e-01
7.773619789462977714e-01,-5.912954759217933232e-01,-2.146578995590793237e-01
8.365849900957176288e-01,-5.266944336930453607e-01,-1.507266660657967383e-01
8.830488790550942158e-01,-4.624125952492838532e-01,-7.999543083428846402e-02
9.164558672243549031e-01,-4.001130412031367323e-01,-4.265874966850286693e-03
9.369990749666489149e-01,-3.412532457677172060e-01,7.469240767736924635e-02
9.452499901568101048e-01,-2.870505472342466669e-01,1.552560447810966970e-01
9.420288087737461735e-01,-2.384912553989743667e-01,2.360161955005164180e-01
9.282822794613982964e-01,-1.963744211865237344e-01,3.157991392350649185e-01
9.049865381533430675e-01,-1.613780139197861785e-01,3.936451477975218549e-01
8.730841499784968152e-01,-1.341357766684144193e-01,4.687554378072715799e-01
8.334576827647628416e-01,-1.153160098943498690e-01,5.404169768821461828e-01
7.869377656523736109e-01,-1.056975474100577544e-01,6.079119849629128769e-01
7.343418898802798189e-01,-1.062421738101797658e-01,6.704137448405622646e-01
6.765409865810141365e-01,-1.181658516864513703e-01,7.268625213692089249e-01
6.145541166330847904e-01,-1.430119906169618205e-01,7.758033309216343376e-01
5.496781223754451107e-01,-1.827246940766251160e-01,8.151476234133354648e-01
4.836701858865467551e-01,-2.396970472532139462e-01,8.417888552496783916e-01
4.190175334263534501e-01,-3.166973508764579504e-01,8.509565762300261849e-01
3.593420352141548091e-01,-4.163746620884052896e-01,8.351679127570188488e-01
3.099491054576491433e-01,-5.395593171476035232e-01,7.828200912759040175e-01
2.782543175053203144e-01,-6.807888821635822429e-01,6.775699467303052392e-01
2.729238972712068612e-01,-8.200608466594813128e-01,5.030037316704821793e-01
2.995570064337955696e-01,-9.180104769272141585e-01,2.598506573943806797e-01
3.541808223523016386e-01,-9.350750744371930656e-01,-1.380399377444975310e-02
4.239577094720788919e-01,-8.679599653022751493e-01,-2.586607028747540671e-01
4.966378064411792193e-01,-7.487363156013110421e-01,-4.390271277644100523e-01
5.656626886780253827e-01,-6.109894451681924243e-01,-5.538209282165236225e-01
6.284198437603414344e-01,-4.734905100311115889e-01,-6.171671061217582910e-01
6.838414879379899336e-01,-3.434655090040836245e-01,-6.437330685146769316e-01
7.313690456283453711e-01,-2.226924003982066469e-01,-6.445986455939604065e-01
7.706796320494012642e-01,-1.109843849037214919e-01,-6.274833631672970258e-01
8.016418272924485944e-01,-7.634933220775581841e-03,-5.977558770350470674e-01
8.243093583774822042e-01,8.809189223456248552e-02,-5.592440435211070149e-01
8.389045130494311442e-01,1.768400274601885092e-01,-5.147492813721807892e-01
8.457850057444196157e-01,2.591611779009495575e-01,-4.663509493148958462e-01
8.453987955197121984e-01,3.355415963635807186e-01,-4.155871913853935173e-01
8.382338634675349232e-01,4.064239816549097273e-01,-3.635705396096602926e-01
8.247698044104972981e-01,4.722169167933378264e-01,-3.110722636733526114e-01
8.054365496318813822e-01,5.332932344901802901e-01,-2.585929050923312378e-01
7.805832926909598291e-01,5.899812494836400578e-01,-2.064263753241394050e-01
7.504584863791455840e-01,6.425526134447586690e-01,-1.547197439786934525e-01
7.152002348258729159e-01,6.912093804085417403e-01,-1.035288198534872472e-01
6.748357888662038784e-01,7.360716570270778858e-01,-5.286940312449173868e-02
6.292890722418121863e-01,7.771664049119902939e-01,-2.764531282426463052e-03
5.783959126454373267e-01,8.144177028476734526e-01,4.671159945206567604e-02
5.219275590887185734e-01,8.476390158328672708e-01,9.539246249877560146e-02
4.596237912246431967e-01,8.765286253087495316e-01,1.429809062589796065e-01
3.912371613651390301e-01,9.006701779356066639e-01,1.890151161796081447e-01
3.165893787165250939e-01,9.195411013300016645e-01,2.328418524421507207e-01
2.356393255703745915e-01,9.325321526027137153e-01,2.736017043201453558e-01
1.485595885549973738e-01,9.389812957285248451e-01,3.102324530418289483e-01
5.581484343735181736e-02,9.382241155576456215e-01,3.414970164410484621e-01
-4.176853327365120938e-02,9.296608080725637935e-01,3.660412156602526057e-01
-1.429556583198660080e-01,9.128363793001005311e-01,3.824832341170223970e-01
-2.460946179821474900e-01,8.875263560181531064e-01,3.895310082308717226e-01
-3.491596039451250744e-01,8.538159216550370578e-01,3.861164887715142213e-01
-4.498522776511810206e-01,8.121573949883437171e-01,3.715283220129954600e-01
-5.457565451958467095e-01,7.633911444893136666e-01,3.455195419816215474e-01
-6.345282145463940759e-01,7.087197325326204389e-01,3.083671280526774638e-01
-7.140893287208898155e-01,6.496342072444063476e-01,2.608674517544891658e-01
-7.827922980877347614e-01,5.878027697861381018e-01,2.042648327203371861e-01
-8.395242744438916604e-01,5.249416687101495782e-01,1.401257901717621601e-01
-8.837363923178627179e-01,4.626923762853416555e-01,7.018371478079715731e-02
-9.154004462991092161e-01,4.025263422392998947e-01,-3.816637111615200483e-03
-9.349108186521198904e-01,3.456903833430907680e-01,-8.024911233982497116e-02
-9.429574931569122409e-01,2.931955945597852220e-01,-1.576943544644688056e-01
-9.403959692925971670e-01,2.458441500970363069e-01,-2.349810094482161216e-01
-9.281341336894909366e-01,2.042835704223799342e-01,-3.111836318573695803e-01
-9.070481714612478319e-01,1.690771288599279276e-01,-3.855859685534342440e-01
-8.779323448601316082e-01,1.407809707923804443e-01,-4.576194009339485946e-01
-8.414824850014247515e-01,1.200217942420062495e-01,-5.267845824839187951e-01
-7.983106337376870698e-01,1.075724888616605285e-01,-5.925607915660978664e-01
-7.489880561032421502e-01,1.044263525550780530e-01,-6.543027041872355731e-01
-6.941153890369310409e-01,1.118730796175342601e-01,-7.111175998096228579e-01
-6.344220166513946380e-01,1.315808932330334857e-01,-7.617054373732502492e-01
-5.709027507327765205e-01,1.656860756984710192e-01,-8.041257199750482254e-01
-5.050105511946018089e-01,2.168740557503179567e-01,-8.354220413207520401e-01
-4.389418855658559493e-01,2.883759185651689760e-01,-8.509814044311344583e-01
-3.760737682991623365e-01,3.836198211103235001e-01,-8.434478962262881296e-01
-3.216020940164332487e-01,5.047828450669470390e-01,-8.011032220946086024e-01
-2.832147147900235251e-01,6.485050429486283186e-01,-7.065625482550028647e-01
-2.707231154120727235e-01,7.968156479397670022e-01,-5.401794312817833621e-01
-2.919927428885913390e-01,9.089788112581443924e-01,-2.974857287066518530e-01
-3.450487072294567970e-01,9.384628857999619544e-01,-1.512618971480501374e-02
-4.167623573728360120e-01,8.764217882783367219e-01,2.412342979512633045e-01
-4.931451818560148581e-01,7.565120863505505611e-01,4.295314805898806099e-01
-5.662643697713024560e-01,6.159863915103140908e-01,5.476362195852386705e-01
-6.327720248055000996e-01,4.755287787249583009e-01,6.111235106162233865e-01
-6.912227961095926965e-01,3.429287843925504786e-01,6.360903198237528589e-01
-7.408822692983292324e-01,2.200750580864829498e-01,6.345553024343814075e-01
-7.813941129624130122e-01,1.068002519309012299e-01,6.148308274762901426e-01
-8.127009601647303683e-01,2.402493785776226541e-03,5.826760483930456536e-01
-8.350050642247038857e-01,-9.386630960391854905e-02,5.421767780350237320e-01
-8.487180480887617229e-01,-1.826880040298540508e-01,4.962889964849013791e-01
-8.543966473211237478e-01,-2.646780731279623211e-01,4.471597999056850514e-01
-8.526729551115705963e-01,-3.404046105826785129e-01,3.963250341769448126e-01
-8.441888101835202107e-01,-4.103990908136012639e-01,3.448446592602269489e-01
-8.295415126269227724e-01,-4.751555431181359590e-01,2.934077174730513327e-01
-8.092444062150230266e-01,-5.351220007004042767e-01,2.424209879034640303e-01
-7.837024668715306674e-01,-5.906888557864550249e-01,1.920862282131802767e-01
-7.532007702693276352e-01,-6.421772934751146522e-01,1.424672713666836343e-01
-7.179028337338696497e-01,-6.898292313547934596e-01,9.354759689770057729e-02
-6.778560920112784993e-01,-7.337989399214338571e-01,4.527951295428384731e-02
-6.330027096872586911e-01,-7.741459403385219096e-01,-2.373306969964949879e-03
-5.831951192539136519e-01,-8.108287701622265420e-01,-4.939795902286654716e-02
-5.282167958271706265e-01,-8.436996042118157790e-01,-9.569741093103066587e-02
-4.678096457929944441e-01,-8.725003662215842226e-01,-1.410575990375372846e-01
-4.017098552036044712e-01,-8.968617549530153443e-01,-1.851166787053413199e-01
-3.296939675020546523e-01,-9.163074302783178471e-01,-2.273380324747704129e-01
-2.516361630894868862e-01,-9.302663223162145334e-01,-2.669902825757263232e-01
-1.675760204318169910e-01,-9.380964338038527695e-01,-3.031391730884162028e-01
-7.779335038561648041e-02,-9.391233184232430364e-01,-3.346574180105630902e-01
1.711687872585286249e-02,-9.326952994160881971e-01,-3.602589220405482129e-01
1.161804969545177507e-01,-9.182551416100072084e-01,-3.785625272450865442e-01
2.180053605080029266e-01,-8.954242008860250346e-01,-3.881870209800930560e-01
3.207835820717908071e-01,-8.640903783041554709e-01,-3.878733190042494838e-01
4.223479881365933553e-01,-8.244865063337087907e-01,-3.766220622727872724e-01
5.202883868174903448e-01,-7.772428225873249108e-01,-3.538270612592282482e-01
6.121207318034617151e-01,-7.233979963294830950e-01,-3.193799439584205646e-01
6.954876676619881071e-01,-6.643591612312722550e-01,-2.737221383413624420e-01
7.683572523741197813e-01,-6.018120961817310377e-01,-2.178286795016760591e-01
8.291832206654099480e-01,-5.375951428664766940e-01,-1.531229862996106583e-01
8.769976631373921361e-01,-4.735601369690212170e-01,-8.133815540959206392e-02
9.114234424009153290e-01,-4.114466722857278991e-01,-4.352528812801425596e-03
9.326129851647584346e-01,-3.527913503287196662e-01,7.596896099932490265e-02
9.411353678707184978e-01,-2.988835766019373730e-01,1.579013203886568684e-01
9.378405499744629781e-01,-2.507681439506966314e-01,2.399384104371784787e-01
9.237280105948505460e-01,-2.092860964764370613e-01,3.208206543602445948e-01
8.998398237001217215e-01,-1.751410778970075854e-01,3.995170766267798768e-01
8.671892094777698956e-01,-1.489783471763087286e-01,4.751718920958349357e-01
8.267278160247925056e-01,-1.314664867339204735e-01,5.470262160780933192e-01
7.793499026533727836e-01,-1.233758908066521498e-01,6.143224876250610311e-01
7.259294986185742538e-01,-1.256520664689240174e-01,6.761937009670192511e-01
6.673872709123972458e-01,-1.394844721516459718e-01,7.315314843892088970e-01
6.047871862158304967e-01,-1.663712817425718193e-01,7.788151616400852406e-01
5.394695899224313251e-01,-2.081726050883948298e-01,8.158656311180383369e-01
4.732380212620102000e-01,-2.671171813279024643e-01,8.394606522472948251e-01
4.086315303707532820e-01,-3.456493278166430927e-01,8.447170026504492446e-01
3.493219677535676082e-01,-4.458040119364574672e-01,8.241558989573115612e-01
3.006240684426340071e-01,-5.673741297644713244e-01,7.666236145247596889e-01
2.698204191113084405e-01,-7.036215267539411844e-01,6.573535491035633616e-01
2.651931016700715960e-01,-8.343856722988530761e-01,4.831906132045594715e-01
2.919623311344459737e-01,-9.237630514159214101e-01,2.478302282557273417e-01
3.465465402339559242e-01,-9.379395041643292519e-01,-1.322807544004303386e-02
4.170498072176582194e-01,-8.744100772790834863e-01,-2.479444999440427733e-01
4.914043875813473017e-01,-7.607257852137552234e-01,-4.240495343432372222e-01
5.625083675149211704e-01,-6.271001678319041428e-01,-5.388225273509783531e-01
6.272664316126961292e-01,-4.917159912411780964e-01,-6.039471895203920582e-01
6.844135463839854383e-01,-3.623484602623094353e-01,-6.326781890279051801e-01
7.333686996394643831e-01,-2.413903450179192833e-01,-6.355321012515817714e-01
7.738512779761635985e-01,-1.290729062358937362e-01,-6.200761118205397882e-01
8.057845403692931452e-01,-2.493164927452642607e-02,-5.916837731138981926e-01
8.292712454508041064e-01,7.164024897746192055e-02,-5.542353978183993668e-01
8.445730950603148601e-01,1.612226641475554834e-01,-5.105913627015294942e-01
8.520783445674825485e-01,2.443391130043464921e-01,-4.628832385984478770e-01
8.522585077917607110e-01,3.214670034595425441e-01,-4.126916543659488457e-01
8.456199742582921619e-01,3.930504353982738897e-01,-3.611623102825552989e-01
8.326570753351935084e-01,4.595047071954486140e-01,-3.090916028614603128e-01
8.138118846724946565e-01,5.212120651636038549e-01,-2.569984425900156411e-01
7.894438673217386571e-01,5.785116176394395904e-01,-2.051893969100155035e-01
7.598102877444060654e-01,6.316866047109960247e-01,-1.538192447857449352e-01
7.250567213365344266e-01,6.809512842239736630e-01,-1.029470706646670453e-01
6.852163758954405992e-01,7.264385992765601818e-01,-5.258782830491812166e-02
6.402171349483992691e-01,7.681890417010666106e-01,-2.759769711434398396e-03
5.898959824976924837e-01,8.061408881885789857e-01,4.647147752773719831e-02
5.340213980549887163e-01,8.401222314046680184e-01,9.495147560220831839e-02
4.723250855185396335e-01,8.698458383875014022e-01,1.423981426488735713e-01
4.045447178418224987e-01,8.949086849510238251e-01,1.883667084850967899e-01
3.304789647426724097e-01,9.147988438710985548e-01,2.322212934136595741e-01
2.500546864487792620e-01,9.289130006116894656e-01,2.731177238474099545e-01
1.634036940739742039e-01,9.365879301921896660e-01,3.100036802705563033e-01
7.094299013280058741e-02,9.371484616740596296e-01,3.416428733823681507e-01
-2.655164539216460853e-02,9.299724990852211715e-01,3.666690075151661232e-01
-1.278925701156174710e-01,9.145704444755086149e-01,3.836722463263306793e-01
-2.314635639746301932e-01,8.906720993582517565e-01,3.913155120576317647e-01
-3.352540560922940283e-01,8.583095417195649723e-01,3.884706532890422337e-01
-4.369528658794085696e-01,8.178809488685659934e-01,3.743567102078251274e-01
-5.340990630890584123e-01,7.701796780041216817e-01,3.486566425537560576e-01
-6.242734408916794653e-01,7.163767384260095739e-01,3.115879324354125512e-01
-7.053010340731898919e-01,6.579534208925305050e-01,2.639085964327526623e-01
-7.754284487036879892e-01,5.965924384680926229e-01,2.068530476055093215e-01
-8.334433368258343799e-01,5.340466436473779721e-01,1.420084036583374731e-01
-8.787169017964100437e-01,4.720100504731253310e-01,7.115559535044420347e-02
-9.111690619146436410e-01,4.120142929209242300e-01,-3.893974635124174740e-03
-9.311729135669721824e-01,3.553657832864561827e-01,-8.143810599712936193e-02
-9.394250006744777615e-01,3.031282104587635362e-01,-1.599811117970651730e-01
-9.368090547280244484e-01,2.561455945967006098e-01,-2.382818275661990615e-01
-9.242753881852768805e-01,2.150954265632456230e-01,-3.153552984595803799e-01
-9.027497390488750106e-01,1.805599318128339736e-01,-3.904369599191818696e-01
-8.730774113019881266e-01,1.531051767022849341e-01,-4.629196892995384727e-01
-8.360029233425632089e-01,1.333610395244387292e-01,-5.322724352243402013e-01
-7.921825347082800395e-01,1.220987148387525645e-01,-5.979454285617455955e-01
-7.422266174884553092e-01,1.203056249690034607e-01,-6.592618636721403469e-01
-6.867703934420479328e-01,1.292598538271224340e-01,-7.152889743873070971e-01
-6.265750089960058222e-01,1.506064479540980272e-01,-7.646708154077184183e-01
-5.626670434827517608e-01,1.864327063363379056e-01,-8.053872634866333646e-01
-4.965351103160382529e-01,2.393183412259896614e-01,-8.343737866066265330e-01
-4.304190582757408956e-01,3.122693191654739575e-01,-8.468927361720347546e-01
-3.677457456365717525e-01,4.082552398921728831e-01,-8.355182377822678585e-01
-3.137446423688873276e-01,5.286084936295059045e-01,-7.887568445646374604e-01
-2.760430545838601923e-01,6.687638451375668147e-01,-6.903297411040817400e-01
-2.641727851562973850e-01,8.101644107582859355e-01,-5.233033222935282724e-01
-2.856194632497104924e-01,9.145680920050522911e-01,-2.863332451867676709e-01
-3.386178960398299465e-01,9.408108380271341664e-01,-1.459066592861237889e-02
-4.108659862603306068e-01,8.814662458795599065e-01,2.328226765358585859e-01
-4.886073037901877969e-01,7.662199936382548815e-01,4.173365836251069494e-01
-5.634495573583290229e-01,6.291727686252930329e-01,5.354121996490989188e-01
-6.316215010966815813e-01,4.904692558524039736e-01,6.004116824446070755e-01
-6.915082152116494019e-01,3.583972354287406903e-01,6.271904096299903975e-01
-7.423577983577466233e-01,2.353816691656112625e-01,6.272960776525307036e-01
-7.838503801361867973e-01,1.216077398966211170e-01,6.089253970377578318e-01
-8.159743296628929610e-01,1.657142402974112402e-02,5.778505699891789416e-01
-8.389722305104129196e-01,-8.037310360315982893e-02,5.382060577971772286e-01
-8.532877096785252968e-01,-1.698588461206544387e-01,4.929990435144234184e-01
-8.595020035217683096e-01,-2.524810676104627949e-01,4.444205400747665013e-01
-8.582658580897427614e-01,-3.288025778048697112e-01,3.940413451230090347e-01
-8.502354839066581516e-01,-3.993571367829173990e-01,3.429482456677113711e-01
-8.360195211272518634e-01,-4.646447353435259053e-01,2.918503558533128706e-01
-8.161405399800497618e-01,-5.251210505255983207e-01,2.411690305490419017e-01
-7.910112546446462778e-01,-5.811848534932263499e-01,1.911160932406263946e-01
-7.609233620122082264e-01,-6.331660721080679677e-01,1.417616389411428535e-01
-7.260460245036054472e-01,-6.813156658500588714e-01,9.309207146583919901e-02
-6.864312645461326801e-01,-7.257973234716436073e-01,4.505956385713933560e-02
-6.420244695650824118e-01,-7.666804671134512805e-01,-2.375252907460352093e-03
-5.926793880853407082e-01,-8.039340637005679691e-01,-4.920532654781654969e-02
-5.381781271939203304e-01,-8.374211472894100838e-01,-9.534214955900943700e-02
-4.782575523624094660e-01,-8.668946041079284015e-01,-1.405825699611270296e-01
-4.126440062587849456e-01,-8.919955613593453236e-01,-1.845774704938996369e-01
-3.410982596209204409e-01,-9.122565564078823908e-01,-2.268037754853549637e-01
-2.634719070695347720e-01,-9.271124183901769955e-01,-2.665429005842391841e-01
-1.797748362138316125e-01,-9.359222760050960321e-01,-3.028704368896557031e-01
-9.025080186964999640e-02,-9.380060377914084535e-01,-3.346632125417253190e-01
4.545412882600158300e-03,-9.326977359612558249e-01,-3.606303821844109581e-01
1.036798689431224635e-01,-9.194159545020267332e-01,-3.793742049521344195e-01
2.057947395604520224e-01,-8.977480105769712893e-01,-3.894830351560076842e-01
3.091032426041355752e-01,-8.675398553673366875e-01,-3.896534162057733175e-01
4.114387304448792193e-01,-8.289786975353007348e-01,-3.788304239664260775e-01
5.103654434216662317e-01,-7.826518027742226380e-01,-3.563471197796684309e-01
6.033461225306033793e-01,-7.295649359256668465e-01,-3.220379802058504493e-01
6.879464474620707870e-01,-6.711091827854447356e-01,-2.763008327989051049e-01
7.620431036183392681e-01,-6.089753502964312393e-01,-2.200893703909122534e-01
8.239970211046597770e-01,-5.450281291300483888e-01,-1.548329669923248220e-01
8.727594985185316290e-01,-4.811630829421256750e-01,-8.229790616601552478e-02
9.078952151734782650e-01,-4.191739019186565551e-01,-4.417942438732640718e-03
9.295265559729056770e-01,-3.606535413101319421e-01,7.687265366571845171e-02
9.382207145697810668e-01,-3.069428098701452723e-01,1.597748485250077288e-01
9.348495562973963002e-01,-2.591279954220770398e-01,2.427117407112750480e-01
9.204514495060980295e-01,-2.180794387671122214e-01,3.243616615587365248e-01
8.961170523320997061e-01,-1.845178900660496835e-01,4.036426349696004001e-01
8.629115095547005287e-01,-1.590950194636181481e-01,4.796587343725734476e-01
8.218370465238915568e-01,-1.424771744067145907e-01,5.516195461855620819e-01
7.738343067731844327e-01,-1.354255734709056413e-01,6.187409633367920714e-01
7.198183616402976659e-01,-1.388700591685554653e-01,6.801298647405505937e-01
6.607458786242518256e-01,-1.539759550128502463e-01,7.346470507386158033e-01
5.977133125898385080e-01,-1.822024672465786255e-01,7.807311040826677706e-01
5.320925235292187638e-01,-2.253416396798780530e-01,8.161486946817300137e-01
4.657205956471536790e-01,-2.854967766273365792e-01,8.376132265702717072e-01
4.011736971150698383e-01,-3.648786397988534325e-01,8.401923844939115371e-01
3.421584388753958761e-01,-4.651050048881416044e-01,8.164587785885786264e-01
2.939939915764280820e-01,-5.853137875391619671e-01,7.556290776786714902e-01
2.638688307134522959e-01,-7.180577675117639780e-01,6.440235109791699886e-01
2.598065005844482078e-01,-8.432932480340067372e-01,4.704860041216084032e-01
2.867692469230707641e-01,-9.273805115611607475e-01,2.402681539358361429e-01
3.413795081122765196e-01,-9.398371826407012630e-01,-1.288803968838026469e-02
4.123109696494388632e-01,-8.785325796283167676e-01,-2.412056608754337972e-01
4.876729725135641180e-01,-7.683661361806356505e-01,-4.144738262551997954e-01
5.600822173577386653e-01,-6.374703894439720520e-01,-5.290930091976169258e-01
6.261425081442021368e-01,-5.035721893362083978e-01,-5.952819580854318282e-01
6.844433590933348688e-01,-3.747368555719074457e-01,-6.253875416644558705e-01
7.343715845780821594e-01,-2.537339478086913513e-01,-6.295374964953978081e-01
7.756634414563401414e-01,-1.410666493340366479e-01,-6.151799948257216100e-01
8.082726417488670378e-01,-3.643458701521881671e-02,-5.876800638692264434e-01
8.323318226338654036e-01,6.067824136367474391e-02,-5.509463567862115108e-01
8.481277997964279391e-01,1.508047518974286461e-01,-5.078751441226723173e-01
8.560688036294944459e-01,2.344464089359113157e-01,-4.606311808697078902e-01
8.566420013629659769e-01,3.120723521427408720e-01,-4.108227458758207939e-01
8.503661319656048434e-01,3.841259073844663918e-01,-3.596174757737949368e-01
8.377454615825967732e-01,4.510256032260197556e-01,-3.078285997635159532e-01
8.192302628136094444e-01,5.131590231226288434e-01,-2.559874869562451805e-01
7.951869313696507957e-01,5.708717302075815292e-01,-2.044094220644451232e-01
7.658786665534503824e-01,6.244540674577739869e-01,-1.532546434981682526e-01
7.314560706753830965e-01,6.741278667371847222e-01,-1.025847745062668515e-01
6.919563731774117654e-01,7.200340873212893733e-01,-5.241460401987555612e-02
6.473101823548107481e-01,7.622216948707669637e-01,-2.759653622663650174e-03
5.973554154640292602e-01,8.006378706712203863e-01,4.631962502926065955e-02
5.418589998193408253e-01,8.351198928699727908e-01,9.467623169322170185e-02
4.805477428757202740e-01,8.653896434622124767e-01,1.420374310011109642e-01
4.131501383261050875e-01,8.910525196555771910e-01,1.879690677121305664e-01
3.394505331726372366e-01,9.116033795406334184e-01,2.318460996844845801e-01
2.593557811486346121e-01,9.264427951671605488e-01,2.728338799849470142e-01
1.729721065031903371e-01,9.349070241934598346e-01,3.098862799247142363e-01
8.068645668022447759e-02,9.363144156964489095e-01,3.417674804123526644e-01
-1.675746639948342415e-02,9.300291408721225173e-01,3.671035064508806345e-01
-1.182021984234962325e-01,9.155400387992637112e-01,3.844667445219353552e-01
-2.220546041041867869e-01,8.925481510336547020e-01,3.924914659996279753e-01
-3.263143577939353612e-01,8.610518426699088623e-01,3.900111077037244356e-01
-4.286626404308292448e-01,8.214145656743967461e-01,3.762000159447255188e-01
-5.266102340445584229e-01,7.743991366101393714e-01,3.506959347027078788e-01
-6.176898903160469301e-01,7.211556372593663777e-01,3.136777745559720665e-01
-6.996639403729166817e-01,6.631583075919480486e-01,2.658785993900728561e-01
-7.707101373903481045e-01,6.020985100090741060e-01,2.085264212722310329e-01
-8.295510790975151316e-01,5.397522231541183046e-01,1.432220121641051003e-01
-8.755055969080945966e-01,4.778471548347546505e-01,7.177775699289434819e-02
-9.084597030495652481e-01,4.179537757182872348e-01,-3.950860402958745847e-03
-9.287728612877641510e-01,3.614170084638553271e-01,-8.221142334479436542e-02
-9.371464795385643365e-01,3.093344151544665799e-01,-1.614580301177966082e-01
-9.344835174860375293e-01,2.625767040702092214e-01,-2.404038893748358108e-01
-9.217628399043723553e-01,2.218400738428022712e-01,-3.180255471009308943e-01
-8.999432943845281363e-01,1.877180141617424414e-01,-3.935276534774836965e-01
-8.699040615765722961e-01,1.607816993015060703e-01,-4.662790675360661274e-01
-8.324217433878854377e-01,1.416614306218156871e-01,-5.357294841701861765e-01
-7.881815107448797431e-01,1.311252983680856188e-01,-6.013119508606156183e-01
-7.378190987357274855e-01,1.301544358841483229e-01,-6.623313372931090015e-01
-6.819919941505425687e-01,1.400162802477938062e-01,-7.178317081183704929e-01
-6.214816944472363325e-01,1.623369095428955911e-01,-7.664249677998843380e-01
-5.573351203984132640e-01,1.991670716609279523e-01,-8.060459299174564940e-01
-4.910637507456885320e-01,2.530129899880800282e-01,-8.335711245004039371e-01
-4.249351949954474073e-01,3.267326950213084724e-01,-8.442012947504248244e-01
-3.624078085163703333e-01,4.230095069118273154e-01,-8.304959586828670748e-01
-3.087313507212505748e-01,5.426779111493041929e-01,-7.811438009947081484e-01
-2.714940588690059053e-01,6.805212555030482058e-01,-6.805746078185607173e-01
-2.600569690714754634e-01,8.177851604609691627e-01,-5.134177676777310628e-01
-2.816756958274407863e-01,9.177668501050534333e-01,-2.799335836022102675e-01
-3.346815039170157324e-01,9.422227956762173617e-01,-1.430014838866731051e-02
-4.072291462444317944e-01,8.844169704494277973e-01,2.279715877693689052e-01
-4.857314236306057853e-01,7.718654828344655439e-01,4.102300092710216006e-01
-5.615694765397492016e-01,6.368901768988143308e-01,5.282145639687237937e-01
-6.307293902158057630e-01,4.992749293277257694e-01,5.940580621982939347e-01
-6.914849128452972282e-01,3.675626592072804288e-01,6.218893043490972827e-01
-7.430631854090483657e-01,2.444829346913581225e-01,6.229648442203293834e-01
-7.851598709895200034e-01,1.304301399417850116e-01,6.054023088678195386e-01
-8.177877551558858649e-01,2.502136702462728901e-02,5.749757548882522551e-01
-8.412124707417449887e-01,-7.232485042196414027e-02,5.358457754615681967e-01
-8.558966083129158076e-01,-1.622097823633081581e-01,4.910488594672582918e-01
-8.624362497734713306e-01,-2.452148289017840599e-01,4.428017646344008518e-01
-8.614936000317627851e-01,-3.218984444136802625e-01,3.926960256844544417e-01
-8.537337611086275313e-01,-3.927949488751580343e-01,3.418344530346216215e-01
-8.397723975204182123e-01,-4.584073339782995249e-01,2.909382005129550475e-01
-8.201377732775092522e-01,-5.191954256180193461e-01,2.404373990475115741e-01
-7.952473432023221545e-01,-5.755626578781132263e-01,1.905499671632874537e-01
-7.653968245988613806e-01,-6.278438686857971129e-01,1.413498406353233261e-01
-7.307587797482387737e-01,-6.762951055176987802e-01,9.282529867266586798e-02
-6.913879814544902080e-01,-7.210853483794084084e-01,4.492860394929448775e-02
-6.472317593224068411e-01,-7.622895641384785925e-01,-2.381203475244833209e-03
-5.981447037444084236e-01,-7.998825393717602372e-01,-4.910027078029506609e-02
-5.439082383898102835e-01,-8.337333468963623595e-01,-9.514480797543846402e-02
-4.842564757469149384e-01,-8.636009502667409965e-01,-1.403177265906183913e-01
-4.189103119302485245e-01,-8.891322408108368602e-01,-1.842769896357163151e-01
-3.476217529572365184e-01,-9.098646452043566146e-01,-2.265070512767499156e-01
-2.702298186563535931e-01,-9.252362173719784755e-01,-2.662964272613269623e-01
-1.867278456749716653e-01,-9.346066510672434990e-01,-3.027261459313608238e-01
-9.733946739195242781e-02,-9.372926476135765572e-01,-3.346752467951322751e-01
-2.597013864825058801e-03,-9.326202083729339121e-01,-3.608501107848123834e-01
9.658808468234589273e-02,-9.199943527539433674e-01,-3.798435635867070670e-01
1.988772260882955278e-01,-8.989832913106464707e-01,-3.902267172909903437e-01
3.024954498942767911e-01,-8.694093844775830915e-01,-3.906709932610418767e-01
4.052763322626594666e-01,-8.314341161562904814e-01,-3.800899959208801082e-01
5.047695534683307450e-01,-7.856204436473526176e-01,-3.577823590043521240e-01
5.984075523866331237e-01,-7.329554452220790051e-01,-3.235501762724647401e-01
6.837121182095673433e-01,-6.748210351244164906e-01,-2.777666466064592776e-01
7.585077772921920980e-01,-6.129108211891910463e-01,-2.213736141830140447e-01
8.211025011492034675e-01,-5.491044532298993142e-01,-1.558043069032940264e-01
8.704016225626023395e-01,-4.853223685224800632e-01,-8.284451733288758501e-02
9.059370077212589578e-01,-4.233889990075092591e-01,-4.460219778300098491e-03
9.278145827348629471e-01,-3.649292020406925130e-01,7.737426938249947206e-02
9.366013933150294513e-01,-3.113126601666172388e-01,1.608174669006129098e-01
9.331828411986842209e-01,-2.636486359583520289e-01,2.442522909813781284e-01
9.186204686886008108e-01,-2.228232418003442683e-01,3.263222907187321997e-01
8.940334429460441434e-01,-1.895658359532741699e-01,4.059174752746905201e-01
8.605170360073152169e-01,-1.645304316682022483e-01,4.821204909524794413e-01
8.191025137526495303e-01,-1.483806583005948809e-01,5.541247623111354992e-01
7.707568701629585739e-01,-1.418709420271046517e-01,6.211332247633694070e-01
7.164182302965333982e-01,-1.459205184811510347e-01,6.822405159362606719e-01
6.570632426132426707e-01,-1.616791914241053896e-01,7.362932393191033986e-01
5.938061702626001859e-01,-1.905822764159359473e-01,7.817113457499409446e-01
5.280359282986717417e-01,-2.343819920516276856e-01,8.162371838060741291e-01
4.616074951219940603e-01,-2.951113497497721005e-01,8.365571180117146177e-01
3.971164259176253042e-01,-3.748553606120794690e-01,8.377243000455454336e-01
3.382866528108637860e-01,-4.750162386402645431e-01,8.123556570604266724e-01
2.904373494268439049e-01,-5.944104345875733664e-01,7.498815781917312906e-01
2.607045038450370722e-01,-7.252750339845023264e-01,6.371885802128691711e-01
2.569756989919592671e-01,-8.476947537577734781e-01,4.640873781726258529e-01
2.840785873454180765e-01,-9.291756740598939857e-01,2.364993085553812602e-01
3.387260174889949460e-01,-9.407986668683508968e-01,-1.274964684916947422e-02
4.098672552967347893e-01,-8.805726923117378480e-01,-2.379087358429250454e-01
4.857146389678761444e-01,-7.721328107075978719e-01,-4.097465217925473913e-01
5.587631269514650167e-01,-6.425996919096247373e-01,-5.242608166905822209e-01
6.254709115023735500e-01,-5.094566677560254941e-01,-5.909653480055465646e-01
6.843513364481865757e-01,-3.808984237345335866e-01,-6.217552887576659471e-01
7.347710435242270632e-01,-2.598774855849599885e-01,-6.265582224217932650e-01
7.764721986856525371e-01,-1.470331509295020878e-01,-6.127578454789549545e-01
8.094225350055649360e-01,-4.214882692641445244e-02,-5.857120762062978381e-01
8.337691519110002059e-01,5.524439526050551469e-02,-5.493423869627324096e-01
8.498112678039563272e-01,1.456546848603883226e-01,-5.065624560620866079e-01
8.579670598855715369e-01,2.295715975133156006e-01,-4.595534852076443300e-01
8.587315038507984388e-01,3.074595248025472904e-01,-4.099376109877431729e-01
8.526294846502241453e-01,3.797609578320486623e-01,-3.588935452353219091e-01
8.401701870490106971e-01,4.468956864324215572e-01,-3.072430670367108374e-01
8.218079118966334917e-01,5.092536547499301181e-01,-2.555239148649961489e-01
7.979124252683469365e-01,5.671833578284418698e-01,-2.040558752029415501e-01
7.687497749279782466e-01,6.209783813862385093e-01,-1.530020699177305488e-01
7.344729370462039775e-01,6.708640001339087888e-01,-1.024255733254824108e-01
6.951210021172582465e-01,7.169847823048312030e-01,-5.234132553530165821e-02
6.506258025620681451e-01,7.593934595850964087e-01,-2.763798082942943348e-03
6.008256317389385481e-01,7.980411119114744212e-01,4.624871830227018227e-02
5.454866521025077963e-01,8.327689718990293199e-01,9.455237606867102074e-02
4.843334081324704443e-01,8.633027692871294567e-01,1.418783926747100854e-01
4.170902515123243726e-01,8.892513648022182249e-01,1.877970508042613451e-01
3.435351733934121077e-01,9.101122857531610544e-01,2.316877466822855058e-01
2.635662748043584025e-01,9.252874394608106012e-01,2.727195870519938392e-01
1.772787354590492359e-01,9.341124529049372738e-01,3.098486328547566671e-01
8.504671073125925906e-02,9.359024380954176214e-01,3.418386803169683463e-01
-1.239952554416605748e-02,9.300152128389755912e-01,3.673117962363237621e-01
-1.139148457441738760e-01,9.159299553157612683e-01,3.848320736039924639e-01
-2.179151219901388215e-01,8.933350734072964539e-01,3.930209233977282057e-01
-3.224032793391108376e-01,8.622143485205558955e-01,3.906949483633754272e-01
-4.250559232654915753e-01,8.229164337995295009e-01,3.770092904420063729e-01
-5.233703965395143376e-01,7.761913769546948672e-01,3.515826707436623400e-01
-6.148577200379102825e-01,7.231808243474444620e-01,3.145782564099640632e-01
-6.972525817721731967e-01,6.653566712570990749e-01,2.667195853808111417e-01
-7.687029896037030907e-01,6.044146947320405694e-01,2.092333399970074392e-01
-8.279040370111968583e-01,5.421413860105382954e-01,1.437276002552591025e-01
-8.741530685257318245e-01,4.802792562619426775e-01,7.202949945350385630e-02
-9.073229650488634501e-01,4.204154506892656684e-01,-3.985714074132010870e-03
-9.277689742663594030e-01,3.639110568463481687e-01,-8.254376471739842402e-02
-9.361962059789793456e-01,3.118774680701784652e-01,-1.620774778329779342e-01
-9.335172639161083419e-01,2.651958666626678118e-01,-2.412813094203931918e-01
-9.207242980178413916e-01,2.245693160369675034e-01,-3.191165764015432282e-01
-8.987909704344512196e-01,1.905948769694412459e-01,-3.947763725687000735e-01
-8.686111740965463124e-01,1.638446195230173208e-01,-4.676211809659363561e-01
-8.309750571305958289e-01,1.449477393083453414e-01,-5.370945980888309768e-01
-7.865796321268037072e-01,1.346697413128236653e-01,-6.026247116556036065e-01
-7.360706626576574152e-01,1.339878692074618904e-01,-6.635112888866031566e-01
-6.801140814200121731e-01,1.441639350904212746e-01,-7.187917612726637540e-01
-6.194987642293976471e-01,1.668151627125857295e-01,-7.670684341096449810e-01
-5.552787190198446021e-01,2.039767820961511657e-01,-8.062623745217060156e-01
-4.889731998084534959e-01,2.581258427409857115e-01,-8.332324160630922849e-01
-4.228591313790027728e-01,3.320644571092855046e-01,-8.431627075091205903e-01
-3.604051656066083464e-01,4.283721677343397261e-01,-8.286165594016667857e-01
-3.068666879192510355e-01,5.477109784558535921e-01,-7.783607903308081832e-01
-2.698157230986781285e-01,6.846542658127113823e-01,-6.770878908038413524e-01
-2.585513754877109549e-01,8.204192677394439581e-01,-5.099641275180905042e-01
-2.802498773671826537e-01,9.188662407789122133e-01,-2.777495954857706062e-01
-3.332763006697757602e-01,9.427218656941656061e-01,-1.422643152660377393e-02
-4.059398098971848112e-01,8.854373557247255944e-01,2.263041312655232062e-01
-4.847118318844697016e-01,7.737866352367209766e-01,4.078096163165297883e-01
-5.608980780808761057e-01,6.394946926602155246e-01,5.257755072886106662e-01
-6.304012406821194459e-01,5.022249345130521681e-01,5.919158647137320317e-01
-6.914557009796640230e-01,3.706084263104241217e-01,6.201116092530701840e-01
-7.432807376576638925e-01,2.474800898232484281e-01,6.215201928884980243e-01
-7.855773183067581433e-01,1.333068505897938016e-01,6.042330349689537528e-01
-8.183669570144145311e-01,2.774776519557163590e-02,5.740257704960806118e-01
-8.419236910346967750e-01,-6.975646029193535713e-02,5.350687196258551159e-01
-8.567171212571151884e-01,-1.597963118904731916e-01,4.904089241144821143e-01
-8.633488602624098673e-01,-2.429486197050306773e-01,4.422722167025851525e-01
-8.624853786253584564e-01,-3.197705355965242968e-01,3.922572831978827224e-01
-8.547950478312527078e-01,-3.907967192768516673e-01,3.414723274375481843e-01
-8.408960494164701149e-01,-4.565312680545896007e-01,2.906424527907819910e-01
-8.213186086923492946e-01,-5.174354222715215057e-01,2.402005969900074256e-01
-7.964817325344573096e-01,-5.739141165084038487e-01,1.903665848075429268e-01
-7.666823795100091710e-01,-6.263036812410446297e-01,1.412155367259081973e-01
-7.320940963787768707e-01,-6.748616220704839463e-01,9.273632030514020186e-02
-6.927723966230613373e-01,-7.197583466810147934e-01,4.488127516182767451e-02
-6.486650815306561624e-01,-7.610702302905180128e-01,-2.390934621686204194e-03
-5.996268838755298702e-01,-7.987734502574902473e-01,-4.907723807903918017e-02
-5.454389490643620775e-01,-8.327384326057984953e-01,-9.509498254273082707e-02
-4.858345763914452276e-01,-8.627254037856552094e-01,-1.402485010451924585e-01
-4.205331902366445940e-01,-8.883823337954155352e-01,-1.841973531557959676e-01
-3.492845570028118019e-01,-9.092474032064835621e-01,-2.264275999113532778e-01
-2.719246278086780433e-01,-9.247589095024424388e-01,-2.662291420693181920e-01
-1.884428744763844699e-01,-9.342760613325982177e-01,-3.026838685492255210e-01
-9.905844854945887457e-02,-9.371141235277404835e-01,-3.346707983314482493e-01
-4.298955568082953212e-03,-9.325965301247886030e-01,-3.608950415013038593e-01
9.492854647054441153e-02,-9.201245328247320554e-01,-3.799465951407619557e-01
1.972886820300648325e-01,-8.992614909119958089e-01,-3.903920425746077449e-01
3.010076784936708827e-01,-8.698241981487853103e-01,-3.908967150062448992e-01
4.039174521218034664e-01,-8.319684964904419111e-01,-3.803670762814048700e-01
5.035627013937323815e-01,-7.862524777185193603e-01,-3.580944666516585606e-01
5.973676637564908631e-01,-7.336600361485614563e-01,-3.238747067256159129e-01
6.828435168021074197e-01,-6.755723082076217079e-01,-2.780769460857122066e-01
7.578031988421067844e-01,-6.136848414521772765e-01,-2.216421151236527831e-01
8.205438662860119470e-01,-5.498817067754646626e-01,-1.560060000580271722e-01
8.699624279436295460e-01,-4.860894990673931271e-01,-8.296006788109507035e-02
9.055857969182268263e-01,-4.241394943892613512e-01,-4.478137916793060828e-03
9.275187435284569792e-01,-3.656630117437713046e-01,7.745671207756606169e-02
9.363305656728545534e-01,-3.120349763578105229e-01,1.609945505789960873e-01
9.329114493989656420e-01,-2.643682066070288106e-01,2.445111018250590018e-01
9.183291904943722272e-01,-2.235505869920065003e-01,3.266445054512327473e-01
8.937096856680166734e-01,-1.903116465267734314e-01,4.062812756446492757e-01
8.601546449200969668e-01,-1.653042991293472153e-01,4.825023062242678740e-01
8.187009905655249220e-01,-1.491901637206333731e-01,5.545006610420214477e-01
7.703203570770436048e-01,-1.427210402891670726e-01,6.214798887586578946e-01
7.159544574620142487e-01,-1.468130923003903299e-01,6.825358091481134037e-01
6.565825713421066245e-01,-1.626126019556701219e-01,7.365164415646090479e-01
5.933208064439369211e-01,-1.915506831512083785e-01,7.818431789208252214e-01
5.275593285805687538e-01,-2.353741367481297364e-01,8.162598670629913622e-01
4.611539238754060466e-01,-2.961084065499192119e-01,8.364549420409829183e-01
3.967004959099226791e-01,-3.758274713200106532e-01,8.374857779962762150e-01
3.379224148756749813e-01,-4.759179875439794594e-01,8.119793782213194921e-01
2.901360419411486147e-01,-5.951782774605360871e-01,7.493890146017843090e-01
2.604699668093258813e-01,-7.258369368246571085e-01,6.366444357185156999e-01
2.567990791525283645e-01,-8.480091351855630899e-01,4.636105473220460405e-01
2.839409042481260692e-01,-9.292892355039260588e-01,2.362182881812604218e-01
3.386137937026904576e-01,-9.408383984619793639e-01,-1.279869890925196263e-02
4.097810204773423282e-01,-8.806396324294483158e-01,-2.378094889845108195e-01
4.856574031913610257e-01,-7.722418932865505736e-01,-4.096087706319622712e-01
5.587308352409431356e-01,-6.427193327131732747e-01,-5.241485601503561575e-01
6.254543504902816409e-01,-5.095550287776489107e-01,-5.908980691288384657e-01
6.843406442817453472e-01,-3.809574263969153773e-01,-6.217309079152205653e-01
7.347579852913446175e-01,-2.598903351203817880e-01,-6.265682059932660142e-01
7.764505505499503801e-01,-1.469993267950014115e-01,-6.127933913420536838e-01
8.093876958662559185e-01,-4.207058899945148589e-02,-5.857658434234217504e-01
8.337176002597135316e-01,5.536387081919875303e-02,-5.494085955143944711e-01
8.497400911115932098e-01,1.458121424945302280e-01,-5.066365528254117567e-01
8.578736088495997336e-01,2.297639944418174152e-01,-4.596317853429028322e-01
8.586131614132220813e-01,3.076840642738087328e-01,-4.100170187198856064e-01
8.524835209229639776e-01,3.800150131590629421e-01,-3.589713586464856609e-01
8.399936696304515227e-01,4.471766878112581889e-01,-3.073168476652726189e-01
8.215976457466405147e-01,5.095589676732895645e-01,-2.555914062861062708e-01
7.976649044667029065e-01,5.675101604716925596e-01,-2.041149625664891720e-01
7.684611378267282022e-01,6.213235372716214844e-01,-1.530507813842526543e-01
7.341389257581080185e-01,6.712239193869831144e-01,-1.024621282694641866e-01
6.947369365327927815e-01,7.173552645907828040e-01,-5.236423761421572093e-02
6.501865878647690167e-01,7.597695155491724917e-01,-2.772039491872268190e-03
6.003258272737631573e-01,7.984167651961938672e-01,4.625548790919323944e-02
5.449206370265091692e-01,8.331370526215722272e-01,9.457352109159931908e-02
4.836956846434768420e-01,8.636547210383755946e-01,1.419119709024009857e-01
4.163759254693315537e-01,8.895771014814569666e-01,1.878394772389640477e-01
3.427406410341222731e-01,9.104001495454003834e-01,2.317335122316827867e-01
2.626901171068061203e-01,9.255243240581579878e-01,2.727611188404650555e-01
1.763227751538766208e-01,9.342841607623568745e-01,3.098764042495235072e-01
8.401712017313515968e-02,9.359943298520221333e-01,3.418416855836586277e-01
-1.349125632758469383e-02,9.300131729250393775e-01,3.672784831549544826e-01
-1.150513450519635994e-01,9.158216348323772182e-01,3.847517656550596410e-01
-2.190732773043751191e-01,8.931112816592492454e-01,3.928856547955059120e-01
-3.235553451297345506e-01,8.618703640928910836e-01,3.905014905686859938e-01
-4.261717126637845077e-01,8.224529279966464879e-01,3.767610019030097068e-01
-5.244204207088596359e-01,7.756146328500670428e-01,3.512907110249264275e-01
-6.158168374822583502e-01,7.225020301095170794e-01,3.142617367115768667e-01
-6.981034752873183091e-01,6.645902691195681999e-01,2.664044143465874592e-01
-7.694387288011327319e-01,6.035760186599292698e-01,2.089498320638849826e-01
-8.285291631724723826e-01,5.412440279416408373e-01,1.435072402014299642e-01
-8.746830114887645946e-01,4.793326698837975797e-01,7.190146726608674654e-02
-9.077820171182588993e-01,4.194232090405196067e-01,-3.997638660203893697e-03
-9.281873492916222768e-01,3.628699708587416195e-01,-8.242347277303842257e-02
-9.366068106794396275e-01,3.107775433169270296e-01,-1.618178011183688259e-01
-9.339527185563133438e-01,2.640209048957075644e-01,-2.408843732568042573e-01
-9.212145447511458363e-01,2.232978958089064936e-01,-3.185934906212835593e-01
-8.993615934486195451e-01,1.892014635136994027e-01,-3.941465849577212577e-01
-8.692823885774306758e-01,1.623006267532024760e-01,-4.669118069449887942e-01
-8.317612248151794452e-01,1.432224643054993141e-01,-5.363399953501625239e-01
-7.874891214837040909e-01,1.327312008005976096e-01,-6.018665233079967258e-01
-7.371058659987040906e-01,1.318037004583087479e-01,-6.627991602708899199e-01
-6.812714058624911306e-01,1.417027272172665664e-01,-7.181849404250508773e-01
-6.207684062388988400e-01,1.640489593698603588e-01,-7.666384576482470070e-01
-5.566440109506475276e-01,2.008862325349624611e-01,-8.060968717534415795e-01
-4.904093189048189805e-01,2.547108905485122032e-01,-8.334392972300355140e-01
-4.243311630554745806e-01,3.283658512963124054e-01,-8.438713952744436586e-01
-3.618664744844061754e-01,4.245116175205070896e-01,-8.299653855639698152e-01
-3.082616030694468323e-01,5.439532547135745855e-01,-7.804419522037266965e-01
-2.710965849290654095e-01,6.814551503309733693e-01,-6.797981463104975086e-01
-2.597185790278040973e-01,8.183060205771026663e-01,-5.127587311738773801e-01
-2.813760420041622745e-01,9.179571793779237598e-01,-2.796106933123231886e-01
-3.344201827948891093e-01,9.423146404624997974e-01,-1.436174465246218591e-02
-4.070317068353759837e-01,8.845773936325016518e-01,2.277016124339278080e-01
-4.856155253770993996e-01,7.720873512738268829e-01,4.099496109471139071e-01
-5.615274099405122010e-01,6.370945373210372686e-01,5.280128013610972948e-01
-6.307385557981297630e-01,4.994013239932503789e-01,5.939420778354385089e-01
-6.915201254551457399e-01,3.675845299621225415e-01,6.218372210016257506e-01
-7.431020856179150202e-01,2.443958928879508830e-01,6.229525968240328115e-01
-7.851841077864487595e-01,1.302404123044957895e-01,6.054117209654544807e-01
-8.177826848412733662e-01,2.473908711350158995e-02,5.749951807994473363e-01
-8.411665234028282701e-01,-7.268888898513142793e-02,5.358686455881765953e-01
-8.558006500155789231e-01,-1.626455050131017377e-01,4.910719775470245851e-01
-8.622829982595688891e-01,-2.457133334128593638e-01,4.428238799970360962e-01
-8.612770956714479453e-01,-3.224520062811093712e-01,3.927167785020689306e-01
-8.534488950853739153e-01,-3.933968143650836691e-01,3.418536674148140442e-01
-8.394145040989967610e-01,-4.590514211840016068e-01,2.909554656939506434e-01
-8.197022908406371711e-01,-5.198759954010845341e-01,2.404518741793109093e-01
-7.947295435409486020e-01,-5.762739845272304429e-01,1.905603510185284177e-01
-7.647916063965483069e-01,-6.285799192742601571e-01,1.413544617992361641e-01
-7.300605235022670225e-01,-6.770492251389502725e-01,9.282229668750406615e-02
-6.905904696603748505e-01,-7.218499424238029594e-01,4.491618680403919317e-02
-6.463281762287078624e-01,-7.630557694712835071e-01,-2.404431213371208131e-03
-5.971277421620297954e-01,-8.006398816501846261e-01,-4.913491072196130710e-02
-5.427703540827172324e-01,-8.344693925143567004e-01,-9.519020792939940356e-02
-4.829903410092882821e-01,-8.643009772113455780e-01,-1.403714760314374310e-01
-4.175095237416605043e-01,-8.897789739012003096e-01,-1.843344112973452908e-01
-3.460818431824894681e-01,-9.104381253274735908e-01,-2.265607595538255137e-01
-2.685495850295212539e-01,-9.257138988044256722e-01,-2.663360620358826703e-01
-1.849109667896728926e-01,-9.349638382999692077e-01,-3.027384274126714847e-01
-9.539627518076169987e-02,-9.375033831196991629e-01,-3.346445238170718817e-01
-5.461776821024852922e-04,-9.326586907622995692e-01,-3.607595712319952019e-01
9.871834266787607448e-02,-9.198368861607145730e-01,-3.796772203847216809e-01
2.010488719968401838e-01,-8.986106336142072326e-01,-3.899721531395177743e-01
3.046618446120858970e-01,-8.688091846292660403e-01,-3.903226372392344934e-01
4.073852718836109554e-01,-8.306029519143978135e-01,-3.796524417456113021e-01
5.067681694323928898e-01,-7.845648656680774824e-01,-3.572729964738073916e-01
6.002485822620992062e-01,-7.316914909676641710e-01,-3.230003119779559229e-01
6.853605212205867714e-01,-6.733719467298334704e-01,-2.772204489382409376e-01
7.599463341416130557e-01,-6.113031463336784377e-01,-2.208846588318649495e-01
8.223351099968474465e-01,-5.473631776579938046e-01,-1.554301084430430302e-01
8.714535162516510169e-01,-4.834660299233435321e-01,-8.263998380199560900e-02
9.068518980254640649e-01,-4.214257267495413739e-01,-4.471228157224261222e-03
9.286494728898248008e-01,-3.628543278579877684e-01,7.711610244416219895e-02
9.374202276231132780e-01,-3.091080907804228395e-01,1.602981754640784018e-01
9.340501840885482299e-01,-2.612837598061389932e-01,2.434770019236255634e-01
9.195961157995209412e-01,-2.202568871431976050e-01,3.253150587852070008e-01
8.951684414675721291e-01,-1.867487437978357367e-01,4.047201108055399343e-01
8.618511932217312044e-01,-1.614078115445249650e-01,4.807910555685136478e-01
8.206631901700036646e-01,-1.448945965707864325e-01,5.527363604690589405e-01
7.725586968473142635e-01,-1.379626913150212575e-01,6.197736326520317807e-01
7.184633257938028983e-01,-1.415330278428280908e-01,6.810131067159786999e-01
6.593414823737432373e-01,-1.567607278495699030e-01,7.353195793838676053e-01
5.962950500675074927e-01,-1.850928245405041028e-01,7.811356217511827849e-01
5.306995721769754981e-01,-2.283056176499402012e-01,8.162318966082215965e-01
4.643945223744265216e-01,-2.884802570499701013e-01,8.373272173296478771e-01
3.999571461429560770e-01,-3.677947996928909169e-01,8.395006054602034418e-01
3.410925476822960212e-01,-4.678199960875616403e-01,8.153528838338859330e-01
2.931119031604327851e-01,-5.876370291135981638e-01,7.541671792382728112e-01
2.631821864492303598e-01,-7.197676871832734413e-01,6.423936590772388877e-01
2.592894178009605977e-01,-8.442540224363395129e-01,4.690459928583758931e-01
2.863657540200456597e-01,-9.277257375831707842e-01,2.394151431098132388e-01
3.410510026797796135e-01,-9.399543800896967838e-01,-1.303751975302992576e-02
4.120609510163337763e-01,-8.787314423793480822e-01,-2.409083328185744888e-01
4.875102543414268630e-01,-7.686894986417508457e-01,-4.140654617205485888e-01
5.599929367399535396e-01,-6.378205746929920261e-01,-5.287653783103276606e-01
6.260976716892461269e-01,-5.038537880642733890e-01,-5.950908046328621248e-01
6.844129143649467784e-01,-3.748973435025987344e-01,-6.253246712589985989e-01
7.343309701020357405e-01,-2.537546974423178225e-01,-6.295765083569755394e-01
7.755943954880679669e-01,-1.409473643752220950e-01,-6.152943800841811361e-01
8.081618313902236839e-01,-3.618281768228288203e-02,-5.878479888445398149e-01
8.321691219063431788e-01,6.105255435808826930e-02,-5.511507399541237806e-01
8.479048454731606954e-01,1.512916564262707653e-01,-5.081025563003305212e-01
8.557779526587072638e-01,2.350367236166906459e-01,-4.608707349081764826e-01
8.562756422129526035e-01,3.127577042400149221e-01,-4.110652539333757294e-01
8.499162564156597099e-01,3.848984664947707190e-01,-3.598548701495710711e-01
8.372034023067348452e-01,4.518777174029850463e-01,-3.080535532674400501e-01
8.185865187745389182e-01,5.140828390788310109e-01,-2.561931807157057372e-01
7.944310278813340176e-01,5.718588149035599422e-01,-2.045894370599392886e-01
7.649990250711491413e-01,6.254950187035325238e-01,-1.534029765593193095e-01
7.304398919714429894e-01,6.752118902609437479e-01,-1.026959953795181790e-01
6.907895653165238015e-01,7.211485198610481095e-01,-5.248417620604996919e-02
6.459773920147324766e-01,7.633514628928230739e-01,-2.784439841653380335e-03
5.958402472189820998e-01,8.017648923713944775e-01,4.634066415912222597e-02
5.401445314496365890e-01,8.362224570178062866e-01,9.474116066502392963e-02
4.786174593468415228e-01,8.664418339276785952e-01,1.421403392018447120e-01
4.109894037025676461e-01,8.920237970372100200e-01,1.880990578485866316e-01
3.370486833482242428e-01,9.124584768872806562e-01,2.319864500564035037e-01
2.567088366751988926e-01,9.271421219667284053e-01,2.729616435470343938e-01
1.700859609528691530e-01,9.354077849419440982e-01,3.099726467879784786e-01
7.758019414979661077e-02,9.365726133733803804e-01,3.417792465241802358e-01
-2.004870865815600728e-02,9.300025281734286553e-01,3.670059221213892720e-01
-1.216256206425884445e-01,9.151918857087246728e-01,3.842278240005713719e-01
-2.255402852547818693e-01,8.918514251152223071e-01,3.920875096800949811e-01
-3.297787113302056983e-01,8.599930996670996919e-01,3.894327542443789536e-01
-4.320150952899242669e-01,8.199966252346583273e-01,3.754577100625435815e-01
-5.297626872471649095e-01,7.726416073288336905e-01,3.498234437898338212e-01
-6.205675830190291453e-01,7.190926617705811763e-01,3.127325034172512286e-01
-7.022157130711288442e-01,6.608335141686340064e-01,2.649380283529336744e-01
-7.729158793552961537e-01,5.995579045794281470e-01,2.076809150999547049e-01
-8.314247563639388661e-01,5.370363476771304878e-01,1.425651983436806436e-01
-8.770933569464476331e-01,4.749840166509798900e-01,7.139626829543223308e-02
-9.098337709554465969e-01,4.149537531912295130e-01,-3.986469804759825916e-03
-9.300228059086879107e-01,3.582703124766815073e-01,-8.185330590508793636e-02
-9.383696918526134301e-01,3.060110110213480894e-01,-1.606847302830098911e-01
-9.357764609673088207e-01,2.590281077343459248e-01,-2.392213504331563156e-01
-9.232140448960296508e-01,2.180022338858389752e-01,-3.164661961845143812e-01
-9.016284447318332340e-01,1.835145444841257967e-01,-3.916485153977217748e-01
-8.718830393350830432e-01,1.561269415532409721e-01,-4.641598257508386394e-01
-8.347372139079753950e-01,1.364631088113525681e-01,-5.334712772499490274e-01
-7.908585178595508580e-01,1.252868428289004021e-01,-5.990375712281834630e-01
-7.408651263828381905e-01,1.235774375729043473e-01,-6.601874593118656209e-01
-6.853969637855240604e-01,1.326041301134051886e-01,-7.159938175085399648e-01
-6.252173460607018951e-01,1.540017868292154757e-01,-7.651056919395001765e-01
-5.613531563678586522e-01,1.898446577794613011e-01,-8.055070699555911817e-01
-4.952921111971678170e-01,2.426936238757505249e-01,-8.341375962728859728e-01
-4.292723859849776336e-01,3.155253192319248945e-01,-8.462676831560781432e-01
-3.667179671907259131e-01,4.112638229706826465e-01,-8.344938588480088626e-01
-3.128517565108223097e-01,5.311800710323546504e-01,-7.873826963974734916e-01
-2.752853506847841580e-01,6.706627243254205117e-01,-6.887884188186969014e-01
-2.635237962463239936e-01,8.112301441522596912e-01,-5.219778367235815564e-01
-2.850399421702862757e-01,9.149534158100788295e-01,-2.856789776392877345e-01
-3.381115732614202174e-01,9.409909551558958141e-01,-1.471687268009339543e-02
-4.104886302151620758e-01,8.817848552233173987e-01,2.322811950263580227e-01
-4.883934445625877085e-01,7.666559440761049338e-01,4.167859243317447171e-01
-5.633800010350443754e-01,6.295628332458729215e-01,5.350267408543077918e-01
-6.316485359123719112e-01,4.906942558667792276e-01,6.001993621615278052e-01
-6.915808956015065956e-01,3.584081501674178383e-01,6.271040286368665395e-01
-7.424319234250226218e-01,2.351731565897191845e-01,6.272865577222651590e-01
-7.838901412835115323e-01,1.211944353324124618e-01,6.089566119543936562e-01
-8.159513539213838484e-01,1.597478861205803985e-02,5.778998132571602220e-01
-8.388641827200248313e-01,-8.113091292058989545e-02,5.382607712978315639e-01
-8.530769866133379731e-01,-1.707574650576201558e-01,4.930532862052561804e-01
-8.591745723705190851e-01,-2.535026618047896974e-01,4.444721078423504168e-01
-8.578102154279203528e-01,-3.299317537069716422e-01,3.940896753320836110e-01
-8.496417294246434437e-01,-4.005804709350581638e-01,3.429930289754414829e-01
-8.352785566771272485e-01,-4.659501440120895066e-01,2.918907262152879989e-01
-8.152434031657063151e-01,-5.264971129265225702e-01,2.412031999680649408e-01
-7.899485864609980812e-01,-5.826201411655824725e-01,1.911413138399644940e-01
-7.596850014459964884e-01,-6.346484989282945577e-01,1.417744031412548067e-01
-7.246207259402710488e-01,-6.828318504929417054e-01,9.308849279142686339e-02
-6.848065472236275486e-01,-7.273319460457304819e-01,4.503590946105154313e-02
-6.401866298276948086e-01,-7.682156034916480802e-01,-2.421888069455992686e-03
-5.906137314196521215e-01,-8.054484934663037610e-01,-4.927620755919224355e-02
-5.358695034224590925e-01,-8.388896542510527743e-01,-9.543596435472322115e-02
-4.756912982735248541e-01,-8.682873215698332370e-01,-1.406944062425131703e-01
-4.098074065648386610e-01,-8.932774572141299885e-01,-1.846977908846210714e-01
-3.379826177084346850e-01,-9.133872022657428813e-01,-2.269175375860421062e-01
-2.600752562627086650e-01,-9.280462349079598994e-01,-2.666290437162575633e-01
-1.761052051409650043e-01,-9.366094789518570884e-01,-3.029020314553691473e-01
-8.632976422613221346e-02,-9.383945040456472819e-01,-3.346086170223119272e-01
8.679415947704232151e-03,-9.327359367047579619e-01,-3.604557394719974939e-01
1.079692090231548635e-01,-9.190569358623524865e-01,-3.790474885106323022e-01
2.101622609603359670e-01,-8.969541272127602438e-01,-3.889795852535644083e-01
3.134548945163181388e-01,-8.662876070853079424e-01,-3.889624800853866970e-01
4.156698533380572269e-01,-8.272626733154541112e-01,-3.779616943089418868e-01
5.143706812684759599e-01,-7.804865545141015382e-01,-3.553358136666081579e-01
6.070319095718652580e-01,-7.269837554027502868e-01,-3.209468494035245811e-01
6.912439867633941581e-01,-6.681593256788121993e-01,-2.752178523858570536e-01
7.649191625322599997e-01,-6.057101393986792370e-01,-2.191207471249095318e-01
8.264600816075716727e-01,-5.414972730199955064e-01,-1.540922996814384216e-01
8.748598557642094375e-01,-4.774030886363897497e-01,-8.189336806275540614e-02
9.097191408069398300e-01,-4.152004009031044496e-01,-4.439812989778814910e-03
9.311860363759337789e-01,-3.564567303363234685e-01,7.636206555886250469e-02
9.398410476299625671e-01,-3.024863206174782659e-01,1.587476961379738483e-01
9.365570933107454366e-01,-2.543507075716334720e-01,2.411773797998830737e-01
9.223631891097191504e-01,-2.128992790948482094e-01,3.223663201022125002e-01
8.983329748699040440e-01,-1.788365702923492284e-01,4.012671770621885625e-01
8.655097860583876868e-01,-1.528028736986495606e-01,4.770158194720573452e-01
8.248717255204220944e-01,-1.354576426617240814e-01,5.488514038257440442e-01
7.773347906209781000e-01,-1.275593701518040746e-01,6.160188555366752361e-01
7.237898627736486512e-01,-1.300396990935223929e-01,6.776561895281183467e-01
6.651700015558035251e-01,-1.440722652804525827e-01,7.326609389118620141e-01
6.025478751477318928e-01,-1.711363809051309470e-01,7.795180544962685421e-01
5.372697294696773263e-01,-2.130676395888131958e-01,8.160535636559841377e-01
4.711429439497281102e-01,-2.720598013836477702e-01,8.390517211933204988e-01
4.067084007194901041e-01,-3.505042798493330780e-01,8.436438979756180068e-01
3.476359026508181738e-01,-4.503570528570622900e-01,8.223915151131193646e-01
2.992281391677613089e-01,-5.713092955774617954e-01,7.642435537948508717e-01
2.687339834831908858e-01,-7.065525307941596944e-01,6.546491941105740953e-01
2.643747879836761960e-01,-8.360479317841789104e-01,4.807596356163683637e-01
2.913218426865148980e-01,-9.243544999446584587e-01,2.463743947852412020e-01
3.460260186769467672e-01,-9.381279982934387363e-01,-1.348529630846264857e-02
4.166618781024375440e-01,-8.747347688421931444e-01,-2.474509315293523248e-01
4.911627159124621889e-01,-7.612508650030136437e-01,-4.233867109743257306e-01
5.623838478156069076e-01,-6.276530635826995663e-01,-5.383084984387335181e-01
6.272062959315538588e-01,-4.921386558823899748e-01,-6.036653093644643864e-01
6.843664014222342606e-01,-3.625595050275456921e-01,-6.326082784145039550e-01
7.332943100404920589e-01,-2.413647141010976938e-01,-6.356276658934333357e-01
7.737207129207986922e-01,-1.288142858999712370e-01,-6.202927842119491109e-01
8.055772177074532747e-01,-2.445509876136479563e-02,-5.919858904190962168e-01
8.289717787368264812e-01,7.231688060074772939e-02,-5.545954010249988242e-01
8.441687990142663356e-01,1.620822480191569936e-01,-5.109876550836308651e-01
8.515574911311637463e-01,2.453662269081322289e-01,-4.632982343925617363e-01
8.516091993888623701e-01,3.226477927060013018e-01,-4.131103646463085699e-01
8.448294562534178764e-01,3.943720440132166272e-01,-3.615714047700561706e-01
8.317113222755426749e-01,4.609545944506662218e-01,-3.094788171321102843e-01
8.126953286933360499e-01,5.227773238631718833e-01,-2.573522340577031886e-01
7.881391808930215959e-01,5.801783105872166946e-01,-2.054988064817891980e-01
7.582981810632563047e-01,6.334390909888296672e-01,-1.540739647163075210e-01
7.233157631788498243e-01,6.827714931893130723e-01,-1.031377468487346960e-01
6.832228939403280910e-01,7.283052160498565408e-01,-5.270663592352435589e-02
6.379452975867474507e-01,7.700765871136719953e-01,-2.801297255817299537e-03
5.873182081420350586e-01,8.080187084649830265e-01,4.650902230116102376e-02
5.311092763258782323e-01,8.419534588205402903e-01,9.506476624244397655e-02
4.690510170326210315e-01,8.715864451711118344e-01,1.425770388760003171e-01
4.008844687115465377e-01,8.965068256771747679e-01,1.885925615184674276e-01
3.264152641446129155e-01,9.161947573565688563e-01,2.324655714847698451e-01
2.455818456660839311e-01,9.300398013629985750e-01,2.733414073277479761e-01
1.585329752710228357e-01,9.373736317809465701e-01,3.101579761887733877e-01
6.570810844649407900e-02,9.375195013028134738e-01,3.416718149940197735e-01
-3.208989666793283374e-02,9.298588357434154350e-01,3.665143709620963253e-01
-1.336439206241277489e-01,9.139119616544750802e-01,3.832808745881811086e-01
-2.373095674052287385e-01,8.894255807826171312e-01,3.906485702872180554e-01
-3.410542861671077008e-01,8.564550017882645028e-01,3.875136175657682980e-01
-4.425563919887410269e-01,8.154257678417035082e-01,3.731282045754195642e-01
-5.393602995741194617e-01,7.671590363136269186e-01,3.472138825647142490e-01
-6.290700191220175430e-01,7.128494177333062343e-01,3.100268031624215381e-01
-7.095503031393874949e-01,6.539930900118029466e-01,2.623574003751695805e-01
-7.790991103401834206e-01,5.922757535733156331e-01,2.054604779423417071e-01
-8.365597597327300017e-01,5.294403888682527315e-01,1.409277936780054807e-01
-8.813555017832530591e-01,4.671597460932530033e-01,7.052837093310382333e-02
-9.134480577103789578e-01,4.069361392082443962e-01,-3.952780214566612230e-03
-9.332380649960991814e-01,3.500427707952252776e-01,-8.085031018083918553e-02
-9.414342708935634629e-01,2.975101541121856763e-01,-1.587111268539423414e-01
-9.389186315819891826e-01,2.501520976573618493e-01,-2.363381714954796431e-01
-9.266285489829106936e-01,2.086204896863869951e-01,-3.127891038588744288e-01
-9.054690634606341604e-01,1.734770276356575325e-01,-3.873389936456428928e-01
-8.762601029067910163e-01,1.452719546386809502e-01,-4.594173388643891243e-01
-8.397185714433366144e-01,1.246232672012079629e-01,-5.285279198351383600e-01
-7.964724829377679560e-01,1.122935453035563275e-01,-5.941563292653752049e-01
-7.471040934896214791e-01,1.092648672946215371e-01,-6.556650534122889784e-01
-6.922205766908171576e-01,1.168148526626024974e-01,-7.121691957696899555e-01
-6.325541787595791998e-01,1.365979590389390375e-01,-7.623753724512556396e-01
-5.690998257095151169e-01,1.707328265293341918e-01,-8.043479908116285548e-01
-5.033087852821253039e-01,2.218790492578590623e-01,-8.351346922253080063e-01
-4.373746669123714792e-01,2.932262750732780310e-01,-8.501304325513482363e-01
-3.746699749813480196e-01,3.881354421743954397e-01,-8.420055156443825295e-01
-3.203810730184550870e-01,5.086861519310804658e-01,-7.991209963986010134e-01
-2.821735160015850785e-01,6.514292759124876708e-01,-7.042854572908879840e-01
-2.698207449365679911e-01,7.984761517344624027e-01,-5.381752509296570119e-01
-2.911731626390345329e-01,9.095691687030552641e-01,-2.964829113180305620e-01
-3.443295786419530158e-01,9.387237764627462955e-01,-1.532360191909646827e-02
-4.162398641794448073e-01,8.768939105754225416e-01,2.404193109207752588e-01
-4.928683223693198778e-01,7.571446411478309768e-01,4.287339608498193511e-01
-5.661942841880468480e-01,6.165215877167038450e-01,5.471061729061916790e-01
-6.328311671694364371e-01,4.757936452641511882e-01,6.108560558635887094e-01
-6.913338745382089368e-01,3.428608041762035707e-01,6.360062443684301181e-01
-7.409806965174079441e-01,2.196749173350997786e-01,6.345790243006729225e-01
-7.814286379537268568e-01,1.060951955613930048e-01,6.149090121835694145e-01
-8.126314078807223007e-01,1.427486230382416866e-03,5.827762496952473281e-01
-8.347999704113594488e-01,-9.507679008920648378e-02,5.422816734756268353e-01
-8.483526620961011622e-01,-1.841030087354374178e-01,4.963908166848153281e-01
-8.538512274092939780e-01,-2.662708710338688722e-01,4.472559722245268432e-01
-8.519312595918031583e-01,-3.421523156506910412e-01,3.964150877870236123e-01
-8.432367555613212717e-01,-4.122818224616209282e-01,3.449282141810685043e-01
-8.283660099918946917e-01,-4.771554063857761929e-01,2.934833413448418860e-01
-8.078323904805371214e-01,-5.372220285177358168e-01,2.424857129106576248e-01
-7.820401204784366289e-01,-5.928719760459920662e-01,1.921355510606841122e-01
-7.512729337269401508e-01,-6.444253334833686120e-01,1.424955038384213002e-01
-7.156926003948897996e-01,-6.921219422751722083e-01,9.354848347912382567e-02
-6.753446053128596693e-01,-7.361130119237593306e-01,4.524707450597394154e-02
-6.301692141787640367e-01,-7.764539843092951310e-01,-2.443716747039626630e-03
-5.800173564214539113e-01,-8.130982631723839837e-01,-4.950838995484063004e-02
-5.246718749578068719e-01,-8.458918331263887147e-01,-9.584586729920702153e-02
-4.638755494096182819e-01,-8.745694565715899094e-01,-1.412364694121119035e-01
-3.973677442841963003e-01,-8.987539387665746116e-01,-1.853111797870214128e-01
-3.249314150720214456e-01,-9.179607812239184428e-01,-2.275248989321107251e-01
-2.464513430744687816e-01,-9.316112562737486336e-01,-2.671370484991525407e-01
-1.619826900037301676e-01,-9.390573144884454271e-01,-3.032044990512245963e-01
-7.182617750515242483e-02,-9.396214858801487102e-01,-3.345929818411909618e-01
2.339745822138652315e-02,-9.326537106346270978e-01,-3.600133539026572072e-01
1.226850906067530056e-01,-9.176045377784873835e-01,-3.780876628391112715e-01
2.246155617238752567e-01,-8.941102849010356124e-01,-3.874463161079957363e-01
3.273564643799922735e-01,-8.620809541196314818e-01,-3.868516172550095500e-01
4.287260301783736294e-01,-8.217770484344933957e-01,-3.753351485190061787e-01
5.263145908459128108e-01,-7.738587433047141584e-01,-3.523288192492174953e-01
6.176571845354761336e-01,-7.193921951006750914e-01,-3.177648061380321520e-01
7.004343617334743977e-01,-6.598043579482123500e-01,-2.721211387150355154e-01
7.726672802380163407e-01,-5.967887733798759031e-01,-2.163987846946695826e-01
8.328709352305883051e-01,-5.321771821501783961e-01,-1.520310890799018155e-01
8.801380329587548124e-01,-4.678009071379747863e-01,-8.074251804583375269e-02
9.141430179502993969e-01,-4.053681222681262963e-01,-4.384995043581675633e-03
9.350747921840256716e-01,-3.463776986361268295e-01,7.521717164013702606e-02
9.435210182887564523e-01,-2.920799094746100444e-01,1.563886649621759328e-01
9.403327658143052492e-01,-2.434831296628603148e-01,2.376767870567036978e-01
9.264958921022252714e-01,-2.013974004215138280e-01,3.178748952357801083e-01
9.030280420135389230e-01,-1.665019698232469980e-01,3.960018300237674871e-01
8.709112702877760404e-01,-1.394242974003053748e-01,4.712477316445816133e-01
8.310628246255142848e-01,-1.208210835610906558e-01,5.428967188080855433e-01
7.843418725980260131e-01,-1.114560857204572181e-01,6.102338632403940810e-01
7.315880844817267414e-01,-1.122736283087612669e-01,6.724384782496789503e-01
6.736887402028072236e-01,-1.244698867965761679e-01,7.284577740712239180e-01
6.116743837913292126e-01,-1.495647872781066257e-01,7.768428558080149315e-01
5.468496099809474487e-01,-1.894717768344102438e-01,8.155096258456406844e-01
4.809766082864431747e-01,-2.465393918135728446e-01,8.413559476021210681e-01
4.165450525324080888e-01,-3.234661949541039472e-01,8.496233518051908851e-01
3.571745100824704200e-01,-4.227913600259408100e-01,8.328708394671785475e-01
3.081555403706583429e-01,-5.451904579047391897e-01,7.796201174600925210e-01
2.768602076094328068e-01,-6.850632592820796729e-01,6.738224960805893060e-01
2.718731134499032809e-01,-8.225240755059770592e-01,4.995389428223726003e-01
2.987282095625854450e-01,-9.188759336609451100e-01,2.577372215072130102e-01
3.535079669949013903e-01,-9.353239956567567237e-01,-1.418239823905169915e-02
4.234743714065070663e-01,-8.683994936551695520e-01,-2.579763093412041908e-01
4.963597324845268610e-01,-7.494387324032507625e-01,-4.381422170274139050e-01
5.655353387205083182e-01,-6.116927686678447218e-01,-5.531742378471240507e-01
6.283603972981575136e-01,-4.739779295296958628e-01,-6.168534132401670700e-01
6.837762335622147303e-01,-3.436375737498729710e-01,-6.437105563238589845e-01
7.312439292556509596e-01,-2.225270033422574179e-01,-6.447976804473412038e-01
7.704577875701460465e-01,-1.104952650130177766e-01,-6.278420135529466650e-01
8.012981096866698127e-01,-6.848008257640270276e-03,-5.982260811728897787e-01
8.238254370454971554e-01,8.914928753868707478e-02,-5.597892941171168646e-01
8.382652664555788613e-01,1.781430479153187363e-01,-5.153410497268753332e-01
8.449761074342281297e-01,2.606881824310463558e-01,-4.669657904023559181e-01
8.444052017226181261e-01,3.372735425917781082e-01,-4.162047726436792772e-01
8.370389149572627918e-01,4.083433822756748488e-01,-3.641724001058153082e-01
8.233547003169369161e-01,4.743067329670966337e-01,-3.116410764454624061e-01
8.037800085827666585e-01,5.355358273209052111e-01,-2.591120905291787180e-01
7.786612817177458457e-01,5.923573872348746328e-01,-2.068799993763293099e-01
7.482439669770430957e-01,6.450404791005355243e-01,-1.550927019695288733e-01
7.126629448893957441e-01,6.937835121504437597e-01,-1.038073468005470817e-01
6.719421471015432079e-01,7.387017670180076045e-01,-5.304196784661433656e-02
6.260023575313659050e-01,7.798160540229905902e-01,-2.823163683552944777e-03
5.746769333831167614e-01,8.170428588616285293e-01,4.676953089987009871e-02
5.177360794697710711e-01,8.501865928254527249e-01,9.556207090220920908e-02
4.549210078259724455e-01,8.789351921632490017e-01,1.432473546546466359e-01
3.859894977044588393e-01,9.028611297187963958e-01,1.893512294778094407e-01
3.107737542309184087e-01,9.214306924761584972e-01,2.332062448652003905e-01
2.292498234521949674e-01,9.340248657996086390e-01,2.739380742342336084e-01
1.416150743559358438e-01,9.399750196251890344e-01,3.104708250315773577e-01
4.836658906524085588e-02,9.386154727238759099e-01,3.415577073139018927e-01
-4.963070886478046506e-02,9.293526613716298623e-01,3.658420745882680625e-01
-1.511006515316422882e-01,9.117470315975899631e-01,3.819501845525100081e-01
-2.543527106277870264e-01,8.855992972844622946e-01,3.886110951138219693e-01
-3.573320368753694631e-01,8.510283274566201595e-01,3.847916336004297277e-01
-4.577279845704154693e-01,8.085252056198922732e-01,3.698271001676549652e-01
-5.531344750487418027e-01,7.589687473169318688e-01,3.435239338222598193e-01
-6.412417640930213603e-01,7.035931920438215359e-01,3.062117242896752467e-01
-7.200281883054878707e-01,6.439084944529481769e-01,2.587300887350646450e-01
-7.879171440831479467e-01,5.815850489975783466e-01,2.023497092716974310e-01
-8.438713522369855058e-01,5.183237693166965476e-01,1.386420247798380301e-01
-8.874115641308835123e-01,4.557356657005441902e-01,6.932329229963347939e-02
-9.185647464628554637e-01,3.952513294112968700e-01,-3.897839687901288180e-03
-9.377610989198584823e-01,3.380719507901152610e-01,-7.944480751808180585e-02
-9.457060120851495943e-01,2.851633643745664637e-01,-1.559551035541356656e-01
-9.432520126751475775e-01,2.372865663426854954e-01,-2.323160046522443622e-01
-9.312894830977943572e-01,1.950539617430187833e-01,-3.076586593609804687e-01
-9.106669837759499009e-01,1.590001894453389464e-01,-3.813195305996796014e-01
-8.821450786233638874e-01,1.296585525009443240e-01,-4.527788864599793794e-01
-8.463829904596766873e-01,1.076374581642193795e-01,-5.215841361280849631e-01
-8.039553365730245371e-01,9.369485361624786679e-02,-5.872623699860094471e-01
-7.553961659341507096e-01,8.881198947453734782e-02,-6.492218904331241713e-01
-7.012691028905225776e-01,9.427085765395727679e-02,-7.066361515860259956e-01
-6.422656447392013357e-01,1.117419849074339361e-01,-7.582931955363205745e-01
-5.793395212663969840e-01,1.433888239266256359e-01,-8.023748277904543258e-01
-5.138957316818810739e-01,1.919836875761506412e-01,-8.360941577739956498e-01
-4.480717436389774488e-01,2.609811761459314150e-01,-8.550558684962127343e-01
-3.851752571688203397e-01,3.543262502620475041e-01,-8.521108669886624520e-01
-3.303478307099110833e-01,4.752659421854430466e-01,-8.154707811711214838e-01
-2.913352079051382271e-01,6.222211992219183196e-01,-7.266117091498786040e-01
-2.783002698144798059e-01,7.786740422273259465e-01,-5.623305929633778399e-01
-2.996312763686684866e-01,9.012394878194667225e-01,-3.130311227603221891e-01
-3.530349036855504608e-01,9.354691522840584694e-01,-1.624259538002743863e-02
-4.241440255858314190e-01,8.695855791727380435e-01,2.528295197453401810e-01
-4.986939287874816440e-01,7.429029713800813228e-01,4.465417567318340497e-01
-5.694787594195795943e-01,5.972938007746436684e-01,5.647424706236612302e-01
-6.337411259865869395e-01,4.541668612544671468e-01,6.261825990647764684e-01
-6.902403493424605907e-01,3.205825747570557049e-01,6.486871918742768139e-01
-7.382456321989588899e-01,1.976868434280898423e-01,6.449134038571361360e-01
-7.773435971079014628e-01,8.483738284764967552e-02,6.233294077026286795e-01
-8.074152855202656465e-01,-1.893031129899697476e-02,5.896797436086396171e-01
-8.286123762991949304e-01,-1.144995701118918657e-01,5.479884837184020308e-01
-8.413082678281281757e-01,-2.026174069196046978e-01,5.011452732464007909e-01
-8.460312853370003383e-01,-2.839270832847648474e-01,4.512388232504263019e-01
-8.433919737066567501e-01,-3.590046927141687938e-01,3.997569377714356165e-01
-8.340150827363057573e-01,-4.283792260637203642e-01,3.477212683247904446e-01
-8.184835731938516767e-01,-4.925365866087628164e-01,2.957910601482297008e-01
-7.972980874471858881e-01,-5.519134935753982063e-01,2.443506811172388993e-01
-7.708518955204423095e-01,-6.068869867463463352e-01,1.935860028268599209e-01
-7.394190983351389690e-01,-6.577632788413545484e-01,1.435509178832395094e-01
-7.031530476406162578e-01,-7.047677041816847732e-01,9.422459729916875248e-02
-6.620922572253785665e-01,-7.480361459442170791e-01,4.556058914374164215e-02
-6.161720588611656613e-01,-7.876077007110395822e-01,-2.470558532369983903e-03
-5.652414559766348878e-01,-8.234183284255935931e-01,-4.984328297990799073e-02
-5.090857349237505325e-01,-8.552956470918685605e-01,-9.644205805999149506e-02
-4.474562043953121959e-01,-8.829557029533929846e-01,-1.420287709241342400e-01
-3.801087945457901074e-01,-9.060033486908620759e-01,-1.862128794414893151e-01
-3.068529995648389685e-01,-9.239386683499545283e-01,-2.284262983672714353e-01
-2.276116167773730159e-01,-9.361725310367867703e-01,-2.679065957384527130e-01
-1.424897696853549278e-01,-9.420545987533254229e-01,-3.036935931209704398e-01
-5.184876912122476922e-02,-9.409166470958588713e-01,-3.346454367812310982e-01
4.362330909991238292e-02,-9.321325457572171569e-01,-3.594800746124089397e-01
1.428562255349130061e-01,-9.151934437430589986e-01,-3.768462011957110502e-01
2.443719625370344983e-01,-8.897926530388057254e-01,-3.854236351392603122e-01
3.463035473023532429e-01,-8.559099958872493641e-01,-3.840467836945068991e-01
4.464687632217834712e-01,-8.138812524519419833e-01,-3.718372632946698175e-01
5.425000233812822259e-01,-7.644366828524310487e-01,-3.483249668641050789e-01
6.320186871538132634e-01,-7.086952310449067260e-01,-3.135338077186839434e-01
7.128288292138957871e-01,-6.481086574884774576e-01,-2.680116197668117595e-01
7.830969687327683504e-01,-5.843610974165668326e-01,-2.127939035490797881e-01
8.414848051023181563e-01,-5.192408672149926296e-01,-1.493058759585031425e-01
8.872124668543439618e-01,-4.545084840900175949e-01,-7.922169241075190105e-02
9.200466919825117662e-01,-3.917850437872578695e-01,-4.308600312550691161e-03
9.402255166803219488e-01,-3.324785521930995191e-01,7.371560292639633971e-02
9.483427546756135751e-01,-2.777555140810986090e-01,1.532902281680520729e-01
9.452192019917063925e-01,-2.285550036838108756e-01,2.330735301943464566e-01
9.317840673298795062e-01,-1.856355535825358061e-01,3.119581592398122938e-01
9.089827133275469873e-01,-1.496425475166597574e-01,3.890469571201076171e-01
8.777187105225295882e-01,-1.211847773840277476e-01,4.635990885765970404e-01
8.388317065633275060e-01,-1.009120485445269416e-01,5.349561912181245438e-01
7.931086284415116427e-01,-8.958987593274787831e-02,6.024552743747696448e-01
7.413242952006590114e-01,-8.817153438641028851e-02,6.653300458187592081e-01
6.843083971598881154e-01,-9.787145674397822182e-02,7.225947657790475764e-01
6.230390863938423118e-01,-1.202463011504161933e-01,7.728926988173520085e-01
5.587699457160431038e-01,-1.572879250729965206e-01,8.142706284711008768e-01
4.932085759910906919e-01,-2.115161583995706640e-01,8.438046073023827143e-01
4.287831384208981023e-01,-2.859984964473784030e-01,8.569421685480087536e-01
3.690528851613468220e-01,-3.840326472727241258e-01,8.463562451963058120e-01
3.192965691613342538e-01,-5.076998900502123213e-01,8.001815560013886275e-01
2.870560450728693591e-01,-6.533991654170483443e-01,7.004772356182802362e-01
2.814261774043093634e-01,-8.021224415504996097e-01,5.266867146916307529e-01
3.084301222346232940e-01,-9.107343362758081318e-01,2.746521953791714044e-01
3.634480299368402223e-01,-9.314904557966412479e-01,-1.520066757728478525e-02
4.322978118130790248e-01,-8.592756349691902384e-01,-2.734300368465735764e-01
5.026409522791404072e-01,-7.324067122147740472e-01,-4.592738627384145289e-01
5.688098213536926240e-01,-5.890733201126048257e-01,-5.739756185266871036e-01
6.288597128209084675e-01,-4.486902929775625215e-01,-6.349901436861157267e-01
6.819542367888657974e-01,-3.176690057957280988e-01,-6.588056023459948340e-01
7.275398500307723726e-01,-1.969639218268292580e-01,-6.571841295373739289e-01
7.652269929916460933e-01,-8.585171955501463836e-02,-6.380102910192048116e-01
7.948090279369878219e-01,1.667740004977472101e-02,-6.066304257432529878e-01
8.162745687989371168e-01,1.115188407934116638e-01,-5.667974739536187911e-01
8.297935928718238596e-01,1.993946049068854587e-01,-5.212335222938917489e-01
8.356824633540599345e-01,2.808896556691259927e-01,-4.719489609910907935e-01
8.343561709437671281e-01,3.564990174976714332e-01,-4.204262486230493368e-01
8.262758550752278275e-01,4.266607874101150943e-01,-3.677346649505342513e-01
8.118986335929438969e-01,4.917716045667879232e-01,-3.146129331602842139e-01
7.916350118497363919e-01,5.521882070477116544e-01,-2.615381272608283680e-01
7.658168919395627050e-01,6.082202161974704646e-01,-2.087885452526799523e-01
7.346770490234896256e-01,6.601185687333344099e-01,-1.565027439107411489e-01
6.983394503598399083e-01,7.080625890631636610e-01,-1.047348177078007980e-01
6.568192150271607854e-01,7.521473631636866886e-01,-5.350572732911267754e-02
6.100312498447839626e-01,7.923722273948241579e-01,-2.850871125764960559e-03
5.578073333422298719e-01,8.286309264539414299e-01,4.713561916123769346e-02
4.999222746948751572e-01,8.607042547392141918e-01,9.625957166804570420e-02
4.361303830181092467e-01,8.882566242046825433e-01,1.441889682499274683e-01
3.662135205332164301e-01,9.108387984817726268e-01,1.904214813484761404e-01
2.900411963074428501e-01,9.278997552575269925e-01,2.342608559652441247e-01
2.076412896607715830e-01,9.388109841357681340e-01,2.748072613561040045e-01
1.192770474018718524e-01,9.429061506260415504e-01,3.109678071355174711e-01
2.552226196230691913e-02,9.395376233742662730e-01,3.414932918939444506e-01
-7.267728349229725382e-02,9.281486641526538461e-01,3.650452981423322751e-01
-1.739707340167759575e-01,9.083562029237000068e-01,3.802935607076485813e-01
-2.766121674252425833e-01,8.800346261962500582e-01,3.860372592482956833e-01
-3.785244152304242937e-01,8.433870579205829943e-01,3.813365149137028509e-01
-4.774187299449294541e-01,7.989888651177862178e-01,3.656339012120765619e-01
-5.709599705453874963e-01,7.477902245203332798e-01,3.388428723562585398e-01
-6.569541660913924552e-01,6.910712718132815402e-01,3.013830136712031815e-01
-7.335266945184534260e-01,6.303535430147302332e-01,2.541515281040190866e-01
-7.992589721817028314e-01,5.672820709502396364e-01,1.984342393979809938e-01
-8.532606041348910209e-01,5.034997512146005549e-01,1.357731267894946303e-01
-8.951694798290804611e-01,4.405366820103960857e-01,6.781617938076971164e-02
-9.250886457095472970e-01,3.797319819964160570e-01,-3.823536105393468033e-03
-9.434804759694376264e-01,3.221965575916093116e-01,-7.767863117100076709e-02
-9.510429565017181064e-01,2.688159891763425291e-01,-1.524967502985406509e-01
-9.485904250775014646e-01,2.202859829748865794e-01,-2.272670041076640945e-01
-9.369546574817818607e-01,1.771698428000037240e-01,-3.012089252087633562e-01
-9.169148805094170518e-01,1.399677299188185620e-01,-3.737327072678735540e-01
-8.891593215644054693e-01,1.091898860507171526e-01,-4.443796458652865544e-01
-8.542771839167780934e-01,8.542928049383984035e-02,-5.127497743281066445e-01
-8.127784138121428859e-01,6.943255741951150084e-02,-5.784205822852462875e-01
-7.651388293059642187e-01,6.217151176582664390e-02,-6.408566727537837737e-01
-7.118697384387598914e-01,6.492081880969313712e-02,-6.993044850279528379e-01
-6.536142338576614863e-01,7.935156556370601133e-02,-7.526564703377306431e-01
-5.912780019982576407e-01,1.076533386575790480e-01,-7.992503256357328389e-01
-5.262132725626937901e-01,1.526946595808894858e-01,-8.365308916676875706e-01
-4.604947724727463942e-01,2.182004265423346523e-01,-8.604261376678515871e-01
-3.973594663227156820e-01,3.087876934102160575e-01,-8.641502270566878696e-01
-3.419064198811970767e-01,4.292061686156948830e-01,-8.359916655483226045e-01
-3.020057471172674646e-01,5.806542625038135785e-01,-7.560642539786505134e-01
-2.883746145094938651e-01,7.494845890332000327e-01,-5.959135277103850825e-01
-3.101400164264079828e-01,8.889375577417053531e-01,-3.370507211789341429e-01
-3.641714771077839141e-01,9.311659656243329586e-01,-1.758066335603728977e-02
-4.339507522695685848e-01,8.592988678479078768e-01,2.707253226426725723e-01
-5.052673469789858984e-01,7.228415008022028854e-01,4.713863307254844703e-01
-5.724213167558650506e-01,5.708150117749045682e-01,5.886459534014457651e-01
-6.335173415019165200e-01,4.250222278997930481e-01,6.465383854091267812e-01
-6.874783712149975523e-01,2.910654257599041284e-01,6.653227840971476237e-01
-7.334788025432372738e-01,1.689238294419085629e-01,6.583871095840346799e-01
-7.709694261943967897e-01,5.729540344654189543e-02,6.342896661757786436e-01
-7.997168207993865519e-01,-4.511400122342078961e-02,5.986799925036205838e-01
-8.197877343372952375e-01,-1.393394875270125566e-01,5.554570891129517740e-01
-8.314947588580197113e-01,-2.261898501145676033e-01,5.073998597721458559e-01
-8.353226764673485905e-01,-3.063258826134214741e-01,4.565090139532117508e-01
-8.318502316428385557e-01,-3.803200219350737488e-01,4.042052362736794913e-01
-8.216781679777473979e-01,-4.486878992586091353e-01,3.514600366010747767e-01
-8.053705383380149740e-01,-5.118979733685373734e-01,2.988959030136080774e-01
-7.834123961501394673e-01,-5.703680400278511309e-01,2.468710523189884543e-01
-7.561836385766571578e-01,-6.244557678052287120e-01,1.955538258478975444e-01
-7.239466415882838124e-01,-6.744477551702494633e-01,1.449878811447920246e-01
-6.868445815697089563e-01,-7.205492740353478531e-01,9.514864400223829732e-02
-6.449077064229860046e-01,-7.628753417751126253e-01,4.599198960415738779e-02
-5.980658281200837978e-01,-8.014430726498106283e-01,-2.503305148988975611e-03
-5.461665136705045054e-01,-8.361652271799370206e-01,-5.029763612865841005e-02
-4.889995320035071535e-01,-8.668452916358524440e-01,-9.725583822632519193e-02
-4.263288577145593061e-01,-8.931750985158471989e-01,-1.431151580756061803e-01
-3.579337744073870509e-01,-9.147367946011439876e-01,-1.874566876409230198e-01
-2.836601980223683594e-01,-9.310117253284166949e-01,-2.296825186184516532e-01
-2.034820906975806643e-01,-9.413993388536058271e-01,-2.690024601585186415e-01
-1.175706460788475960e-01,-9.452492578792685007e-01,-3.044355164222705135e-01
-2.636584425883657309e-02,-9.419089023624039880e-01,-3.348319905668665220e-01
6.935865175630044621e-02,-9.307871628737189873e-01,-3.589214884289336771e-01
1.684496615710455170e-01,-9.114314666952789690e-01,-3.753896549377631620e-01
2.693619654389538542e-01,-8.836113561299785424e-01,-3.829818571329511312e-01
3.701921006239384804e-01,-8.473972063997380344e-01,-3.806255157258322530e-01
4.687658639065669930e-01,-8.032194073265441769e-01,-3.675556400464084494e-01
5.627768098373966410e-01,-7.518930543390619503e-01,-3.434226217736960352e-01
6.499603459682813389e-01,-6.945973802638502059e-01,-3.083602244119505453e-01
7.282766683332912994e-01,-6.328078151104246096e-01,-2.629968887582740944e-01
7.960703997484971373e-01,-5.681896005051910725e-01,-2.084046461142821660e-01
8.521784101130644995e-01,-5.024716010948699907e-01,-1.459939979256937304e-01
8.959693484240849326e-01,-4.373236705959532844e-01,-7.737527913360287002e-02
9.273146644102147063e-01,-3.742589519236223516e-01,-4.213083764052594909e-03
9.465055765333765248e-01,-3.145749654805604090e-01,7.190121476112180943e-02
9.541391214405449128e-01,-2.593374861351301908e-01,1.495413161028621707e-01
9.509977833123500757e-01,-2.094025087643919814e-01,2.274946273171643552e-01
9.379428359409981431e-01,-1.654662765116395318e-01,3.047690073552946632e-01
9.158344124973408773e-01,-1.281318559431505466e-01,3.805647860459692167e-01
8.854842068912387454e-01,-9.798227616103576121e-02,4.542215240436062729e-01
8.476412869571787745e-01,-7.565355106186667788e-02,5.251483493807318492e-01
8.030083317654230779e-01,-6.190495258074510398e-02,5.927439548078815568e-01
7.522845995345623926e-01,-5.768817197221431936e-02,6.563078211614024049e-01
6.962329120966501694e-01,-6.422135887204699634e-02,7.149373043687439200e-01
6.357711368705857291e-01,-8.307822161513669923e-02,7.673936868489009688e-01
5.720951133760477925e-01,-1.163047515024262929e-01,8.118992462302241364e-01
5.068519193459424255e-01,-1.665696537177902559e-01,8.457870194769306904e-01
4.424029141331079495e-01,-2.373137153100443320e-01,8.648478837878236236e-01
3.822443126650758582e-01,-3.327021927682177749e-01,8.620896336010678285e-01
3.316548606818199296e-01,-4.566418561674310261e-01,8.255199988989277982e-01
2.984182214043550330e-01,-6.086324791243020726e-01,7.351959402015679768e-01
2.923540410527883382e-01,-7.721769936545012092e-01,5.641558341015370237e-01
3.201402019951686828e-01,-8.989217178984066914e-01,2.990819221502196146e-01
3.757814446442971912e-01,-9.265584590995045167e-01,-1.666516523161154159e-02
4.427786752792360891e-01,-8.465774046627063676e-01,-2.953874449473453678e-01
5.092161115566575802e-01,-7.087626871284118391e-01,-4.882155313646123207e-01
5.711761498899617928e-01,-5.584684582609811265e-01,-6.015569689767400474e-01
6.276285209506116125e-01,-4.152971390292898857e-01,-6.584912497546451249e-01
6.778837616378665665e-01,-2.840268106523345382e-01,-6.780872927126411209e-01
7.212635228017890698e-01,-1.643226753386319849e-01,-6.728870551921085630e-01
7.572155162374656356e-01,-5.472641390604594813e-02,-6.508684057397565725e-01
7.853977445054681761e-01,4.614351683044270319e-02,-6.172691137423303998e-01
8.056981287340773124e-01,1.393561246484432692e-01,-5.756999182537493320e-01
8.182137866633550916e-01,2.257053430905365810e-01,-5.287563686750229586e-01
8.232080455309817024e-01,3.057971822058551115e-01,-4.783477784290634527e-01
8.210563878701441221e-01,3.801227173355711253e-01,-4.258792407514754297e-01
8.121895329558282972e-01,4.491041640022048753e-01,-3.723622059673537543e-01
7.970402603796905572e-01,5.131168643099897064e-01,-3.184931818651048907e-01
7.759988387429849199e-01,5.724939718461951044e-01,-2.647195770420214811e-01
7.493798060444428755e-01,6.275205636983152147e-01,-2.113003748897339662e-01
7.174008265369563597e-01,6.784224277248128709e-01,-1.583637068398653647e-01
6.801729576044024395e-01,7.253529885717703296e-01,-1.059612651570421005e-01
6.377011462879551562e-01,7.683803480789387352e-01,-5.411920831938576981e-02
5.898940389237623538e-01,8.074755081953406410e-01,-2.885568728489843349e-03
5.365829090849858485e-01,8.425025724406757233e-01,4.762559300143116847e-02
4.775502984333990231e-01,8.732119866709671108e-01,9.719330635550124664e-02
4.125694456575501046e-01,8.992385044647489556e-01,1.454529635236884999e-01
3.414554174968649769e-01,9.201063189680658283e-01,1.918659940090416682e-01
2.641277803659490830e-01,9.352444150982144322e-01,2.356998083719116788e-01
1.806825055517775613e-01,9.440153326053291050e-01,2.760233395812423662e-01
9.146764853662008032e-02,9.457598323526156259e-01,3.117242511893065227e-01
-2.846397965318706990e-03,9.398581150244793569e-01,3.415532486176288129e-01
-1.012147356112942653e-01,9.258051320248492644e-01,3.641983454267569420e-01
-2.021983941069381563e-01,9.032934022917301631e-01,3.783871546403310693e-01
-3.039906313994260034e-01,8.722923958534619659e-01,3.830087102894734752e-01
-4.044968258163182950e-01,8.331103318188919360e-01,3.772393045815067292e-01
-5.014658310819563036e-01,7.864238448608934506e-01,3.606515721461535096e-01
-5.926583184074741828e-01,7.332647235318718870e-01,3.332851074472909514e-01
-6.760264909051622029e-01,6.749608685969348265e-01,2.956619851406734334e-01
-7.498740123495287735e-01,6.130389323640527133e-01,2.487412973528139726e-01
-8.129679758466737960e-01,5.491054236631991436e-01,1.938202877704509330e-01
-8.645858463526796545e-01,4.847279659742491642e-01,1.324013341665708776e-01
-9.044956657325848859e-01,4.213371505089620328e-01,6.604995285355014234e-02
-9.328819591630063135e-01,3.601629082021622907e-01,-3.732267883194030113e-03
-9.502384416094880049e-01,3.022103847306192304e-01,-7.560282698777176513e-02
-9.572503965378226232e-01,2.482721668309226248e-01,-1.484338556571910273e-01
-9.546858878706934171e-01,1.989685033619519594e-01,-2.213286926054790493e-01
-9.433085545065763577e-01,1.548054117984126732e-01,-2.936056121272844210e-01
-9.238182645899565282e-01,1.162415440159421109e-01,-3.647570663534717150e-01
-8.968209972325422719e-01,8.375722981319125293e-02,-4.343924784993966060e-01
-8.628264895541366553e-01,5.792222077065073416e-02,-5.021707530956791565e-01
-8.222712174807194074e-01,3.946182485316142297e-02,-5.677259984200422327e-01
-7.755646954976223029e-01,2.932440986644774261e-02,-6.305866174314714856e-01
-7.231585901680044337e-01,2.875717852434214739e-02,-6.900830951048889661e-01
-6.656409961356383187e-01,3.940245246559283265e-02,-7.452311795699720909e-01
-6.038636649792733513e-01,6.343390673028129201e-02,-7.945595091588382175e-01
-5.391208984666442383e-01,1.037592235781057831e-01,-8.358125868632195754e-01
-4.734207153237001142e-01,1.643088563476395036e-01,-8.653758871312089429e-01
-4.099291199066503744e-01,2.503480855918446824e-01,-8.770883380213519986e-01
-3.537184322786571244e-01,3.683407801168586126e-01,-8.597722607581805843e-01
-3.128663111221671178e-01,5.232889427795498483e-01,-7.926432701597032615e-01
-2.989335632119482500e-01,7.070218913332363408e-01,-6.409046496640365964e-01
-3.221639336087381844e-01,8.707666044836392949e-01,-3.714511009510913508e-01
-3.776686183342421455e-01,9.257348855320057801e-01,-1.952783742631546138e-02
-4.452114121238655020e-01,8.450374180410881175e-01,2.961394276774452217e-01
-5.115512924379410631e-01,6.951745309000554318e-01,5.050224220695158639e-01
-5.737265131616073877e-01,5.354900862975467968e-01,6.197485422108470754e-01
-6.308678229117474778e-01,3.872603992909821047e-01,6.723356105068221122e-01
-6.818683774110694262e-01,2.536505531330027763e-01,6.860881231898107169e-01
-7.256405933394990404e-01,1.330447827148691642e-01,6.750887460847297961e-01
-7.614022734759394728e-01,2.334289150740488650e-02,6.478593113954170812e-01
-7.887539968847192551e-01,-7.710757213743127392e-02,6.098537158347494547e-01
-8.076504586055827106e-01,-1.694864555057947197e-01,5.647787868840987713e-01
-8.183287906864668004e-01,-2.546480738838173274e-01,5.152594965654556658e-01
-8.212219254544130820e-01,-3.332539530453096366e-01,4.631806903710700141e-01
-8.168717629842258132e-01,-4.058579985005734692e-01,4.098777962907376171e-01
-8.058516901763577156e-01,-4.729499049920142806e-01,3.562603553694296821e-01
-7.887043822265384918e-01,-5.349701321186961511e-01,3.029065123062875120e-01
-7.658972921758308017e-01,-5.923085814759064816e-01,2.501437229828673559e-01
-7.377951902964424713e-01,-6.452957198825820528e-01,1.981203954080869578e-01
-7.046471809455038260e-01,-6.941914416370897900e-01,1.468693049734124678e-01
-6.665850036972112980e-01,-7.391742721802544436e-01,9.636300219887306007e-02
-6.236298675115182766e-01,-7.803318340477228832e-01,4.656197074097285366e-02
-5.757061109980121660e-01,-8.176527418494743404e-01,-2.543129092549789756e-03
-5.226611850408361404e-01,-8.510200471575828374e-01,-5.089366353107412089e-02
-4.642924908314354782e-01,-8.802067743672388200e-01,-9.832861900567008151e-02
-4.003822509530448048e-01,-9.048747743676388566e-01,-1.445534359151922910e-01
-3.307416708294809715e-01,-9.245788987187268937e-01,-1.891132127086569137e-01
-2.552649979136954461e-01,-9.387791835891422521e-01,-2.313729139286288261e-01
-1.739925688091366607e-01,-9.468641018113923558e-01,-2.705087035570263310e-01
-8.717949781084313732e-02,-9.481877064120118881e-01,-3.055156437411633563e-01
4.636534304333050395e-03,-9.421223315258943076e-01,-3.352372517932006302e-01
1.005783781967071189e-01,-9.281261852820080760e-01,-3.584212243062451786e-01
1.993961201696790864e-01,-9.058216480204146492e-01,-3.738025270632326924e-01
2.994707764517220427e-01,-8.750758133990265142e-01,-3.802099089390426623e-01
3.988655332957140032e-01,-8.360708289060047038e-01,-3.766853533138129206e-01
4.954279753794969543e-01,-7.893494970258312371e-01,-3.625996314896633987e-01
5.869360062531747690e-01,-7.358230452332912286e-01,-3.377433502930575759e-01
6.712684218659059621e-01,-6.767338071791225707e-01,-3.023740399348237018e-01
7.465724176053727401e-01,-6.135749487320333317e-01,-2.572069352862619285e-01
8.113985362886011465e-01,-5.479796245034391777e-01,-2.033488294477874547e-01
8.647801966426933440e-01,-4.815994541079962055e-01,-1.421871207159937367e-01
9.062480005157728113e-01,-4.159941825233367529e-01,-7.525557565991218556e-02
9.357838619514829981e-01,-3.525503398858979565e-01,-4.101409209711095148e-03
9.537316777285257396e-01,-2.924385837932751975e-01,6.982522184794781595e-02
9.606867866538183476e-01,-2.366103932618254801e-01,1.452460662091926979e-01
9.573857225686646100e-01,-1.858277135943031400e-01,2.210896629921666745e-01
9.446127607653560521e-01,-1.407154483922914423e-01,2.964892827456135360e-01
9.231331737970381868e-01,-1.018262939990141613e-01,3.707513307944199088e-01
8.936570985264473688e-01,-6.970938061892809068e-02,4.433030481589507743e-01
8.568335973898179025e-01,-4.497744512800203737e-02,5.136275068702814695e-01
8.132721210705912140e-01,-2.837109885268220000e-02,5.811914812170193567e-01
7.635879659176602052e-01,-2.082298552103547390e-02,6.453679737790843918e-01
7.084693596906902480e-01,-2.352953268083929350e-02,7.053492237688255839e-01
6.487668872066526538e-01,-3.804408180861056088e-02,7.600356398903477251e-01
5.856123880799670722e-01,-6.641247605862854453e-02,8.078660247535108807e-01
5.205869827917994908e-01,-1.113777840075277498e-01,8.465129547604709481e-01
4.559813260729227991e-01,-1.766687331684370921e-01,8.722781603327224298e-01
3.952301908916665552e-01,-2.672869229887834819e-01,8.788349088463230929e-01
3.436384164822340326e-01,-3.892460760278414478e-01,8.546345014183025501e-01
3.093584326739355350e-01,-5.464760719702183023e-01,7.782424191070074215e-01
3.033371786595971398e-01,-7.281292799626688517e-01,6.146660131354921841e-01
3.332883300996770104e-01,-8.815217386854528048e-01,3.344223575724940001e-01
3.904299486208264169e-01,-9.204406286760375977e-01,-1.880171009242018534e-02
4.542648599694483202e-01,-8.288845320249251802e-01,-3.264871660061978709e-01
5.147127966895118645e-01,-6.762199477114055890e-01,-5.270648150287069456e-01
5.709900639761263941e-01,-5.179082316981298284e-01,-6.369783437290904571e-01
6.230644883901126363e-01,-3.724640920378033959e-01,-6.877944049275348526e-01
6.701237133986771566e-01,-2.419195024651970838e-01,-7.017187207619296485e-01
7.111583390770924717e-01,-1.241963856609559630e-01,-6.919747643880276300e-01
7.453397617561476896e-01,-1.696955469750372966e-02,-6.664688092916708495e-01
7.721330783886185545e-01,8.153105427262745397e-02,-6.302088514510956196e-01
7.912966580738588496e-01,1.725309209371275188e-01,-5.865856120309541621e-01
8.028399143331801380e-01,2.568722979298135867e-01,-5.380192324719899055e-01
8.069650428255079611e-01,3.351603038236936616e-01,-4.862869424510959382e-01
8.040031406595077312e-01,4.078635525146336871e-01,-4.326965129739209770e-01
7.943511411187011984e-01,4.753730990469485773e-01,-3.781886847936056784e-01
7.784148168091430398e-01,5.380302809883070747e-01,-3.234096314453725474e-01
7.565618601810594201e-01,5.961338493822153639e-01,-2.687723671438657091e-01
7.290873083801371335e-01,6.499348182306055044e-01,-2.145144023382964671e-01
6.961918117584712240e-01,6.996251226512760768e-01,-1.607533794221582546e-01
6.579720162640338987e-01,7.453240204683035941e-01,-1.075403660325064265e-01
6.144219062517475294e-01,7.870645391706153626e-01,-5.491022034298959076e-02
5.654442473914627065e-01,8.247813197280443598e-01,-2.928774413936840407e-03
5.108719596460742363e-01,8.583009378384568455e-01,4.826324639935977712e-02
4.504999397528864358e-01,8.873360568951434990e-01,9.840999144611442540e-02
3.841281524328584718e-01,9.114853780711895670e-01,1.471052958629952279e-01
3.116163848386142021e-01,9.302420366239003702e-01,1.937652755215206191e-01
2.329496597280718007e-01,9.430135348683524876e-01,2.376129817322070459e-01
1.483108426891622533e-01,9.491561390544558385e-01,2.776806036367484021e-01
5.815364550056131843e-02,9.480255390843399521e-01,3.128349896652248829e-01
-3.673438394314780531e-02,9.390432224470266487e-01,3.418309690660301103e-01
-1.351921295397102984e-01,9.217744663428900642e-01,3.633936175950240877e-01
-2.356823204215652001e-01,8.960095840808066647e-01,3.763252171673409641e-01
-3.363370411242283531e-01,8.618361297002724575e-01,3.796259742312879659e-01
-4.350550686894662511e-01,8.196877015394457011e-01,3.726112708340748592e-01
-5.296440161622456566e-01,7.703563424359429757e-01,3.550046785779635283e-01
-6.179885980845525317e-01,7.149610855140227095e-01,3.269873680099882884e-01
-6.982177201859290916e-01,6.548741494127844343e-01,2.891917420142655071e-01
-7.688412295278258535e-01,5.916161196864676564e-01,2.426386834477721743e-01
-8.288334698266369704e-01,5.267387690910984022e-01,1.886301896079521090e-01
-8.776533458271462695e-01,4.617163258901925138e-01,1.286181906453254531e-01
-9.152049385878173737e-01,3.978624672190875233e-01,6.407322032495206543e-02
-9.417540436155067418e-01,3.362828682945834258e-01,-3.626820289197594041e-03
-9.578214564786916574e-01,2.778647509510008273e-01,-7.327508231299331709e-02
-9.640732803376734772e-01,2.232982115940218282e-01,-1.438770962935695119e-01
-9.612239194235502326e-01,1.731205101037644190e-01,-2.146575545128576179e-01
-9.499613390384011868e-01,1.277739162213283042e-01,-2.850390862071944809e-01
-9.308986900345452842e-01,8.766922888207395737e-02,-3.546008110526401857e-01
-9.045525843835394708e-01,5.324963469317924025e-02,-4.230237564133990658e-01
-8.713463419222958750e-01,2.505238514962552024e-02,-4.900284995966543988e-01
-8.316360641735454085e-01,3.768590323133302281e-03,-5.553082517781554595e-01
-7.857579760144991488e-01,-9.695478774021321425e-03,-6.184580833176490655e-01
-7.340969009127218392e-01,-1.414803321488175385e-02,-6.788973215637901237e-01
-6.771783618752845735e-01,-8.018277707460847586e-03,-7.357752193642513872e-01
-6.157920325097040459e-01,1.078509049449989307e-02,-7.878349157790565105e-01
-5.511654001066214059e-01,4.510534687178042318e-02,-8.331759774554738929e-01
-4.852304552330253817e-01,9.892230040794816603e-02,-8.687725731147079022e-01
-4.210756715395529981e-01,1.779473655802914500e-01,-8.893986810877047011e-01
-3.637608955589002879e-01,2.902664682971137222e-01,-8.851120766572488918e-01
-3.216956653403233446e-01,4.454962549259962601e-01,-8.354908651494392657e-01
-3.078362565871767820e-01,6.448570747724278185e-01,-6.995685757996433773e-01
-3.345636776263845591e-01,8.429931373071851697e-01,-4.212240687165179631e-01
-3.934431795293329426e-01,9.190749602639277649e-01,-2.244285850128986681e-02
-4.570578591557125647e-01,8.249247163282792394e-01,3.325617623460414007e-01
-5.157104580186495646e-01,6.569381493780559467e-01,5.499772644227484131e-01
-5.713328704841365013e-01,4.889794640256367453e-01,6.591493266821699670e-01
-6.238925992430683909e-01,3.394236474032506501e-01,7.039528479899784807e-01
-6.717682251627745682e-01,2.075406554883182930e-01,7.110937547054783092e-01
-7.133377175986455043e-01,8.968298723896483970e-02,6.950584597363381745e-01
-7.474632595038769312e-01,-1.711508721228203328e-02,6.640826375396030601e-01
-7.735273865384594272e-01,-1.148345334106494059e-01,6.232723419271378740e-01
-7.913511057648813241e-01,-2.047551145620084001e-01,5.760544856742272346e-01
-8.010872394508110617e-01,-2.877372616837833852e-01,5.248490287957068290e-01
-8.031132869394415064e-01,-3.644122874599848849e-01,4.713944559384504185e-01
-7.979327852677310373e-01,-4.352918739306287921e-01,4.169223604999410249e-01
-7.860909532540480971e-01,-5.008215295250945109e-01,3.622689729693766569e-01
-7.681084237244962809e-01,-5.613993546952112945e-01,3.079613838637402234e-01
-7.444343250637970311e-01,-6.173756967895848158e-01,2.542927145641096787e-01
-7.154174880165525829e-01,-6.690439665874209352e-01,2.013901403074535024e-01
-6.812929348737675195e-01,-7.166286328702853314e-01,1.492760511319682071e-01
-6.421803626634502438e-01,-7.602733906047174361e-01,9.792218006073141745e-02
-5.980918646691532059e-01,-8.000306876232395892e-01,4.729714872655408492e-02
-5.489472114420149707e-01,-8.358530032459032810e-01,-2.591527510887133966e-03
-4.945961988475071625e-01,-8.675862278300595642e-01,-5.165982351117000965e-02
-4.348485333772927897e-01,-8.949659282290804985e-01,-9.971329063208070331e-02
-3.695122291474657317e-01,-9.176179705036083822e-01,-1.464171189421157870e-01
-2.984413520732623337e-01,-9.350657042886453274e-01,-1.912717648683743554e-01
-2.215930131754017263e-01,-9.467464732742381095e-01,-2.335972000145518090e-01
-1.390916856378794919e-01,-9.520403413309237450e-01,-2.725301661558061084e-01
-5.129624607991305207e-02,-9.503133070996271359e-01,-3.070395959603234304e-01
4.113807177122764253e-02,-9.409756311258024031e-01,-3.359650587164434987e-01
1.372136704386750505e-01,-9.235530720442771679e-01,-3.580811804079138683e-01
2.355731552786912708e-01,-8.977650112416400985e-01,-3.721871479542773753e-01
3.345222279000860666e-01,-8.635993537433995781e-01,-3.772148396534069636e-01
4.321000461557064631e-01,-8.213710177792576950e-01,-3.723428544560818398e-01
5.261957161943213723e-01,-7.717503709245632226e-01,-3.570986323644272376e-01
6.146987797724017266e-01,-7.157513897041866135e-01,-3.314292658816447301e-01
6.956616137021160995e-01,-6.546766585385521697e-01,-2.957251967387357072e-01
7.674463898494945369e-01,-5.900258868938067502e-01,-2.507897356395478172e-01
8.288312642943979069e-01,-5.233833458591640175e-01,-1.977589659292760815e-01
8.790596192086673755e-01,-4.563043778002931483e-01,-1.379873207109987843e-01
9.178293580677192587e-01,-3.902203002362227280e-01,-7.292041382596958776e-02
9.452319097094452616e-01,-3.263752763318344408e-01,-3.976916689306298283e-03
9.616589426089088288e-01,-2.658005244380710619e-01,6.754375847376187236e-02
9.676973207432841839e-01,-2.093234756531669738e-01,1.405189594565364186e-01
9.640303838482444654e-01,-1.576042018611084616e-01,2.140241448368137567e-01
9.513583757862349444e-01,-1.111892831339196946e-01,2.873224393212996941e-01
9.303450223712445011e-01,-7.057379599837262929e-02,3.598297912450119096e-01
9.015924035737952202e-01,-3.626432309270632981e-02,4.310638429382063208e-01
8.656430068450139403e-01,-8.838951735997200090e-03,5.005837169071043480e-01
8.230061787348817992e-01,1.099627931316282149e-02,5.679259737020966314e-01
7.742058864762849657e-01,2.235099472938639406e-02,6.325390726113894191e-01
7.198477342121381017e-01,2.408546518398635428e-02,6.937140116189971506e-01
6.607060982102825886e-01,1.472072359675807331e-02,7.505003344999469084e-01
5.978386099462343894e-01,-7.704054575906400804e-03,8.015794683003336640e-01
5.327484056930984480e-01,-4.587244901839727940e-02,8.450294992794726845e-01
4.676414308613364712e-01,-1.035969705671185709e-01,8.778263836495673322e-01
4.058786811287640739e-01,-1.864497391078708266e-01,8.947060919608080809e-01
3.528065920980192893e-01,-3.024358658807949074e-01,8.854716571416139104e-01
3.171258060264893763e-01,-4.610160182685773544e-01,8.287915624883231969e-01
3.117148982549369229e-01,-6.620749095040475707e-01,6.815354990102286958e-01
3.466013041886377710e-01,-8.545486485884381533e-01,3.867998747807569471e-01
4.073038419592394654e-01,-9.130264569399267893e-01,-2.205151362077212643e-02
4.654339625273384295e-01,-8.034358472202532964e-01,-3.712978129851748910e-01
5.166549460437395158e-01,-6.309444116091187382e-01,-5.787718170296163311e-01
5.656157201663052358e-01,-4.645158435629162530e-01,-6.813984797310485009e-01
6.128115765093480327e-01,-3.184505472980730389e-01,-7.232228015084183337e-01
6.566777847439473348e-01,-1.904164277629085689e-01,-7.297368505576480313e-01
6.955537753849219129e-01,-7.616819071105505878e-02,-7.144251901155123097e-01
7.282006409072453446e-01,2.751755794539479869e-02,-6.848113686169344794e-01
7.538384817676926364e-01,1.227410446561963270e-01,-6.454937485079819126e-01
7.720772288292868657e-01,2.108204219105142274e-01,-5.995427444551070240e-01
7.828325850457967805e-01,2.925948082399154604e-01,-5.491460843724214058e-01
7.862442086983967293e-01,3.686298150363442883e-01,-4.959154199604026703e-01
7.825986861311979847e-01,4.393428552427419698e-01,-4.410409867720660460e-01
7.722590577774662846e-01,5.050720389981798730e-01,-3.853805691817910328e-01
7.556036025690365809e-01,5.661076406303230391e-01,-3.295228899555577295e-01
7.329765389002514953e-01,6.227000845449093269e-01,-2.738430173102299747e-01
7.046522320676115170e-01,6.750544078558322614e-01,-2.185561215718851424e-01
6.708131212510782815e-01,7.233179914528873322e-01,-1.637706921214755751e-01
6.315405739737621760e-01,7.675658851770076341e-01,-1.095404735124315410e-01
5.868175633332566310e-01,8.077863273267165134e-01,-5.591419093248189282e-02
5.365423777707792885e-01,8.438681069181195316e-01,-2.982445725849091570e-03
4.805532017684229218e-01,8.755911705821343149e-01,4.907873540266845247e-02
4.186639424563257661e-01,9.026221651956038983e-01,9.996864600726793060e-02
3.507117266026980040e-01,9.245171845661998011e-01,1.492288854918560614e-01
2.766157254581302349e-01,9.407345477863470196e-01,1.962199047764760784e-01
1.964451800016027150e-01,9.506606180607940493e-01,2.401118083776948575e-01
1.104917134152457597e-01,9.536510884916090669e-01,2.798949493744612438e-01
1.933759426522550784e-02,9.490884792620900567e-01,3.144155148525700771e-01
-7.609163945579559829e-02,9.364536644113617969e-01,3.424391870324740017e-01
-1.745036296280734200e-01,9.154053097037891940e-01,3.627417844868965346e-01
-2.742571658338086582e-01,8.858569306726390424e-01,3.742198623377145927e-01
-3.734292136723003086e-01,8.480381966655088366e-01,3.760077650426906226e-01
-4.699297263113767498e-01,8.025266936216781666e-01,3.675825871196456429e-01
-5.616518968164986303e-01,7.502397995295793098e-01,3.488371969905818548e-01
-6.466354737271517994e-01,6.923835988440144584e-01,3.201054766314891387e-01
-7.232155595445446394e-01,6.303651602862104797e-01,2.821329812872140352e-01
-7.901314455991782504e-01,5.656830296731093499e-01,2.359978995991379724e-01
-8.465792190923185911e-01,4.998154339317813499e-01,1.829976989052735925e-01
-8.922049219526400066e-01,4.341249363868008304e-01,1.245227563565779322e-01
-9.270474299447820643e-01,3.697928155720319743e-01,6.193816419691051262e-02
-9.514482755538257175e-01,3.077886566575263605e-01,-3.510239109612749500e-03
-9.659479815414246939e-01,2.488733083820651448e-01,-7.075714332145528751e-02
-9.711860207222493546e-01,1.936283887487880440e-01,-1.389451698485087705e-01
-9.678164524492759435e-01,1.425034939869735118e-01,-2.074224398901982902e-01
-9.564458161864255459e-01,9.587267530818373296e-02,-2.757169396840422615e-01
-9.375954658402493314e-01,5.409361218525635118e-02,-3.434947212935842153e-01
-9.116877843930740744e-01,1.756531545460697161e-02,-4.105080309585036336e-01
-8.790545318165593480e-01,-1.321739962727575685e-02,-4.765379632724579539e-01
-8.399655330683859500e-01,-3.761208040587193935e-02,-5.413346789784341251e-01
-7.946765920026273022e-01,-5.477613878664350233e-02,-6.045566050774040523e-01
-7.434967920347335113e-01,-6.360635742629743017e-02,-6.657077072777649596e-01
-6.868776733392398803e-01,-6.265605878966203079e-02,-7.240671793176505222e-01
-6.255317067692990340e-01,-5.000261297311491687e-02,-7.785947742710250807e-01
-5.605987186539946876e-01,-2.301345657019815763e-02,-8.277677557504830030e-01
-4.939049249707109790e-01,2.208698334485979450e-02,-8.692353480251481246e-01
-4.284193088901505631e-01,9.102362926016691058e-02,-8.989836453942826600e-01
-3.691446599689367503e-01,1.928772778608405236e-01,-9.091372699990966089e-01
-3.248914420026778327e-01,3.417261622664735099e-01,-8.818553061222961231e-01
-3.108857029119777016e-01,5.525219036991606547e-01,-7.733496141187250483e-01
-3.446079752826658460e-01,7.975362240857228890e-01,-4.951578684042787781e-01
-4.113995500521823723e-01,9.110528054308636436e-01,-2.707759098248526883e-02
-4.675969065287662318e-01,7.950770243082826427e-01,3.862714827965100794e-01
-5.143484914293217081e-01,6.030868795719653841e-01,6.096981589709211669e-01
-5.619363634837560850e-01,4.279174661570589455e-01,7.078941768035489357e-01
-6.098287376772807411e-01,2.796745585132104917e-01,7.415463923608388574e-01
-6.549373118554392414e-01,1.518494525161872832e-01,7.402694518282552094e-01
-6.947482610683854976e-01,3.850485827584771564e-02,7.182215741897561845e-01
-7.276557786603472522e-01,-6.409003484163203201e-02,6.829418241813880464e-01
-7.527956734828668006e-01,-1.581150896504240899e-01,6.389822316859175011e-01
-7.698530350106541631e-01,-2.448501331323777730e-01,5.893850327162551972e-01
-7.789012785434310526e-01,-3.250918949247117995e-01,5.363096662728250585e-01
-7.802681848876695803e-01,-3.993932423281626454e-01,4.813175642283366029e-01
-7.744235963490185837e-01,-4.681897200327496122e-01,4.255190706343344731e-01
-7.618878485326052719e-01,-5.318580546859666969e-01,3.696673043751868004e-01
-7.431615808690867908e-01,-5.907354453578117504e-01,3.142331909873103957e-01
-7.186766872849557064e-01,-6.451180611705509271e-01,2.594735175401746141e-01
-6.887664985053443267e-01,-6.952501215466245776e-01,2.054944744417504243e-01
-6.536520835241592664e-01,-7.413100447646294722e-01,1.523101153423128129e-01
-6.134413205590254492e-01,-7.833969189566747371e-01,9.989501288847285609e-02
-5.681380123023980211e-01,-8.215186889225281064e-01,4.823113857344374367e-02
-5.176594126191862433e-01,-8.555826716276354604e-01,-2.650384363952037765e-03
-4.618616694721087712e-01,-8.853889986624855490e-01,-5.263192301139733853e-02
-4.005735322646677976e-01,-9.106280437931335570e-01,-1.014761602865334178e-01
-3.336389753463236407e-01,-9.308835680395965984e-01,-1.487979061805803915e-01
-2.609689654130731840e-01,-9.456439624991760384e-01,-1.940430243015379974e-01
-1.826013232640007200e-01,-9.543243275050757868e-01,-2.364779792585787188e-01
-9.876547337706087504e-02,-9.563019000405988956e-01,-2.751945807012654011e-01
-9.946022060096627870e-03,-9.509662236564434545e-01,-3.091347895494505615e-01
8.306394060176712502e-02,-9.377832275867559186e-01,-3.371394367745679244e-01
1.791312511517288708e-01,-9.163690722806672184e-01,-3.580219521597600152e-01
2.767846311398641790e-01,-8.865656939700076178e-01,-3.706636456954580661e-01
3.742592945252258274e-01,-8.485064613724163651e-01,-3.741213245335531790e-01
4.695868748478903565e-01,-8.026586933424831871e-01,-3.677324964866842127e-01
5.607239557852716771e-01,-7.498313789933825912e-01,-3.512001544495661487e-01
6.457025007262785499e-01,-6.911418738954414609e-01,-3.246400941105826443e-01
7.227782928654580274e-01,-6.279437198079356186e-01,-2.885796668448195601e-01
7.905521681488020258e-01,-5.617266365082717039e-01,-2.439066527840773324e-01
8.480443895989064895e-01,-4.940061318639611398e-01,-1.917776184819932339e-01
8.947132708988955185e-01,-4.262218407827238487e-01,-1.335032033967199772e-01
9.304213848531307507e-01,-3.596603156348086028e-01,-7.043084527003715123e-02
9.553624808217943132e-01,-2.954111713053305666e-01,-3.843189565844078951e-03
9.699671997243034527e-01,-2.343578414690612455e-01,6.511554039517478132e-02
9.748056187281125551e-01,-1.771980356015948888e-01,1.354801161611456917e-01
9.705010473207186239e-01,-1.244854992332818655e-01,2.064729464845910245e-01
9.576643910226251277e-01,-7.668388515051398346e-02,2.774860283428470797e-01
9.368535171195162548e-01,-3.422471704795396891e-02,3.480433251820524432e-01
9.085583497540892228e-01,2.436320409194430141e-03,4.177508700589261381e-01
8.732101165186407776e-01,3.276782600573916598e-02,4.862410533761615805e-01
8.312120719177167327e-01,5.611593590226650330e-02,5.531161661315542322e-01
7.829888986663220418e-01,7.165887047945174171e-02,6.178943201283771947e-01
7.290528982848498707e-01,7.835422094200787668e-02,6.799577101283811320e-01
6.700877170283182638e-01,7.486238099561562387e-02,7.384971735893400835e-01
6.070564848046424711e-01,5.941550762517822104e-02,7.924343642916258368e-01
5.413548102778478199e-01,2.957536539873392364e-02,8.402739238787354514e-01
4.750590668311370224e-01,-1.822640328342029284e-02,8.797651284546798012e-01
4.113879916462202524e-01,-8.956144401386538501e-02,9.070494297861836364e-01
3.556445699698155272e-01,-1.935772451625381307e-01,9.143548490636813630e-01
3.171423855795396096e-01,-3.450231009474631350e-01,8.833910612415744046e-01
3.119718848887018670e-01,-5.603687162378866438e-01,7.672421031857503682e-01
3.567619269992638453e-01,-8.085954188493192918e-01,4.678614923881487808e-01
4.263003021873684739e-01,-9.041668058381218120e-01,-2.739415221258908323e-02
4.732351718306915811e-01,-7.642736581887630276e-01,-4.381030101941115751e-01
5.103629900977140199e-01,-5.663482691371061195e-01,-6.471315603367869818e-01
5.508013732693696207e-01,-3.941967817906246174e-01,-7.356811431799046286e-01
5.934470314230996246e-01,-2.511224411998258521e-01,-7.646948021406649865e-01
6.348353509658231086e-01,-1.285332271546852645e-01,-7.618814124792010478e-01
6.722802808362570159e-01,-1.989726375916284901e-02,-7.400292716464812459e-01
7.040357068877930447e-01,7.871117097296713438e-02,-7.057891150981785433e-01
7.290644011859778173e-01,1.695383249312817642e-01,-6.631152654726224505e-01
7.468378577377646765e-01,2.538647180261418557e-01,-6.146429200691845285e-01
7.571913190791695891e-01,3.324392282800374687e-01,-5.622681440484783577e-01
7.602130256615410309e-01,4.057295869713829495e-01,-5.074048264163005806e-01
7.561529938147739660e-01,4.740618360161594214e-01,-4.511075543348198047e-01
7.453454062079984954e-01,5.376923717693534721e-01,-3.941410138334768276e-01
7.281437922270002083e-01,5.968387617694170810e-01,-3.370313194509260146e-01
7.048699991177145296e-01,6.516858828523490743e-01,-2.801138954688742744e-01
6.757777986599079467e-01,7.023782557271395222e-01,-2.235825411790240969e-01
6.410310799271559112e-01,7.490057128130744868e-01,-1.675398362802185404e-01
6.006958294878751436e-01,7.915869284560894670e-01,-1.120475574625675874e-01
5.547448965661694320e-01,8.300536355342809092e-01,-5.717571049067025901e-02
5.030748478757333109e-01,8.642374676941679823e-01,-3.049076643787820319e-03
4.455347289395747978e-01,8.938611816871763205e-01,5.010981123038073942e-02
3.819668559807991026e-01,9.185363198142899588e-01,1.019428767210538295e-01
3.122594673823073097e-01,9.377698794536228899e-01,1.519265553471648156e-01
2.364098658795506791e-01,9.509829077708088496e-01,1.993536667397671769e-01
1.545944604065796479e-01,9.575437345546550238e-01,2.433321787736318076e-01
6.723904861893165164e-02,9.568174041181211065e-01,2.828062331658927064e-01
-2.492064513019665375e-02,9.482305081681605685e-01,3.166036399434580262e-01
-1.208006953592926230e-01,9.313470998843650372e-01,3.435109482064494513e-01
-2.189658613395505105e-01,9.059472225647221544e-01,3.623721588299719243e-01
-3.176714790652201414e-01,8.720959272729048584e-01,3.722009202333161904e-01
-4.149532183168733179e-01,8.301890013302877236e-01,3.722902747570617787e-01
-5.087575656717931993e-01,7.809633830983989666e-01,3.623008882561764565e-01
-5.970954715390233147e-01,7.254659027819458927e-01,3.423101251327040906e-01
-6.781943283980641501e-01,6.649825438003085232e-01,3.128109163209771282e-01
-7.506223785259011905e-01,6.009393572637864445e-01,2.746596689496035859e-01
-8.133656521142588192e-01,5.347924435470253757e-01,2.289833144265059905e-01
-8.658486526530647653e-01,4.679259015679576583e-01,1.770634387463617121e-01
-9.079023237499497245e-01,4.015731534927543533e-01,1.202180224563950961e-01
-9.396924211087950285e-01,3.367702973219517948e-01,5.969858082379254222e-02
-9.616260203191486777e-01,2.743427308949535903e-01,-3.385712665832373968e-03
-9.742535070224932481e-01,2.149204498202337277e-01,-6.811243868370166210e-02
-9.781796260315293035e-01,1.589742339614428346e-01,-1.337602786823869627e-01
-9.739921200557841718e-01,1.068643158622146067e-01,-1.997983184727532557e-01
-9.622118674738298072e-01,5.889428278439464565e-02,-2.658567011527765422e-01
-9.432651438427565038e-01,1.536495639653600621e-02,-3.316847698135030331e-01
-9.174768638241361796e-01,-2.337489727453885210e-02,-3.971017735100564883e-01
-8.850831276830860572e-01,-5.688228095975395027e-02,-4.619440044026350001e-01
-8.462616502499766824e-01,-8.457759287227399614e-02,-5.260112642331132848e-01
-8.011793172792770479e-01,-1.057035395170295156e-01,-5.890148243444160991e-01
-7.500571215521748547e-01,-1.192792780800407959e-01,-6.505280687484363833e-01
-6.932545824931245493e-01,-1.240372834701390231e-01,-7.099386143615742384e-01
-6.313800355722835045e-01,-1.183176503361105525e-01,-7.663942747044002468e-01
-5.654437594828438662e-01,-9.986815193002063218e-02,-8.187183319628246192e-01
-4.970972838634861168e-01,-6.544094197258523704e-02,-8.652235396065489637e-01
-4.290695931614629255e-01,-9.945025929767608089e-03,-9.032166853438398091e-01
-3.660902966035246009e-01,7.539041121984574323e-02,-9.275204475529614800e-01
-3.170640888661697687e-01,2.069295595243892394e-01,-9.255541696446014654e-01
-3.000344453427457592e-01,4.143013787874342824e-01,-8.592634631722111394e-01
-3.447836977194124186e-01,7.147872186739535616e-01,-6.084434516101578927e-01
-4.314172856643365694e-01,9.014617205469351857e-01,-3.529719561914076986e-02
-4.720190388842764873e-01,7.463617941795489541e-01,4.691930297008348738e-01
-5.008955071993612673e-01,5.248660742423107983e-01,6.882000399425733939e-01
-5.402437196565039734e-01,3.476569469908542542e-01,7.663363299366036108e-01
-5.847259083038977012e-01,2.058859778700731780e-01,7.846697243265255972e-01
-6.283859432641629716e-01,8.573092828421267908e-02,7.731631873308089098e-01
-6.675451576778896889e-01,-2.068212471616860323e-02,7.442820111879813183e-01
-7.001236173986032929e-01,-1.174276742687348912e-01,7.042994119524238483e-01
-7.250519465337330605e-01,-2.066038577161035394e-01,6.569737596011492320e-01
-7.419195432734503326e-01,-2.893184860674610781e-01,6.048555240125920163e-01
-7.507508620384650833e-01,-3.661986062740575365e-01,5.497924371173538161e-01
-7.518452502688819372e-01,-4.376513087234353838e-01,4.931430336330285269e-01
-7.456531430010900907e-01,-5.039913913609103124e-01,4.358830895626596980e-01
-7.326792727515608616e-01,-5.654957872333271629e-01,3.786761121349003223e-01
-7.134100910046572430e-01,-6.224180593941205375e-01,3.219344675439148040e-01
-6.882637222519391029e-01,-6.749825395049026122e-01,2.658789574137418454e-01
-6.575599891338417269e-01,-7.233696725798731686e-01,2.105971924836340381e-01
-6.215072599463781211e-01,-7.676990392321000334e-01,1.560990422650180010e-01
-5.802028194493179525e-01,-8.080133266864539809e-01,1.023677302676574974e-01
-5.336441462845590289e-01,-8.442647487721133270e-01,4.940606356495653301e-02
-4.817495442903914626e-01,-8.763047226689261171e-01,-2.722058804740133328e-03
-4.243876071350415891e-01,-9.038776651921955896e-01,-5.385466810684583910e-02
-3.614156509581424315e-01,-9.266202600166125736e-01,-1.036996671607368498e-01
-2.927272711816706341e-01,-9.440681810416858832e-01,-1.518091375747029348e-01
-2.183083923576658036e-01,-9.556727494116655786e-01,-1.975627542280153359e-01
-1.382995072903763223e-01,-9.608300478648680309e-01,-2.401642467213518095e-01
-5.305933772707763230e-02,-9.589242989496939984e-01,-2.786555141456951712e-01
3.677773845163744004e-02,-9.493855693042371202e-01,-3.119526226067867447e-01
1.302607236210867603e-01,-9.317590136399144241e-01,-3.389060111335952530e-01
2.261089132124539103e-01,-9.057792104428405988e-01,-3.583835672787289983e-01
3.227366920798694916e-01,-8.714394713257868075e-01,-3.693701062630500576e-01
4.183214208439249848e-01,-8.290436131268194009e-01,-3.710712551475098819e-01
5.109116400314229756e-01,-7.792279863310725974e-01,-3.630055666223636068e-01
5.985633462078800981e-01,-7.229454475306578143e-01,-3.450678201037041259e-01
6.794840469755198953e-01,-6.614101094151064730e-01,-3.175501489044942338e-01
7.521607718172537149e-01,-5.960102698834071067e-01,-2.811155127928400277e-01
8.154509481781949676e-01,-5.282041456932955459e-01,-2.367279695931565897e-01
8.686234013859939207e-01,-4.594164346405927302e-01,-1.855530278566004942e-01
9.113478539458719219e-01,-3.909523097751457232e-01,-1.288463448830898250e-01
9.436415184487073615e-01,-3.239401020731617620e-01,-6.784905989509000535e-02
9.657878870281031425e-01,-2.593068417308134199e-01,-3.703930531580267461e-03
9.782446639299658964e-01,-1.977843322136301762e-01,6.259980370062125099e-02
9.815557583403821118e-01,-1.399390692063184616e-01,1.302511043273966163e-01
9.762780812776448158e-01,-8.621750112360372642e-02,1.986143260614439687e-01
9.629293031704748707e-01,-3.699840869274344246e-02,2.672045561921204126e-01
9.419588912066060304e-01,7.354271973369960053e-03,3.356476753391317014e-01
9.137421126941838168e-01,4.644278836197246463e-02,4.036315385327743366e-01
8.785951827591604868e-01,7.979349155882424494e-02,4.708540151015482844e-01
8.368090405358431516e-01,1.068214330907496512e-01,5.369728215747234801e-01
7.886991246517777165e-01,1.267988522071012147e-01,6.015610873822218041e-01
7.346691162119779461e-01,1.388204821075104678e-01,6.640709024131004057e-01
6.752886777826296871e-01,1.417513963490997508e-01,7.238036634969929883e-01
6.113905573650412206e-01,1.341298433024800119e-01,7.798786902464487358e-01
5.442050945492223901e-01,1.139706653176198042e-01,8.311747725440968848e-01
4.755802113855121527e-01,7.835506539543474203e-02,8.761757507859874172e-01
4.084105367677799414e-01,2.254757398911029151e-02,9.125198301211100427e-01
3.476057448662319138e-01,-6.198621270735078792e-02,9.355896298966718261e-01
3.025164626983193328e-01,-1.921271150090206881e-01,9.335796492398530377e-01
2.929648225041208143e-01,-4.014473486643333477e-01,8.677624323658555960e-01
3.534070014851001251e-01,-7.176819972291342831e-01,6.000300343770397227e-01
4.472790723511059774e-01,-8.936076175338907301e-01,-3.750809675440686802e-02
4.694445614524676569e-01,-6.967262440566446280e-01,-5.423968515445320993e-01
4.866826482983970803e-01,-4.710685664204502521e-01,-7.356863499996724176e-01
5.197690525718485777e-01,-3.014936808785774192e-01,-7.993382840692978553e-01
5.601280840438387365e-01,-1.681646993298656634e-01,-8.111579151833965273e-01
6.010219343883310694e-01,-5.544143746631616937e-02,-7.973072691226245068e-01
6.385980131290377448e-01,4.472372457664108153e-02,-7.682397842390342735e-01
6.706811444158224944e-01,1.363515695156255481e-01,-7.291056521627767850e-01
6.960664631884900810e-01,2.214688296120000677e-01,-6.829663508069466760e-01
7.141550413971862188e-01,3.011051263997949756e-01,-6.319163549891289033e-01
7.247485371450591574e-01,3.757919391024142075e-01,-5.775118842168914801e-01
7.279148470527775361e-01,4.458202712864685058e-01,-5.209455452829895306e-01
7.238873799494782713e-01,5.113734865206959190e-01,-4.631244092396203382e-01
7.129837499188956818e-01,5.725909516639092756e-01,-4.047144356508775020e-01
6.955398001815125131e-01,6.295916070864194802e-01,-3.461774034361591035e-01
6.718586214071800011e-01,6.824743685360475931e-01,-2.878102311109994593e-01
6.421749211439892191e-01,7.313059742643649441e-01,-2.297889089119822537e-01
6.066346316981768849e-01,7.761031440741155141e-01,-1.722159498498617713e-01
5.652891045829745442e-01,8.168134805194561254e-01,-1.151692940043965857e-01
5.181030949467653191e-01,8.532980367914189124e-01,-5.875068862995055236e-02
4.649759726772663138e-01,8.853177601753305925e-01,-3.131828693571904465e-03
4.057759030262876876e-01,9.125259401983034646e-01,5.140355034823193559e-02
3.403867048196932976e-01,9.344691030186736969e-01,1.044240713890540878e-01
2.687663357205016812e-01,9.505991608807156101e-01,1.553251174673745127e-01
1.910142294900655791e-01,9.602996404015473608e-01,2.033178909416864799e-01
1.074420384787710819e-01,9.629280470637512357e-01,2.474384459729663532e-01
1.863911797063020487e-02,9.578745279975933169e-01,2.865815274833057313e-01
-7.447880288869225540e-02,9.446338694792604240e-01,3.195618258692781155e-01
-1.706506153936470094e-01,9.228838537646965046e-01,3.452010427652146829e-01
-2.682916884979014149e-01,8.925590270349498256e-01,3.624333775211229236e-01
-3.655623389856351713e-01,8.539064240655823701e-01,3.704159759714492073e-01
-4.604797937642999273e-01,8.075102659022264096e-01,3.686265454322344981e-01
-5.510602225933544096e-01,7.542769593492609781e-01,3.569298245736773900e-01
-6.354689477166399758e-01,6.953793844456069850e-01,3.355990586636902751e-01
-7.121535652036650177e-01,6.321684048442779424e-01,3.052874178284296081e-01
-7.799380918522491601e-01,5.660668400246436915e-01,2.669548754047898487e-01
-8.380653970786323681e-01,4.984643106413987890e-01,2.217650135531507027e-01
-8.861868647574312474e-01,4.306295679448190472e-01,1.709708043586763981e-01
-9.243085609933019420e-01,3.636512675236313608e-01,1.158077704774060496e-01
-9.527093913549882220e-01,2.984109824539885047e-01,5.740819780182369880e-02
-9.718480672642717533e-01,2.355859281703915620e-01,-3.256470911054008301e-03
-9.822732121703456887e-01,1.756748276082057691e-01,-6.540406407386534227e-02
-9.845465049491768372e-01,1.190388662327141883e-01,-1.284442599666895390e-01
-9.791841612612458556e-01,6.595020457049277640e-02,-1.919608003010523645e-01
-9.666184335062822930e-01,1.664213610326200146e-02,-2.556791804425647685e-01
-9.471785902960581094e-01,-2.864311270481518373e-02,-3.194249366899076237e-01
-9.210899060782435921e-01,-6.961125577609715565e-02,-3.830765693566326457e-01
-8.884891597679521746e-01,-1.058785055914687051e-01,-4.465162427376585530e-01
-8.494555562686957328e-01,-1.369397435636483806e-01,-5.095809695788914295e-01
-8.040565035271111105e-01,-1.621409044489047491e-01,-5.720170156911836834e-01
-7.524082374066801693e-01,-1.806518044641311216e-01,-6.334404232652240951e-01
-6.947523330078414494e-01,-1.914308549971995288e-01,-6.933061542602969585e-01
-6.315520670189618269e-01,-1.931632331157766280e-01,-7.508861112155005291e-01
-5.636207947111121497e-01,-1.841329102048705479e-01,-8.052494465373444266e-01
-4.923166092596475418e-01,-1.619397281441516678e-01,-8.552192003782901342e-01
-4.198986510877301681e-01,-1.228451564031810550e-01,-8.992186554798464737e-01
-3.503252708147363004e-01,-6.015687764891332334e-02,-9.346942573377217123e-01
-2.914126505580668658e-01,4.017306939458996362e-02,-9.557535203127108803e-01
-2.617519978624715526e-01,2.128373286938438080e-01,-9.413746135994285336e-01
-3.118812473749613678e-01,5.429682006614061640e-01,-7.796894385627863855e-01
-4.532486735489474339e-01,8.897886025589039072e-01,-5.330931140422467268e-02
-4.557061481105643685e-01,6.536852450482465438e-01,6.041750631898391566e-01
-4.624409574996690142e-01,4.074498724548997197e-01,7.874852139966027620e-01
-4.980325198193482628e-01,2.424445906203694934e-01,8.325768611253330231e-01
-5.431539580024703495e-01,1.160245789828631829e-01,8.315780630693068165e-01
-5.882688907066814243e-01,8.660498433225010534e-03,8.086190128816032052e-01
-6.288490339780546945e-01,-8.774202502022143690e-02,7.725608257672778034e-01
-6.626258758058519716e-01,-1.766811026807353913e-01,7.278122949415235521e-01
-6.885089396464743050e-01,-2.597006707261654834e-01,6.771344044215057423e-01
-7.061055117964101235e-01,-3.374843490264513579e-01,6.225104982029798784e-01
-7.154614313395964986e-01,-4.103473060024363517e-01,5.654467514470647993e-01
-7.168915830836438685e-01,-4.784658715971287224e-01,5.070866472513616552e-01
-7.108545683614546640e-01,-5.419801703252914438e-01,4.482669713617297713e-01
-6.978566974916360355e-01,-6.010308957680395858e-01,3.895611532203067662e-01
-6.783807566997039906e-01,-6.557616244859311161e-01,3.313249776142900838e-01
-6.528373899157187132e-01,-7.063043876009095223e-01,2.737470627855868033e-01
-6.215366480149210338e-01,-7.527587816249794450e-01,2.169018484495986165e-01
-5.846766781307526362e-01,-7.951703513659026390e-01,1.608020346843128667e-01
-5.423465368976103651e-01,-8.335111904696413943e-01,1.054482303172979973e-01
-4.945407587347379064e-01,-8.676642244478076638e-01,5.087466524169018123e-02
-4.411842591396318847e-01,-8.974121439629535457e-01,-2.809511564159965485e-03
-3.821669881118975876e-01,-9.224321242709542235e-01,-5.538383618399597003e-02
-3.173881130535667339e-01,-9.422979789780158155e-01,-1.064861704929014746e-01
-2.468091456396630523e-01,-9.564919308870053483e-01,-1.555905902574693522e-01
-1.705141903133456927e-01,-9.644284085139881446e-01,-2.019969201571152617e-01
-8.877340331715903587e-02,-9.654918542215983335e-01,-2.448361948226384366e-01
-2.103079205470291708e-03,-9.590891574822306698e-01,-2.830963882812362886e-01
8.868686390402757969e-02,-9.447148531644152802e-01,-3.156714849038561588e-01
1.824688814728365194e-01,-9.220238174658934582e-01,-3.414340160553319681e-01
2.778076627083414518e-01,-8.909024996421652798e-01,-3.593266462035206721e-01
3.730106412143950334e-01,-8.515268955531017925e-01,-3.684630343610099668e-01
4.662191361786519606e-01,-8.043948962782612178e-01,-3.682235298053573858e-01
5.555312779678258650e-01,-7.503233995321088035e-01,-3.583291717318219383e-01
6.391395202648776364e-01,-6.904066917139926041e-01,-3.388794382551441609e-01
7.154606498457689590e-01,-6.259407084237907926e-01,-3.103454334450452268e-01
7.832368895867993785e-01,-5.583253725308714444e-01,-2.735192007495257926e-01
8.415930277787883051e-01,-4.889617392098364879e-01,-2.294288412188484894e-01
8.900443785298455257e-01,-4.191607313141119118e-01,-1.792352799301523136e-01
9.284604697649516680e-01,-3.500761778027936533e-01,-1.241282635777683635e-01
9.569967208120564450e-01,-2.826684552977009046e-01,-6.523665177323803577e-02
9.760095577195313510e-01,-2.176985285329305908e-01,-3.562852048827080433e-03
9.859696838602433067e-01,-1.557473071255579267e-01,6.005463205839307872e-02
9.873849484874689386e-01,-9.725270379806394416e-02,1.249514910049671218e-01
9.807400849860193892e-01,-4.255638017951843266e-02,1.906248677576767858e-01
9.664567955066716287e-01,8.046816324630463174e-03,2.567031576860973052e-01
9.448748829471710353e-01,5.426208146686216371e-02,3.229041376174255906e-01
9.162534411822407243e-01,9.575420375096517500e-02,3.889868429468028577e-01
8.807902192705319155e-01,1.321155359123888373e-01,4.547021825414419016e-01
8.386567916748259854e-01,1.628429446197413588e-01,5.197470165044327794e-01
7.900468635695647723e-01,1.873223427248988660e-01,5.837262143162228467e-01
7.352350566190892778e-01,2.048164000966464227e-01,6.461266545885372414e-01
6.746445389157680328e-01,2.144459475644595603e-01,7.063056574064175974e-01
6.089253903825277980e-01,2.151463476487491810e-01,7.634932337885448339e-01
5.390548129075006800e-01,2.055612821948930857e-01,8.168013638233293516e-01
4.664932468415949329e-01,1.837922241734230300e-01,8.652193184300573936e-01
3.934918922662177798e-01,1.468023606639473899e-01,9.075313755591283282e-01
3.238367125402141222e-01,8.890128306879260811e-02,9.419269321342654822e-01
2.650158104931529812e-01,-2.625011897311915320e-03,9.642404936016720773e-01
2.359832090703950502e-01,-1.625581814305775974e-01,9.580640702410364584e-01
2.986705548739820859e-01,-5.006658039512738023e-01,8.124836320844207593e-01
4.698250855888554400e-01,-8.804931607309717245e-01,-6.321536883865887246e-02
4.280165030447481422e-01,-5.594503656439812067e-01,-7.098007900123531888e-01
4.280610372045670631e-01,-3.269868252476140769e-01,-8.425220261464009264e-01
4.623576387353527384e-01,-1.803649134056578285e-01,-8.681554652913490155e-01
5.064191325111797592e-01,-6.777489796315878945e-02,-8.596198144719021661e-01
5.507706444268336554e-01,2.909716638408405345e-02,-8.341492984748398731e-01
5.911949011429182832e-01,1.173003427388642772e-01,-7.979531430202904119e-01
6.255718402580778825e-01,1.997698064406510099e-01,-7.541564142210730459e-01
6.528040347164177915e-01,2.777415380260070399e-01,-7.047740987812436408e-01
6.723818182702534507e-01,3.516999025862204697e-01,-6.513139557697431581e-01
6.841687207956834715e-01,4.217970741128022061e-01,-5.949793187621543744e-01
6.882704508642173424e-01,4.880524296939798834e-01,-5.367388679208631164e-01
6.849393108583278211e-01,5.504472869152843284e-01,-4.773530399699175697e-01
6.744975933385158884e-01,6.089640908821672971e-01,-4.173915818468378891e-01
6.572755710504096793e-01,6.635941006483071503e-01,-3.572557813179825792e-01
6.335639090190212652e-01,7.143271926788340442e-01,-2.972094126842436679e-01
6.035811756651910942e-01,7.611323957528954853e-01,-2.374178605709425793e-01
5.674567500529797970e-01,8.039349098909721603e-01,-1.779929703047405110e-01
5.252289125173328355e-01,8.425935474565761085e-01,-1.190407629360749342e-01
4.768576937288208084e-01,8.768814700733358336e-01,-6.070936808809310192e-02
4.222520938237510624e-01,9.064726724671553493e-01,-3.234707361026217462e-03
3.613112423587109268e-01,9.309367296701251959e-01,5.301878437211781508e-02
2.939785368215822592e-01,9.497446026054576773e-01,1.075258560070229547e-01
2.203064277058922327e-01,9.622884035242427192e-01,1.595810338174083187e-01
1.405271879363305665e-01,9.679175063444132032e-01,2.082974084397592185e-01
5.512194750716085251e-02,9.659918330582781820e-01,2.526288767495225018e-01
-3.512279776959257444e-02,9.559503365857724422e-01,2.914195310173710585e-01
-1.290839126798419556e-01,9.373888217669194001e-01,3.234803553752369498e-01
-2.253076623499661590e-01,9.101370709062853726e-01,3.476880346640086605e-01
-3.220608928651372826e-01,8.743221157137194277e-01,3.630945045863347431e-01
-4.174272676665322090e-01,8.304040054254474557e-01,3.690307087246627038e-01
-5.094384322774884177e-01,7.791736863354457032e-01,3.651860488040135633e-01
-5.962207725503381184e-01,7.217095251490338592e-01,3.516477665059655755e-01
-6.761334269614738268e-01,6.592978753160213534e-01,3.288919283733080512e-01
-7.478745734709761894e-01,5.933310835162354246e-01,2.977278080546987282e-01
-8.105404885893636724e-01,5.252007483863930792e-01,2.592070412849318273e-01
-8.636328103752207719e-01,4.562035741492975749e-01,2.145149593310556324e-01
-9.070200881824247441e-01,3.874724530483740770e-01,1.648625420228075900e-01
-9.408669876088353590e-01,3.199385591360352499e-01,1.113940303868809212e-01
-9.655471743645488436e-01,2.543236363674586942e-01,5.511934380476850998e-02
-9.815544959284340232e-01,1.911570074048291878e-01,-3.125706753316608542e-03
-9.894232605871645658e-01,1.308096808037834125e-01,-6.269321188993330629e-02
-9.896639522412751244e-01,7.353793215202332478e-02,-1.231155317942608518e-01
-9.827169016833688930e-01,1.953005384385007176e-02,-1.840816887761952958e-01
-9.689238694930510931e-01,-3.104823809697312281e-02,-2.454028158715510499e-01
-9.485162297045695023e-01,-7.801260428837220040e-02,-3.069706754059318699e-01
-9.216181824075393436e-01,-1.211247676066964790e-01,-3.687122408166663146e-01
-8.882637292264785600e-01,-1.600640773637404257e-01,-4.305427254969751982e-01
-8.484265785608082755e-01,-1.944065724776583848e-01,-4.923194342792996947e-01
-8.020623704125167119e-01,-2.236117329078662064e-01,-5.537993742089241112e-01
-7.491625067674128058e-01,-2.470160790131263884e-01,-6.146044216916658476e-01
-6.898186989964111282e-01,-2.638303951846046047e-01,-6.741985501998903896e-01
-6.242979695354760050e-01,-2.731323690671063065e-01,-7.318816531391341140e-01
-5.531312678955520035e-01,-2.738360687367631385e-01,-7.868034112375554834e-01
-4.772298572856126242e-01,-2.645960500396799531e-01,-8.379979675503712588e-01
-3.980760921343945991e-01,-2.435412648615485620e-01,-8.844337607648444788e-01
-3.181395556411326653e-01,-2.075359149647369172e-01,-9.250492241692936934e-01
-2.420754649989731444e-01,-1.498921687419771109e-01,-9.586093088403416784e-01
-1.813816458625207018e-01,-5.144038954748859221e-02,-9.820664869892495874e-01
-1.827907192278634962e-01,1.728960250425674028e-01,-9.678297977891774373e-01
-4.747381241081945480e-01,8.716965046290695573e-01,-1.215274344981209786e-01
-3.671899993389927119e-01,4.398601907046388315e-01,8.195697145567968356e-01
-3.756419054677508362e-01,2.298933796923163519e-01,8.977985257451707168e-01
-4.238152991999011854e-01,1.072009247639869045e-01,8.993823179793142275e-01
-4.782884324228723338e-01,9.153799147661911134e-03,8.781551021155862280e-01
-5.299709240368714047e-01,-7.903322076870343549e-02,8.443249195010353869e-01
-5.752778015609389950e-01,-1.619082667581281942e-01,8.017737612235709133e-01
-6.125612146442467321e-01,-2.409240159985245044e-01,7.528109834671036227e-01
-6.411093882100877828e-01,-3.164262258557901664e-01,6.991803743952968997e-01
-6.607615408734058837e-01,-3.883614268028117711e-01,6.423158010467175938e-01
-6.717065205428525143e-01,-4.565669952518122132e-01,5.834011733849582271e-01
-6.743465985312577793e-01,-5.208934052371545498e-01,5.233800965166368613e-01
-6.691918495242942244e-01,-5.812473450414850085e-01,4.629619772859099869e-01
-6.567763458531603593e-01,-6.375939989067375135e-01,4.026396951194518570e-01
-6.375948497147370109e-01,-6.899384156106461718e-01,3.427211552879588230e-01
-6.120596776876909839e-01,-7.382976986415744625e-01,2.833715919590292787e-01
-5.804764818144364513e-01,-7.826711323074154736e-01,2.246618630586023624e-01
-5.430367956576374056e-01,-8.230123537639529863e-01,1.666184386969321307e-01
-4.998249939499354033e-01,-8.592057912263745267e-01,1.092720629713130887e-01
-4.508377518291324382e-01,-8.910486447618557460e-01,5.270326549383631126e-02
-3.960147799021482284e-01,-9.182395048097274914e-01,-2.916488614690725904e-03
-3.352801093197846360e-01,-9.403750214249911865e-01,-5.728933037190062083e-02
-2.685931311080854700e-01,-9.569565377974146303e-01,-1.099632424419178522e-01
-1.960077137140939507e-01,-9.674089295747511086e-01,-1.603151245004913183e-01
-1.177359610825616243e-01,-9.711136781728911815e-01,-2.075487112306024229e-01
-3.421071421654715838e-02,-9.674571073374862440e-01,-2.507117318654580873e-01
5.386174572145630002e-02,-9.558925148486635548e-01,-2.887358869349889168e-01
1.454692769715160705e-01,-9.360117116033487283e-01,-3.205008037411983257e-01
2.392923337046855836e-01,-9.076177758431906994e-01,-3.449190513781821288e-01
3.337411454160086888e-01,-8.707876996389307678e-01,-3.610341119810564492e-01
4.270335140238964988e-01,-8.259124299159802396e-01,-3.681182364549240860e-01
5.173068284824842156e-01,-7.737037724110581438e-01,-3.657541766846842957e-01
6.027494433739039037e-01,-7.151630203659954388e-01,-3.538855221868166256e-01
6.817308222037409271e-01,-6.515139072263024245e-01,-3.328253517208811796e-01
7.529091276912500685e-01,-5.841102764706712636e-01,-3.032210915496428849e-01
8.152997904987407951e-01,-5.143341400867552649e-01,-2.659824128658273001e-01
8.682974090834525427e-01,-4.435008838103636220e-01,-2.221859028795253876e-01
9.116531272201333636e-01,-3.727852549169230478e-01,-1.729732041279110621e-01
9.454174392960355000e-01,-3.031759231364757334e-01,-1.194580474696995687e-01
9.698624438843236328e-01,-2.354599861881598866e-01,-6.265329079145579017e-02
9.853977852228384959e-01,-1.702336158528484911e-01,-3.423581690169793471e-03
9.924919737054487268e-01,-1.079320277940147149e-01,5.753572374216617269e-02
9.916069909929323689e-01,-4.887109122957337959e-02,1.196962482953132512e-01
9.831503801861206648e-01,6.706438764795873662e-03,1.826755419287985072e-01
9.674461746710283361e-01,5.858567646817736813e-02,2.462023915951265240e-01
9.447242416435958079e-01,1.065394665106423888e-01,3.100732967002488016e-01
9.151267001373836196e-01,1.502962609447528741e-01,3.741044728971971711e-01
8.787295988889888276e-01,1.895180498996527907e-01,4.380835545859142477e-01
8.355775793561989184e-01,2.237896459112322101e-01,5.017253265085990233e-01
7.857285583300076537e-01,2.526196780286638632e-01,5.646361048474868305e-01
7.293046198761383714e-01,2.754521611347104382e-01,6.262913685765904015e-01
6.665447676671300004e-01,2.916852216407444520e-01,6.860304688364515791e-01
5.978557539017526068e-01,3.006902213115262845e-01,7.430705809909260440e-01
5.238600252123037926e-01,3.018192284554043758e-01,7.965399094327595408e-01
4.454470977458624970e-01,2.943780678746095725e-01,8.455284952408168575e-01
3.638529727777955469e-01,2.775135553077333062e-01,8.891553524672852760e-01
2.808474292960668195e-01,2.498687006887848616e-01,9.266554666508416416e-01
1.993269016581070974e-01,2.084695250965842295e-01,9.575015631221621693e-01
1.258351476599100238e-01,1.440940359666419979e-01,9.815306538321931784e-01
8.933843641821805071e-02,7.264300665346207393e-03,9.959748358840153637e-01
4.810252067885371630e-01,-8.409049046132276439e-01,-2.479792165312720842e-01
2.664018049457760884e-01,-2.426933578756289289e-01,-9.328075966482501924e-01
3.067927613571206913e-01,-1.146742212593657717e-01,-9.448428570706510765e-01
3.658922425537021184e-01,-2.770542467206175974e-02,-9.302447399919892002e-01
4.249080037027304635e-01,4.974506322627021693e-02,-9.038686945978241516e-01
4.790586150967292567e-01,1.239622137846888433e-01,-8.689857380044868629e-01
5.263632602930526927e-01,1.965224925384371490e-01,-8.272367424988738005e-01
5.658325906569364738e-01,2.676403088352661830e-01,-7.798731591977141608e-01
5.969861661076842907e-01,3.370671868630487622e-01,-7.280063385824873112e-01
6.196702319444616913e-01,4.044119035555343578e-01,-6.726513330875710794e-01
6.339595935563460127e-01,4.692747557610873477e-01,-6.147165504061562480e-01
6.400849632460424710e-01,5.313057365035179780e-01,-5.549823908780950887e-01
6.383691542841621880e-01,5.902241114195869720e-01,-4.940853379300814141e-01
6.291692664004938651e-01,6.458151380634024052e-01,-4.325145565934319092e-01
6.128267445743140751e-01,6.979124931193450010e-01,-3.706231685720530744e-01
5.896282727284614111e-01,7.463723339012718894e-01,-3.086532669291212061e-01
5.597799607865427962e-01,7.910436284971700260e-01,-2.467719054427547076e-01
5.233963143522593064e-01,8.317384816701965944e-01,-1.851145489458536908e-01
4.805046517193269917e-01,8.682055087960135475e-01,-1.238324439407681027e-01
4.310651305078764817e-01,9.001089500733108206e-01,-6.314056745191366782e-02
3.750061888596404325e-01,9.270162080200879950e-01,-3.362794228692708980e-03
3.122746114559011299e-01,9.483967085199697111e-01,5.502954032657327715e-02
2.428981888073030726e-01,9.636351283717452532e-01,1.113903462697808516e-01
1.670567964201319366e-01,9.720616677777731418e-01,1.648882676449015816e-01
8.515475865002825051e-02,9.730007158217327534e-01,2.145187033562604151e-01
-2.115855830677638039e-03,9.658366462464372804e-01,2.591430028411687014e-01
-9.373374887167214287e-02,9.500916519879357702e-01,2.975564436292676973e-01
-1.883415976058669117e-01,9.255061355694308434e-01,3.285815509650653610e-01
-2.842834581582496245e-01,8.921085215596562534e-01,3.511770225658720768e-01
-3.796886431950398100e-01,8.502601115351330341e-01,3.645466732271370747e-01
-4.725944403764578139e-01,8.006631095293874623e-01,3.682296565514445730e-01
-5.610902297357877044e-01,7.443263962680917167e-01,3.621546215549327208e-01
-6.434593056587086801e-01,6.824925569294172378e-01,3.466468400218853940e-01
-7.182945699820226793e-01,6.165382863448499728e-01,3.223871154455414945e-01
-7.845705092576806816e-01,5.478656909889974003e-01,2.903313635146778093e-01
-8.416642520336985456e-01,4.778025187818102926e-01,2.516069154341997738e-01
-8.893293717394511466e-01,4.075252983226397840e-01,2.074039531652094592e-01
-9.276341697259393726e-01,3.380126945868304755e-01,1.588781465621280364e-01
-9.568797955987222714e-01,2.700295448259790176e-01,1.070752151341390901e-01
-9.775129773444996006e-01,2.041368986558791676e-01,5.288199816810220527e-02
-9.900447950699273747e-01,1.407207326503671363e-01,-2.996524201337980118e-03
-9.949825974102060044e-01,8.003162199335736582e-02,-6.003807401934362770e-02
-9.927782011576375965e-01,2.222876914514671648e-02,-1.178869166977283417e-01
-9.837926740854225915e-01,-3.257645576727478259e-02,-1.763256899759544916e-01
-9.682764465642195173e-01,-8.428059551854720499e-02,-2.352392489530761854e-01
-9.463630272893175377e-01,-1.327536787881200553e-01,-2.945733887302431353e-01
-9.180748281616611939e-01,-1.778114973631882423e-01,-3.542903912067011940e-01
-8.833400934921078473e-01,-2.191957011060287341e-01,-4.143229704541983027e-01
-8.420202559745358917e-01,-2.565631092675352831e-01,-4.745284601491798759e-01
-7.939468494328962844e-01,-2.894860476841117358e-01,-5.346458907275076777e-01
-7.389661743576428909e-01,-3.174657988059034763e-01,-5.942595895261257866e-01
-6.769882021000542816e-01,-3.399612857955402467e-01,-6.527735429515959531e-01
-6.080338423015041460e-01,-3.564351941234819576e-01,-7.094003094207284033e-01
-5.322716628179328113e-01,-3.664210012358685153e-01,-7.631661200645218912e-01
-4.500303837969577003e-01,-3.696199017679186460e-01,-8.129291370572450104e-01
-3.617622142793393558e-01,-3.660551547611946566e-01,-8.573982295249199526e-01
-2.678958603039054420e-01,-3.563736288941021235e-01,-8.951143193251235308e-01
-1.683735009666599280e-01,-3.426273586812322303e-01,-9.242601675152686269e-01
-6.090346670497925191e-02,-3.311334219242419441e-01,-9.416163893157646347e-01
6.979220944727418385e-02,-3.501698563489701876e-01,-9.340825012840189290e-01
4.818322936323265471e-01,-8.292790150061749577e-01,-2.830794165660932560e-01
-7.897971370760267784e-02,-3.959697279540896203e-02,9.960894962643188633e-01
-2.125641488945017032e-01,-1.794443806408773864e-02,9.769823333854714686e-01
-3.057484512818535727e-01,-5.703422785366033670e-02,9.504025365032886530e-01
-3.831480490869954569e-01,-1.126072544391737290e-01,9.167972397037964516e-01
-4.486668150652842746e-01,-1.753179029565374303e-01,8.763342524186168436e-01
-5.032142279950251318e-01,-2.413481172212379733e-01,8.297749857986407296e-01
-5.470991094719190873e-01,-3.084959137222059167e-01,7.781470527038796270e-01
-5.805904629277598428e-01,-3.752570024053221154e-01,7.225627284209321655e-01
-6.040652302082631930e-01,-4.405379925836793720e-01,6.641020062789901868e-01
-6.180233200330681465e-01,-5.035421133270120420e-01,6.037321558451812509e-01
-6.230513308322986887e-01,-5.637055502480136093e-01,5.422574036079964577e-01
-6.197680677916462821e-01,-6.206468426416296147e-01,4.802968237088245940e-01
-6.087692409926804826e-01,-6.741183688293338472e-01,4.182875040305099601e-01
-5.905812674581133459e-01,-7.239584188987128188e-01,3.565080282872243322e-01
-5.656292241863517534e-01,-7.700454879112956785e-01,2.951161250995960050e-01
-5.342206102011169966e-01,-8.122569141123368031e-01,2.341944600391949460e-01
-4.965445567868910781e-01,-8.504335296380900466e-01,1.737996397942460358e-01
-4.526853047618956682e-01,-8.843514749727934277e-01,1.140108923132984314e-01
-4.026487379767239583e-01,-9.137021599883419221e-01,5.497596418790509643e-02
-3.464009864705538400e-01,-9.380815889266089780e-01,-3.047800708014656700e-03
-2.839180741614897863e-01,-9.569907356757596517e-01,-5.965952560320025161e-02
-2.152448949292564695e-01,-9.698490468090532612e-01,-1.142911265604818483e-01
-1.405602606686562894e-01,-9.760230832349207075e-01,-1.661979365496412397e-01
-6.024245397976375760e-02,-9.748714019395352537e-01,-2.144681711092369381e-01
2.507293356857973055e-02,-9.658047544171025622e-01,-2.580552738224619058e-01
1.144532558268910594e-01,-9.483575417290219800e-01,-2.958351319169353899e-01
2.066580742772027579e-01,-9.222626857634629305e-01,-3.266863614912663416e-01
3.001661535007436044e-01,-8.875186724992889520e-01,-3.495867363869344935e-01
3.932434892055883258e-01,-8.444359047692335807e-01,-3.637135699062935545e-01
4.840476498082010304e-01,-7.936509643771029188e-01,-3.685322502284593127e-01
5.707551087527350520e-01,-7.361023863085706109e-01,-3.638569536280452099e-01
6.516918787711188932e-01,-6.729691783887261636e-01,-3.498716623028679251e-01
7.254460974658293315e-01,-6.055813735405717324e-01,-3.271072602256225315e-01
7.909450934657210608e-01,-5.353177459518652093e-01,-2.963794358445197563e-01
8.474876010510781210e-01,-4.635075978756924564e-01,-2.586995801623841462e-01
8.947313827520620988e-01,-3.913509867341276038e-01,-2.151747148268298993e-01
9.326445909617728791e-01,-3.198662385983703782e-01,-1.669121216529161900e-01
9.614338384432336015e-01,-2.498671881841910414e-01,-1.149406915119103034e-01
9.814627963673950850e-01,-1.819671888377465130e-01,-6.015581046899113465e-02
9.931730862919116998e-01,-1.166035992794743487e-01,-3.289574512096376125e-03
9.970157155651633296e-01,-5.407528812227758996e-02,5.509560899543788914e-02
9.933976531671033783e-01,5.413828350387259875e-03,1.145940362526946393e-01
9.826452211475579235e-01,6.171086733771335292e-02,1.749289518870273952e-01
9.649841136649347506e-01,1.146738455476668528e-01,2.359143266561192775e-01
9.405349484075782307e-01,1.641383285228661393e-01,2.974098517764232619e-01
9.093229303415966136e-01,2.098931958959353583e-01,3.592723962003796512e-01
8.712999795068762099e-01,2.516676301205564292e-01,4.213071915607659035e-01
8.263770941217013499e-01,2.891314183996583353e-01,4.832224345011043587e-01
7.744635077312981286e-01,3.219105916092223074e-01,5.445914488883699667e-01
7.155073363567434619e-01,3.496202463089676526e-01,6.048263676382956699e-01
6.495300624908716403e-01,3.719165422264547605e-01,6.631657285618142161e-01
5.766443279199929828e-01,3.885716894335309868e-01,7.186747256224271796e-01
4.970398953612654158e-01,3.995823533133619487e-01,7.702501446542011632e-01
4.109116741329742473e-01,4.053408849280996096e-01,8.166090637918130835e-01
3.182715181352690492e-01,4.069521945833133314e-01,8.562085914470236592e-01
2.184798956774758327e-01,4.069449589374559695e-01,8.869398714569953768e-01
1.089312693523964842e-01,4.112414573318360911e-01,9.049941670137234828e-01
-1.962042850870014676e-02,4.362024502071329968e-01,8.996346265114679719e-01
-2.068628561217254469e-01,5.445135913772135572e-01,8.128423632923245101e-01
-5.186574956213816368e-01,8.478772409809928190e-01,-1.099935746405938664e-01
-9.047701873052872712e-02,2.810676437011896955e-01,-9.554134648129555263e-01
1.056104511268876195e-01,1.539768807080950375e-01,-9.824141452667405350e-01
2.216226299494389596e-01,1.486507211742604806e-01,-9.637356343877019338e-01
3.096623324972791469e-01,1.793732777469178308e-01,-9.337743127023101497e-01
3.813921070425771997e-01,2.255891369575730721e-01,-8.964650589801927971e-01
4.405248561820885866e-01,2.796210726066530872e-01,-8.530825908668252522e-01
4.885449733455505816e-01,3.376661443392280915e-01,-8.045529093763038597e-01
5.262095909796006277e-01,3.974545373145982885e-01,-7.517535215275814586e-01
5.540421821650004519e-01,4.574658895152832749e-01,-6.955301721074615973e-01
5.725078115144301982e-01,5.166161428047270077e-01,-6.366651920346546589e-01
5.820660037663503150e-01,5.741101559086960737e-01,-5.758443332550590155e-01
5.831708560561462695e-01,6.293574292102083190e-01,-5.136350639750553171e-01
5.762489425403950483e-01,6.819123048879612847e-01,-4.504805929931551822e-01
5.616712190104530267e-01,7.314237224225562661e-01,-3.867102015887908251e-01
5.397286346613657804e-01,7.775894354179896384e-01,-3.225642119840793631e-01
5.106174598937668341e-01,8.201138844161692809e-01,-2.582305679803608145e-01
4.744379455574989080e-01,8.586708016568850299e-01,-1.938893761842100105e-01
4.312083508140940880e-01,8.928724955105153960e-01,-1.297615696152517595e-01
3.808952829614534186e-01,9.222483076440862737e-01,-6.615770903933500258e-02
3.234602642028024388e-01,9.462351976835595702e-01,-3.522519923032885365e-03
2.589210055841558722e-01,9.641837017551543321e-01,5.753001075106024126e-02
1.874236565801146726e-01,9.753822948237984569e-01,1.161970391120176749e-01
1.093192416656903615e-01,9.791020033970437852e-01,1.714892718088619206e-01
2.523402215957452205e-02,9.746605800837319089e-01,2.222611026619218388e-01
-6.387934846538781408e-02,9.615016259311609526e-01,2.672714952466336835e-01
-1.567237975726777366e-01,9.392793106589962804e-01,3.052736933349469162e-01
-2.516841225000772120e-01,9.079351121957468518e-01,3.351252519931356422e-01
-3.469018953359425672e-01,8.677510831362648114e-01,3.559032631603284424e-01
-4.403931972622177615e-01,8.193661464966325303e-01,3.670053811327841364e-01
-5.301928309376763293e-01,7.637482606793792872e-01,3.682175394132054524e-01
-6.145012716804584274e-01,7.021246142688762903e-01,3.597349206580880976e-01
-6.918093487750889281e-01,6.358814209166574472e-01,3.421324940434629092e-01
-7.609811559000017045e-01,5.664511802031683141e-01,3.162921763362713246e-01
-8.212859274510085905e-01,4.952064765698781512e-01,2.833019077489297155e-01
-8.723808863589093132e-01,4.233756326214955235e-01,2.443453760929233387e-01
-9.142558400097871019e-01,3.519887479621203186e-01,2.005995521332422926e-01
-9.471546508317739699e-01,2.818554303949710182e-01,1.531521588636807762e-01
-9.714886629865521206e-01,2.135699272172571772e-01,1.029449555685790357e-01
-9.877540996682652175e-01,1.475363166168792151e-01,5.074321499135236307e-02
-9.964611279690839263e-01,8.400578861197616209e-02,-2.871920308969368781e-03
-9.980781726696958955e-01,2.311907632656595019e-02,-5.749321307882512139e-02
-9.929919748941500313e-01,-3.505109780850820117e-02,-1.128643359889831693e-01
-9.814820860773995070e-01,-9.046084979384737268e-02,-1.688483028156674282e-01
-9.637078224405366544e-01,-1.430610895949075978e-01,-2.253902340626961764e-01
-9.397058481185870393e-01,-1.927696431914515396e-01,-2.824761647919478147e-01
-9.093971076705580359e-01,-2.394504115189426963e-01,-3.400888133764952137e-01
-8.726023810000914649e-01,-2.829008289730047809e-01,-3.981610297848824920e-01
-8.290658809325154310e-01,-3.228496805676314696e-01,-4.565280372890260785e-01
-7.784856712150941549e-01,-3.589683647348855811e-01,-5.148803480735564264e-01
-7.205479179569102000e-01,-3.908998737740893570e-01,-5.727198151027802497e-01
-6.549588043891200195e-01,-4.183113939568090522e-01,-6.293206990391192468e-01
-5.814628366844323271e-01,-4.409796889437369583e-01,-6.836942909619606601e-01
-4.998276641971652889e-01,-4.589265685408551732e-01,-7.345466021911214449e-01
-4.097582386657771525e-01,-4.726430943672329521e-01,-7.801965721486391336e-01
-3.106608374013268836e-01,-4.834987338286595993e-01,-8.183635002193030417e-01
-2.010570222053504608e-01,-4.945973694190264336e-01,-8.455468739139754275e-01
-7.705796236567326318e-02,-5.128722439248224463e-01,-8.549994923083684695e-01
7.208912633377410895e-02,-5.550936663443691854e-01,-8.286580594242712872e-01
2.770731751947239641e-01,-6.654276148972146920e-01,-6.931353005869185235e-01
5.301992410033021796e-01,-8.455603812660447138e-01,-6.258119903568071241e-02
2.907162128972884951e-01,-5.166060928490143755e-01,8.053584471463213212e-01
1.859605176573674370e-02,-2.894973908808268770e-01,9.569981439542710744e-01
-1.413620805158200266e-01,-2.344641685307592982e-01,9.617917216671281189e-01
-2.539218019902794721e-01,-2.415276693968277377e-01,9.365832068693875634e-01
-3.407125351725435736e-01,-2.754299306286543403e-01,8.989178614813441159e-01
-4.094574171044267352e-01,-3.226481900948924286e-01,8.533714132818498443e-01
-4.635036301303860351e-01,-3.766992412403028512e-01,8.020362002459331396e-01
-5.046483617617197881e-01,-4.339249986778106472e-01,7.463505386168582945e-01
-5.341044702630244334e-01,-4.920338669721077141e-01,6.874846097168489933e-01
-5.528540120839607885e-01,-5.495059245438173035e-01,6.264149425212590661e-01
-5.617689773636312944e-01,-6.053086188672963663e-01,5.639300417576509350e-01
-5.616369818038358108e-01,-6.587354545600119238e-01,5.006311032845366382e-01
-5.531504430853795284e-01,-7.092978189875492889e-01,4.369452955393318128e-01
-5.368869756108634039e-01,-7.566428928835521317e-01,3.731540004719628989e-01
-5.132945432233902983e-01,-8.004873069591064150e-01,3.094330029173490981e-01
-4.826875492980801097e-01,-8.405628234817248412e-01,2.459001210513003521e-01
-4.452561770934567731e-01,-8.765729083563612578e-01,1.826660151637158336e-01
-4.010894495637847834e-01,-9.081601823115211802e-01,1.198846808917820861e-01
-3.502116933847549962e-01,-9.348854743430972114e-01,5.780068925942215274e-02
-2.926315890044547396e-01,-9.562198755900256364e-01,-3.209773095373439581e-03
-2.284021572221749397e-01,-9.715517203993784268e-01,-6.260758073320789319e-02
-1.576884916932188574e-01,-9.802104932845456808e-01,-1.196734241274369920e-01
-8.083772780321638041e-02,-9.815088793359475483e-01,-1.735096007381306260e-01
1.557022422691318282e-03,-9.748022151635512556e-01,-2.230654993346319614e-01
8.860944532001131801e-02,-9.595614014790043722e-01,-2.671896012043297186e-01
1.791210704256928077e-01,-9.354513408438278610e-01,-3.047071233874231733e-01
2.716002982532544907e-01,-9.024032096068945741e-01,-3.345171524450102352e-01
3.643238905753190537e-01,-8.606668687621101821e-01,-3.556974047857073828e-01
4.554373045429043199e-01,-8.108309080282612991e-01,-3.676004627537336478e-01
5.430812596869554199e-01,-7.538027976646692885e-01,-3.699244349995649550e-01
6.255249563736675622e-01,-6.907495271486234767e-01,-3.627445653592544228e-01
7.012840591226291442e-01,-6.230076596956253265e-01,-3.464998187316531419e-01
7.692049509511945660e-01,-5.519781249774282639e-01,-3.219377159926634646e-01
8.285046889669821502e-01,-4.790232790374814309e-01,-2.900287546087517709e-01
8.787657572831482078e-01,-4.053814323761908422e-01,-2.518663099963999730e-01
9.198930721281521894e-01,-3.321085045881012610e-01,-2.085681591971439430e-01
9.520457153843751019e-01,-2.600498761189375951e-01,-1.611924866387354771e-01
9.755570833712566836e-01,-1.898398574519745419e-01,-1.106761293449539940e-01
9.908553396967353377e-01,-1.219226203654199120e-01,-5.779766809912624537e-02
9.983926525500543825e-01,-5.658710522790474234e-02,-3.163993677709279247e-03
9.985880160637534697e-01,5.991166894806695779e-03,5.278333158389564295e-02
9.917854196103084163e-01,6.570706933405497108e-02,1.097463552375856355e-01
9.782271441870891149e-01,1.224857132740729687e-01,1.675377701275549136e-01
9.580410181323169017e-01,1.762479255302602521e-01,2.260399883256798970e-01
9.312402612468203555e-01,2.268833753368689476e-01,2.851587449627021043e-01
8.977346397992145288e-01,2.742332154353289142e-01,3.447733459195692074e-01
8.573515454136718672e-01,3.180844069344557212e-01,4.046858505581137355e-01
8.098648439420285117e-01,3.581784005922943326e-01,4.645720265964145002e-01
7.550276160558808680e-01,3.942373248947501074e-01,5.239372392308114801e-01
6.926021465951391898e-01,4.260113376585388245e-01,5.820795535991515335e-01
6.223767197462760636e-01,4.533520337175868109e-01,6.380588940231093353e-01
5.441534766410883739e-01,4.763206452017330617e-01,6.906631862304670744e-01
4.576825547063746447e-01,4.953502699054533887e-01,7.383459820585744904e-01
3.624981512564288688e-01,5.115073895553264860e-01,7.790733474878771547e-01
2.575637881619320391e-01,5.269610723073552272e-01,8.099215537941669707e-01
1.405089165867221268e-01,5.459246504531395372e-01,8.259682320690324708e-01
5.925620142566802480e-03,5.767132350102279759e-01,8.169251689046944653e-01
-1.582373876322801243e-01,6.360568286731820287e-01,7.552434308575785016e-01
-3.708405715868737795e-01,7.494063514968091200e-01,5.485138018330639742e-01
-5.502080214372726541e-01,8.339065312889080150e-01,-4.325540682716306345e-02
-3.815582726263205826e-01,6.062502715915286666e-01,-6.977634934457491722e-01
-1.340449076287983099e-01,4.010755078829670306e-01,-9.061845285123814042e-01
3.751550533204008747e-02,3.229386503101985273e-01,-9.456760623995454917e-01
1.609520830520461687e-01,3.091358601020505747e-01,-9.372990168351681417e-01
2.559068403698435135e-01,3.270068195663157207e-01,-9.097132674689573095e-01
3.312700785257642333e-01,3.618552653814179343e-01,-8.713902122409211692e-01
3.912921952334489362e-01,4.062601368943618008e-01,-8.257379239928144266e-01
4.382513337542411347e-01,4.559889048409178081e-01,-7.746030513266838335e-01
4.735460150332934659e-01,5.083831984877092980e-01,-7.192361887040266133e-01
4.981604164604626073e-01,5.616550568514813158e-01,-6.605904908376274420e-01
5.128640282427029407e-01,6.145451435720469258e-01,-5.994203492097011088e-01
5.182910520507114649e-01,6.661353691362641438e-01,-5.363189865647680632e-01
5.149643647320525375e-01,7.157311232437931769e-01,-4.717421565604367761e-01
5.032964286314508540e-01,7.627767554860784838e-01,-4.060348830050909963e-01
4.835849848390644246e-01,8.067887267877162927e-01,-3.394665119955976307e-01
4.560140016077048331e-01,8.473003888940272565e-01,-2.722742759016322789e-01
4.206661876106339570e-01,8.838169919212792713e-01,-2.047131734704835115e-01
3.775507657370598125e-01,9.157819792766263012e-01,-1.371086639258966566e-01
3.266482233546526559e-01,9.425570857778486911e-01,-6.990764070699302668e-02
2.679717132260249213e-01,9.634195905331817134e-01,-3.722027348820693832e-03
2.016421365739725913e-01,9.775801838872875127e-01,6.064184057876487871e-02
1.279704674947374776e-01,9.842238921700728893e-01,1.221756503185919274e-01
4.753687311958394723e-02,9.825739437585162550e-01,1.796905416009662859e-01
-3.874736388837680956e-02,9.719742361617321746e-01,2.318722191844440894e-01
-1.296106205976248205e-01,9.519807287879498148e-01,2.773693909656620438e-01
-2.234376691492595268e-01,9.224470603112909783e-01,3.149079689817387284e-01
-3.183387375952165255e-01,8.835870456721348631e-01,3.434157551229596872e-01
-4.122665029861860564e-01,8.359983841598682686e-01,3.621367589704621581e-01
-5.031648616286016340e-01,7.806385809751581473e-01,3.707135388886702576e-01
-5.891246250529389439e-01,7.187543542732748314e-01,3.692212810354271180e-01
-6.685191049278002007e-01,6.517764268990888787e-01,3.581475892494452307e-01
-7.400978392681061280e-01,5.811989089790814411e-01,3.383238337927232386e-01
-8.030274046271530519e-01,5.084641381438235186e-01,3.108234348298688499e-01
-8.568803498045907130e-01,4.348699349320293561e-01,2.768468995870728699e-01
-9.015828893433731617e-01,3.615088835611124929e-01,2.376123329073071000e-01
-9.373369316440378629e-01,2.892413555879168596e-01,1.942650632352724838e-01
-9.645322426639677538e-01,2.186978471411289426e-01,1.478134111555922392e-01
-9.836614798019435169e-01,1.503028343141649681e-01,9.909163007529557532e-02
-9.952463468897354559e-01,8.431161989246307997e-02,4.874689481131119773e-02
-9.997787626713035003e-01,2.085273804374520798e-02,-2.754818962524459465e-03
-9.976775977248628635e-01,-4.002955800537236208e-02,-5.510939560402736831e-02
-9.892595052842192427e-01,-9.833615203235239466e-02,-1.081463471796059450e-01
-9.747215352470863792e-01,-1.540790382811409454e-01,-1.617948660740556321e-01
-9.541332701690408147e-01,-2.072531497707855719e-01,-2.160459087014154345e-01
-9.274367953140466581e-01,-2.578144064176027261e-01,-2.709109125545703378e-01
-8.944535520724901101e-01,-3.056645835841514391e-01,-3.263770909963393807e-01
-8.548976653087810851e-01,-3.506443372793555113e-01,-3.823591643775740012e-01
-8.083953043745699674e-01,-3.925368113813054172e-01,-4.386477898904128647e-01
-7.545086424993421303e-01,-4.310855456835699373e-01,-4.948554947623582945e-01
-6.927606475555901921e-01,-4.660318466961158590e-01,-5.503607935376276794e-01
-6.226529099001933965e-01,-4.971786607232417388e-01,-6.042488999694293206e-01
-5.436624344557211552e-01,-5.244913685016777682e-01,-6.552403846901654338e-01
-4.551933193294938618e-01,-5.482534052787032541e-01,-7.015819593163036272e-01
-3.564415088679021015e-01,-5.693116658746223413e-01,-7.408330971649658148e-01
-2.460961175152614755e-01,-5.894837998622688424e-01,-7.693799780627614826e-01
-1.217348547927867702e-01,-6.122713658754836974e-01,-7.812198151977128857e-01
2.129564615079604720e-02,-6.440946228669162110e-01,-7.646493394026736556e-01
1.911595510265493569e-01,-6.956812924239870188e-01,-6.924489623233029967e-01
3.931170088983815258e-01,-7.757919964178974226e-01,-4.935643783831270559e-01
5.606854392265531173e-01,-8.273369943550024086e-01,-3.384281328373810183e-02
4.809371640684592664e-01,-6.870774156603037808e-01,5.446320492840521776e-01
2.478061899594597162e-01,-4.938177242713531756e-01,8.335083367388943509e-01
5.125951008600942299e-02,-3.938021118655775643e-01,9.177648714763240179e-01
-9.476563297705116462e-02,-3.633749677212070872e-01,9.268107183454831199e-01
-2.059086263922926818e-01,-3.713026008589180860e-01,9.053927413960430881e-01
-2.923704193260226458e-01,-4.004382793376899952e-01,8.684288815695824226e-01
-3.597402350602709187e-01,-4.415321842058679280e-01,8.219709809897041142e-01
-4.112640344375091961e-01,-4.892149643481243371e-01,7.691102733913043332e-01
-4.490505572228578046e-01,-5.401399219770481874e-01,7.117601153088514154e-01
-4.746345474934459130e-01,-5.921112220306278262e-01,6.512498346035018315e-01
-4.892276576938436872e-01,-6.436399714722093046e-01,5.885438692830372576e-01
-4.938220708924590530e-01,-6.936921212302419315e-01,5.243386341311983001e-01
-4.892275181101795600e-01,-7.415274086532855913e-01,4.591225737640191595e-01
-4.760824551080541367e-01,-7.865854081111043339e-01,3.932288032239944497e-01
-4.548603912760965096e-01,-8.283993754189566960e-01,3.268891237922098014e-01
-4.258820255966456747e-01,-8.665295066710126948e-01,2.602904422797527872e-01
-3.893383417826338233e-01,-9.005122717198503768e-01,1.936318777988356721e-01
-3.453268880521155881e-01,-9.298250431433451313e-01,1.271799100947868522e-01
-2.939017388900819205e-01,-9.538667762986530185e-01,6.131835737364119132e-02
-2.351361340193031113e-01,-9.719564624774547079e-01,-3.410795621019751568e-03
-1.691948623873095747e-01,-9.833513976049298444e-01,-6.628067116566040140e-02
-9.641083465498215266e-02,-9.872866441604101206e-01,-1.263725968064490779e-01
-1.735717978350178464e-02,-9.830350570251010778e-01,-1.825946466072307095e-01
6.709661479471493162e-02,-9.699837920867475649e-01,-2.337295175456084728e-01
1.557572698724593030e-01,-9.477187597290452903e-01,-2.785118046681648862e-01
2.471200863837780259e-01,-9.161041784238799224e-01,-3.157289932520959130e-01
3.394268278716069398e-01,-8.753419482294562126e-01,-3.443339980177362869e-01
4.307661598668670044e-01,-8.259966843964264838e-01,-3.635519122211610665e-01
5.192038816484965125e-01,-7.689776535428520798e-01,-3.729620592404319646e-01
6.029224316736626621e-01,-7.054775804181222520e-01,-3.725398299673597924e-01
6.803463868635163392e-01,-6.368777630934798761e-01,-3.626506704237620893e-01
7.502340662007029870e-01,-5.646359970108656423e-01,-3.439985999848037546e-01
8.117236324598036123e-01,-4.901762261971578938e-01,-3.175405671365067461e-01
8.643322530878523313e-01,-4.147962899272137904e-01,-2.843831818773671083e-01
9.079156811813149375e-01,-3.396041282792253146e-01,-2.456789610869768159e-01
9.426009224082986249e-01,-2.654857395001358200e-01,-2.025359800062466187e-01
9.687059884271759236e-01,-1.931021719902198952e-01,-1.559495404224962856e-01
9.866589443527908898e-01,-1.229090650606024238e-01,-1.067590242301081488e-01
9.969249730816275301e-01,-5.519087846979776196e-02,-5.562881429554484419e-02
9.999463676382623900e-01,9.897565105266984894e-03,-3.049598667349644014e-03
9.960971668466683804e-01,7.228807145298667136e-02,5.064453500278464498e-02
9.856520110687780889e-01,1.319586299083955749e-01,1.052474848572289984e-01
9.687677523203083174e-01,1.888980097119593582e-01,1.606442778038433550e-01
9.454761803014626320e-01,2.430768920458802052e-01,2.167681181259635825e-01
9.156865494588578569e-01,2.944267141749340455e-01,2.735526514590607694e-01
8.791969636511418607e-01,3.428276746045033629e-01,3.308804687978448289e-01
8.357136201913544227e-01,3.881080064848293487e-01,3.885291756471219715e-01
7.848760046223962616e-01,4.300573796775767343e-01,4.461169213926328148e-01
7.262840858170892533e-01,4.684578735588121323e-01,5.030493488611144093e-01
6.595203669480325104e-01,5.031363370411930935e-01,5.584681834531880495e-01
5.841554751355219066e-01,5.340425969531211736e-01,6.111962741286620648e-01
4.997208204929321496e-01,5.613601103106358181e-01,6.596619801973594432e-01
4.056249286742280580e-01,5.856612369911170513e-01,7.017615925113471764e-01
3.009795952149501574e-01,6.081303315151591615e-01,7.345670719243460045e-01
1.842889299027649919e-01,6.308922173778003240e-01,7.536661066861213287e-01
5.296730575725090012e-02,6.574711056740983883e-01,7.516157327547745570e-01
-9.710374750287986689e-02,6.931712047284833700e-01,7.142020324503143280e-01
-2.700828836175793168e-01,7.436400434781509361e-01,6.116001322045533373e-01
-4.562346856567217612e-01,8.027039754712727015e-01,3.840784286657175639e-01
-5.810042971929896272e-01,8.134829582520072266e-01,-2.606690002365734393e-02
-5.219026762083173177e-01,7.032416907255061300e-01,-4.827719140465070446e-01
-3.389794982217018138e-01,5.556993262100019537e-01,-7.591384317995717446e-01
-1.577171825977634612e-01,4.615217772997868839e-01,-8.729965288541929880e-01
-1.065701388561501699e-02,4.218451424748322354e-01,-9.066052635107687552e-01
1.059106615968683773e-01,4.180730538773370641e-01,-9.022182958584862300e-01
1.988543685302627539e-01,4.364238331730898035e-01,-8.774914118981094191e-01
2.730352805105142333e-01,4.683853986921618917e-01,-8.402778432688378096e-01
3.315789985447922805e-01,5.086648231284133237e-01,-7.945536265323899228e-01
3.765481909514195036e-01,5.538240328818803127e-01,-7.426239967127803432e-01
4.093850423606420486e-01,6.015257112129834827e-01,-6.859815637763811980e-01
4.311542875538956765e-01,6.501156208385492352e-01,-6.256641749897466909e-01
4.426661376051099217e-01,6.983769541986472040e-01,-5.624200569520921844e-01
4.445341964257516487e-01,7.453725779382605054e-01,-4.967988207169812265e-01
4.372022323621617690e-01,7.903337270776723544e-01,-4.292165046466153711e-01
4.209606249751475238e-01,8.325754128201114934e-01,-3.600143527527118192e-01
3.959655888911668420e-01,8.714300371368408626e-01,-2.895184670962381301e-01
3.622694939552863480e-01,9.061967914377696554e-01,-2.181013272249211488e-01
3.198672325327170385e-01,9.361079268126278885e-01,-1.462426166014016149e-01
2.687605738216557461e-01,9.603150272158305079e-01,-7.458419713661221251e-02
2.090390071629585345e-01,9.778992369610558510e-01,-3.971880575927859772e-03
1.409712826763966920e-01,9.879087149834780979e-01,6.452494339605896467e-02
6.509687818613189847e-02,9.894239543167117068e-01,1.296249785909383279e-01
-1.769804196179807637e-02,9.816468213191286152e-01,1.898849586059120909e-01
-1.061381377946307297e-01,9.640028013338587387e-01,2.437894475279044071e-01
-1.985661173743971386e-01,9.362396480388762710e-01,2.898737974893523250e-01
-2.930086237600533772e-01,8.985019854745138757e-01,3.268640826101822938e-01
-3.872975702896014893e-01,8.513629077630426867e-01,3.538103889557626669e-01
-4.792299239481020989e-01,7.958012428142597905e-01,3.701878738262177615e-01
-5.667384120155127825e-01,7.331252606923941428e-01,3.759453743309577045e-01
-6.480425793728402661e-01,6.648562426279565063e-01,3.714929231606326487e-01
-7.217553099819212781e-01,5.925939681578317186e-01,3.576334176441782198e-01
-7.869319266507847077e-01,5.178880527068338013e-01,3.354550755037221110e-01
-8.430626092042605713e-01,4.421343824406837597e-01,3.062068334075837561e-01
-8.900196279916651187e-01,3.665073123223394624e-01,2.711778969677160478e-01
-9.279763548445334465e-01,2.919292600303381446e-01,2.315970465865051231e-01
-9.573152191784158882e-01,2.190724588497109937e-01,1.885598814778027821e-01
-9.785383786210519741e-01,1.483840019796961729e-01,1.429854171661300855e-01
-9.921899623621601716e-01,8.012465536243727759e-02,9.559873529930121294e-02
-9.987940003755151341e-01,1.441325946566140298e-02,4.693402566849712299e-02
-9.988085167268652143e-01,-4.872919878088646795e-02,-2.648037018654550347e-03
-9.925940290427194279e-01,-1.093394302854944489e-01,-5.293375571017608361e-02
-9.803937253690390152e-01,-1.674772866798353022e-01,-1.038243791379345610e-01
-9.623225648739144322e-01,-2.231972228487714427e-01,-1.553006144452971915e-01
-9.383631173693951499e-01,-2.765256070606665895e-01,-2.073843017215154239e-01
-9.083667986663879201e-01,-3.274437193062040841e-01,-2.600968469003375194e-01
-8.720599852026684751e-01,-3.758767977446501596e-01,-3.134134890612543245e-01
-8.290550077460399070e-01,-4.216904005352758444e-01,-3.672124728649783232e-01
-7.788659020328811966e-01,-4.646964926569448484e-01,-4.212185612753078789e-01
-7.209276870073977328e-01,-5.046728543246896681e-01,-4.749406070383265788e-01
-6.546155649454358239e-01,-5.414004600290759361e-01,-5.276021266176557090e-01
-5.792566821215845430e-01,-5.747243565321649150e-01,-5.780602133222650929e-01
-4.941220976947490184e-01,-6.046445164922797932e-01,-6.246986163307536311e-01
-3.983809042396387889e-01,-6.314445567541748794e-01,-6.652596687630563110e-01
-2.909939896709422547e-01,-6.558673593162437365e-01,-6.965346401715599711e-01
-1.705312763928282516e-01,-6.793400406779491751e-01,-7.137339790871072287e-01
-3.495946835904560623e-02,-7.041987968704020995e-01,-7.091416572577943223e-01
1.182224483666017983e-01,-7.336032220573742713e-01,-6.692157838016411509e-01
2.896497130636968009e-01,-7.697283781892808596e-01,-5.688771989913266047e-01
4.666135815678325582e-01,-8.054367565393150130e-01,-3.654358995937149746e-01
5.923550580316817582e-01,-8.053590444439490126e-01,-2.263392932330431095e-02
5.737030468284018969e-01,-7.241140313682831176e-01,3.827841214514798307e-01
4.221340276145820747e-01,-6.002531962384669573e-01,6.793371498272383624e-01
2.400979368628793353e-01,-5.069666991573938963e-01,8.278512829365219927e-01
8.024716927835190416e-02,-4.614602913104998150e-01,8.835240751481762134e-01
-4.963725609569351327e-02,-4.525372329098415469e-01,8.903629572469837772e-01
-1.533401926936872883e-01,-4.675752616105467996e-01,8.705516412220998257e-01
-2.353830885203035128e-01,-4.976391580713071527e-01,8.348353550208110763e-01
-2.992450125626885948e-01,-5.368411264519561410e-01,7.888307977038871988e-01
-3.474700994218971606e-01,-5.812750556417896064e-01,7.357879040160766326e-01
-3.819649324064341989e-01,-6.282892282367422698e-01,6.777576529213278356e-01
-4.042055810767235524e-01,-6.760393850312480524e-01,6.161076189376335499e-01
-4.153527732885968771e-01,-7.232078923571436668e-01,5.517720708352403802e-01
-4.163109389681608485e-01,-7.688158856657030249e-01,4.853940008318078370e-01
-4.077606302619743439e-01,-8.120890448037576537e-01,4.174238274440953966e-01
-3.901835461315278364e-01,-8.523572158920960096e-01,3.482010580755041662e-01
-3.638916569223412667e-01,-8.889785637712809274e-01,2.780287308489245435e-01
-3.290668928393402082e-01,-9.212845740223347679e-01,2.072431270405543924e-01
-2.858145649866423721e-01,-9.485454381714927274e-01,1.362776069849589988e-01
-2.342310937571709661e-01,-9.699572454451385051e-01,6.571709614551236867e-02
-1.744838853631197062e-01,-9.846532194560300155e-01,-3.662125539188364112e-03
-1.068978547752272440e-01,-9.917407492325768237e-01,-7.087407816728022447e-02
-3.203923454953561817e-02,-9.903637907265606666e-01,-1.347332530120054772e-01
4.921627337403710473e-02,-9.797862134809298684e-01,-1.938987733531946922e-01
1.356458074676971381e-01,-9.594863333373125913e-01,-2.469538237309880646e-01
2.256853946284996804e-01,-9.292476069907045222e-01,-2.925149356074444595e-01
3.174870346505190843e-01,-8.892274106759822105e-01,-3.293578523905392741e-01
4.090241989172143100e-01,-8.399870908886994947e-01,-3.565401686212519294e-01
4.982317711424366635e-01,-7.824729389674619506e-01,-3.734985970628177387e-01
5.831575196206409961e-01,-7.179481399290608135e-01,-3.801023226478673633e-01
6.620991025605661440e-01,-6.478868362156490202e-01,-3.766529249149268010e-01
7.337045976251687085e-01,-5.738494196001548975e-01,-3.638329383772927472e-01
7.970239644714020022e-01,-4.973605136572634700e-01,-3.426154105011512407e-01
8.515101257456870743e-01,-4.198077340298905225e-01,-3.141527848058213723e-01
8.969778452819562320e-01,-3.423722240050265930e-01,-2.796640936966900970e-01
9.335340882112393990e-01,-2.659939942241287270e-01,-2.403358092010094149e-01
9.614947425884798893e-01,-1.913685792196239688e-01,-1.972458538529396621e-01
9.813005085794451743e-01,-1.189676210239230120e-01,-1.513142987613212143e-01
9.934409901569639656e-01,-4.907472464248685551e-02,-1.032795743466012606e-01
9.983919682098608694e-01,1.817135996259432520e-02,-5.369617762140985184e-02
9.965674374139007474e-01,8.273238307570340844e-02,-2.948809404820193145e-03
9.882856865030883453e-01,1.446291357949072431e-01,4.872181166928987728e-02
9.737475406140532197e-01,2.039051339324287615e-01,1.011850952664524184e-01
9.530246711143329774e-01,2.605964414429376985e-01,1.543809280795240269e-01
9.260562995199639325e-01,3.147080548101339748e-01,2.082752274203846232e-01
8.926533099048684639e-01,3.661973349275687295e-01,2.628109210208529056e-01
8.525093385402681134e-01,4.149655365053303568e-01,3.178544182711289245e-01
8.052184154578652109e-01,4.608593029884084369e-01,3.731380525443137031e-01
7.502978220579530344e-01,5.036847346748934973e-01,4.281995636039047648e-01
6.872128263139372084e-01,5.432369367198316423e-01,4.823195641199556905e-01
6.153970614304553610e-01,5.793475664810568970e-01,5.344556613931951139e-01
5.342592263017535981e-01,6.119518361137621376e-01,5.831655248627499732e-01
4.431647538411960241e-01,6.411748338130083269e-01,6.264980713759087383e-01
3.413823974160127284e-01,6.674342992183284196e-01,6.618077628446454863e-01
2.279964675859244561e-01,6.915490090612318452e-01,6.854032235368963111e-01
1.018267310620421112e-01,7.148131220886329018e-01,6.918623543242685692e-01
-3.845747126410066496e-02,7.388969457116554285e-01,6.727200952268022061e-01
-1.933636514129431494e-01,7.651212657550209295e-01,6.141660581647999662e-01
-3.587226458280102226e-01,7.918696566763497868e-01,4.942271848102162690e-01
-5.149716083724017457e-01,8.083226413666135812e-01,2.853397098625471417e-01
-6.133225648507452110e-01,7.896224580980230057e-01,-1.821551844277734603e-02
-5.998395967729794886e-01,7.190476677997873489e-01,-3.509457359406380483e-01
-4.858649045485154971e-01,6.240862322191045308e-01,-6.119245617579210927e-01
-3.337061458923459845e-01,5.466743295410985137e-01,-7.679761621394681770e-01
-1.866766741068386359e-01,5.024354479564241416e-01,-8.442217954905195665e-01
-5.909025475321436072e-02,4.879214905705349659e-01,-8.708851593824684656e-01
4.755517918219373530e-02,4.953176579872343166e-01,-8.674093166544791789e-01
1.351853333891136211e-01,5.178209993200058037e-01,-8.447403969857868455e-01
2.060901197904775883e-01,5.504113545370059590e-01,-8.090576019799116114e-01
2.622071774228676433e-01,5.895074762805827540e-01,-7.640211590769138139e-01
3.050541005112518689e-01,6.325375708327037882e-01,-7.119257104827253491e-01
3.357930640319411464e-01,6.776126065903179674e-01,-6.542814176926589065e-01
3.552967299723179262e-01,7.232968533124998212e-01,-5.921198321786003138e-01
3.641939133569009890e-01,7.684440851121332461e-01,-5.261715324207140165e-01
3.629012249529787182e-01,8.120753471492451192e-01,-4.569861392647050491e-01
3.516518295012988626e-01,8.532844529905100339e-01,-3.850280939010495285e-01
3.305314489305896664e-01,8.911651723668243541e-01,-3.107629270493074136e-01
2.995292921200591318e-01,9.247594307526190160e-01,-2.347385745806349344e-01
2.586085026669864284e-01,9.530293840518458959e-01,-1.576598727707798908e-01
2.077967077832339471e-01,9.748581357536523218e-01,-8.044963262416299221e-02
1.472919430852628331e-01,9.890837740878167805e-01,-4.286179927169187116e-03
7.757275763972670823e-02,9.945686909175592838e-01,6.939442570337177318e-02
-5.051893069737567075e-04,9.903004156899327670e-01,1.389418276406007291e-01
-8.564795477576979399e-02,9.755120371829023584e-01,2.025850269738396769e-01
-1.761185532213284943e-01,9.498018020943911344e-01,2.585706710929782104e-01
-2.698014818478500221e-01,9.132261542526839415e-01,3.053279410429998175e-01
-3.643346454165670711e-01,8.663418534007779614e-01,3.416314669278712191e-01
-4.572894974628516906e-01,8.101823630690406786e-01,3.667299470755528978e-01
-5.463667720333436062e-01,7.461692272518752889e-01,3.804140306563411622e-01
-6.295711580552885156e-01,6.759752258086565435e-01,3.830112936165963600e-01
-7.053352246356212607e-01,6.013666876406223993e-01,3.753136393529600268e-01
-7.725775558691352352e-01,5.240540439114437232e-01,3.584568024564966926e-01
-8.306963487700504967e-01,4.455732232218516664e-01,3.337784877546733364e-01
-8.795121766056221979e-01,3.672096002427519545e-01,3.026804266747343819e-01
-9.191795610348117984e-01,2.899653245577333838e-01,2.665127485318086742e-01
-9.500867972434975384e-01,2.145630211827605494e-01,2.264901491114334198e-01
-9.727592994337161958e-01,1.414750641923590568e-01,1.836413667368913538e-01
-9.877760519342816403e-01,7.096730389692801344e-02,1.387880146220283328e-01
-9.957034216337224963e-01,3.147989790044557895e-03,9.254613069804271119e-02
-9.970465824891795448e-01,-6.198460622213926990e-02,4.534336707980764908e-02
-9.922163666064118814e-01,-1.244996290051048893e-01,-2.554254482606253731e-03
-9.815082953996367987e-01,-1.844977113475680386e-01,-5.101039667762512914e-02
-9.650904902089675330e-01,-2.420817733197031807e-01,-9.998380236119595865e-02
-9.429977388970124386e-01,-2.973338746170247071e-01,-1.494919109528978773e-01
-9.151298951304492890e-01,-3.502972710722417893e-01,-1.995722849442607416e-01
-8.812537731840210942e-01,-4.009631324315519607e-01,-2.502405915905805411e-01
-8.410085692437637706e-01,-4.492620529775634974e-01,-3.014435174505205595e-01
-7.939153713575520799e-01,-4.950614096396475650e-01,-3.530050761785236135e-01
-7.393912594240653613e-01,-5.381706234818610657e-01,-4.045651313551864581e-01
-6.767676040814000205e-01,-5.783572018451927921e-01,-4.555091186131407510e-01
-6.053103810672253449e-01,-6.153767336806035271e-01,-5.048869360726638833e-01
-5.242380067410489231e-01,-6.490193735741163206e-01,-5.513151231497587235e-01
-4.327306372540482560e-01,-6.791732474505334238e-01,-5.928472784193258294e-01
-3.299271378623303552e-01,-7.059004434473766798e-01,-6.267795845772005103e-01
-2.149196891553598610e-01,-7.295100742013872486e-01,-6.493262499329979232e-01
-8.680219492794821745e-02,-7.505839456577443336e-01,-6.550489443366370734e-01
5.503407643387171061e-02,-7.698328677595051017e-01,-6.358683874421239279e-01
2.097880215309465834e-01,-7.874692442271621351e-01,-5.795525648450130518e-01
3.719097943817019081e-01,-8.014335991380523438e-01,-4.683879706136653831e-01
5.234669930390181136e-01,-8.039473302691269030e-01,-2.822250827829306807e-01
6.257139383048404557e-01,-7.798740667371710789e-01,-1.668854223330198949e-02
6.336636838814108108e-01,-7.191193740955582614e-01,2.851975833176922381e-01
5.439491857472629199e-01,-6.379135584378998747e-01,5.451472968712088862e-01
4.018970534650229132e-01,-5.673538436182222755e-01,7.187408257138050427e-01
2.524443742742338848e-01,-5.244018905168378319e-01,8.131878596730629516e-01
1.171875526223168790e-01,-5.093909673175406327e-01,8.525185745341223864e-01
2.176511946188106495e-03,-5.163026689243896961e-01,8.564034194568002079e-01
-9.262925004657730776e-02,-5.387340633425691250e-01,8.373681574016373919e-01
-1.689761447376925407e-01,-5.715482118504069398e-01,8.029817582238021334e-01
-2.288201745723091318e-01,-6.109370743644189083e-01,7.578899780810817166e-01
-2.739082633806679268e-01,-6.541307095136543737e-01,7.050441674980013618e-01
-3.056937018106837822e-01,-6.991030707812795342e-01,6.463793445782949343e-01
-3.253389578899511525e-01,-7.443384223185937065e-01,5.831936861278140816e-01
-3.337361099390073749e-01,-7.886533387492492553e-01,5.163778850826599154e-01
-3.315313750807945548e-01,-8.310602036247154434e-01,4.465712544357103297e-01
-3.191558592291264262e-01,-8.706620330050895973e-01,3.742821954129829098e-01
-2.968675401514638823e-01,-9.065735112269079909e-01,2.999902204174907938e-01
-2.648085915231613297e-01,-9.378671044833208903e-01,2.242358227036682916e-01
-2.230799556598861144e-01,-9.635458588224363741e-01,1.476980410463077376e-01
-1.718319325441784173e-01,-9.825459227760708902e-01,7.125515135239102182e-02
-1.113653448599442874e-01,-9.937715662278517881e-01,-3.979211136369677562e-03
-4.223276755836691265e-02,-9.961629421408438878e-01,-7.665367603486861192e-02
3.467562678771232698e-02,-9.887917793822053047e-01,-1.452185178723828241e-01
1.180799767066048195e-01,-9.709731956056270041e-01,-2.080100298455928864e-01
2.063093935293613401e-01,-9.423747628516737640e-01,-2.633747149629185325e-01
2.973611972383715107e-01,-9.030998208369647173e-01,-3.098177399394755338e-01
3.890181811145224655e-01,-8.537237333072186241e-01,-3.461511836616097404e-01
4.790071807341191867e-01,-7.952704201703395537e-01,-3.716141542073477799e-01
5.651713335979331454e-01,-7.291300912636503595e-01,-3.859412827011314828e-01
6.456251638473380350e-01,-6.569330357385569918e-01,-3.893676082603968469e-01
7.188671836823901096e-01,-5.804035583430797729e-01,-3.825724528598994922e-01
7.838364848529975060e-01,-5.012198720437313071e-01,-3.665774200380622627e-01
8.399130863291640603e-01,-4.209005036708544645e-01,-3.426204509696394451e-01
8.868723026277751664e-01,-3.407286106692933858e-01,-3.120280960155373262e-01
9.248089190459042319e-01,-2.617161694778089021e-01,-2.761034405562687311e-01
9.540476059769928963e-01,-1.846028567503695816e-01,-2.360401466047057917e-01
9.750532675685577022e-01,-1.098805746469720263e-01,-1.928662353008681607e-01
9.883507143281682339e-01,-3.783367749373921923e-02,-1.474160043356871064e-01
9.944586417259251299e-01,3.141388334521981462e-02,-1.003253598538319941e-01
9.938392805514982831e-01,9.785108055263148918e-02,-5.204469682458307683e-02
9.868626376792708488e-01,1.615361662507202589e-01,-2.863799177986539775e-03
9.737829823647050631e-01,2.225589365310163825e-01,4.705553131230530428e-02
9.547249592900366455e-01,2.810094846349217024e-01,9.764180279907791471e-02
9.296771412999027540e-01,3.369532089928744534e-01,1.488722536063891988e-01
8.984916660679401756e-01,3.904116712874716733e-01,2.007273098733207140e-01
8.608895225866030065e-01,4.413492607563447301e-01,2.531403956906894126e-01
8.164717424671700252e-01,4.896663398538488865e-01,3.059424281899423836e-01
7.647368732050331408e-01,5.352003652729644401e-01,3.588008971174324047e-01
7.051043960864348259e-01,5.777370315758942887e-01,4.111541231283690756e-01
6.369421834423732998e-01,6.170333303979518291e-01,4.621412382915790484e-01
5.595941851042813830e-01,6.528531405483680716e-01,5.105263214307447228e-01
4.724036283795898239e-01,6.850132634144158184e-01,5.546094489279194129e-01
3.747295960965423833e-01,7.134333320393221323e-01,5.921069249253824163e-01
2.659654324850717622e-01,7.381755314765026110e-01,6.199671551400216529e-01
1.455953878848579575e-01,7.594457838550534579e-01,6.340694633961179161e-01
1.339231790670503477e-02,7.774981983437285749e-01,6.287425525549720229e-01
-1.299933946638853755e-01,7.923257749635027603e-01,5.960885703251188605e-01
-2.815284657699790860e-01,8.029389435258933450e-01,5.253863111375516315e-01
-4.326074714443218228e-01,8.060865952279241409e-01,4.038256760588695427e-01
-5.644264279193366152e-01,7.951147673705697416e-01,2.218452482598233244e-01
-6.473581652628689342e-01,7.620622683586673052e-01,-1.372971272585120014e-02
-6.553979348486604906e-01,7.061154907590000418e-01,-2.680568236517913983e-01
-5.894961056848858627e-01,6.402135364998937650e-01,-4.925657002519086003e-01
-4.773440340023870077e-01,5.827834500775180837e-01,-6.576519775063958129e-01
-3.496915510240176106e-01,5.450168625787236154e-01,-7.620186603012171211e-01
-2.258020101343132524e-01,5.288212485823451381e-01,-8.181451822672507479e-01
-1.142163603664530513e-01,5.312386544497971208e-01,-8.394880076826646276e-01
-1.758825362855966426e-02,5.480828897308043235e-01,-8.362390802387965616e-01
6.394736892953210849e-02,5.754939137839912844e-01,-8.153020846315642833e-01
1.311331398721980457e-01,6.103310543215413331e-01,-7.812170657109420713e-01
1.848997585628772977e-01,6.501369556028200325e-01,-7.369762670825203976e-01
2.260972668310155809e-01,6.929887297811418989e-01,-6.845777138702836551e-01
2.553960871200279259e-01,7.373411099949147562e-01,-6.253806250558504587e-01
2.732558566324843063e-01,7.818880667684032781e-01,-5.603412244884505844e-01
2.799259664157374150e-01,8.254461906772428970e-01,-4.901836794739746761e-01
2.754686395713727975e-01,8.668592026376530368e-01,-4.155383874145801570e-01
2.598054669801037053e-01,9.049249063969004858e-01,-3.370638412968843811e-01
2.327907597676260321e-01,9.383491312925725802e-01,-2.555569798876287102e-01
1.943131489406849099e-01,9.657338264847534770e-01,-1.720481808444113137e-01
1.444215151186651336e-01,9.856070628387808563e-01,-8.787003842687524102e-02
8.346318463886368000e-02,9.964998510474516458e-01,-4.684407363337552560e-03
