vx,vy,vz
3.866201827051971122e+03,2.232152665589877870e+03,-7.102097538535267217e-13
3.644039653200202793e+03,2.507087967815276443e+03,6.048010396537040378e+02
3.332151969747319527e+03,2.720290679350082428e+03,1.194707763953590074e+03
2.938219997118593710e+03,2.866512160871966898e+03,1.755195081895807334e+03
2.471944931092952629e+03,2.942153101527472700e+03,2.272462545208538359e+03
1.944809026744162793e+03,2.945352087487699919e+03,2.733774108561815410e+03
1.369792848709261989e+03,2.876031380929691295e+03,3.127771666490060852e+03
7.610556525507162178e+02,2.735898787821827682e+03,3.444754652930076645e+03
1.335867672969671105e+02,2.528405573577237192e+03,3.676918826277240896e+03
-4.971634395851586419e+02,2.258661466763768203e+03,3.818548368659248354e+03
-1.115663933866501566e+03,1.933308845732523650e+03,3.866156577413257310e+03
-1.706685365495244469e+03,1.560359205541282336e+03,3.818571691097933126e+03
-2.255674994548206541e+03,1.148995928330091147e+03,3.676965740455207651e+03
-2.749114970848158464e+03,7.093482072333454198e+02,3.444825713528638062e+03
-3.174855153950340537e+03,2.522416822285615012e+02,3.127867739999790047e+03
-3.522412283053923147e+03,-2.110680806937983220e+02,2.733896398686340945e+03
-3.783228129793337757e+03,-6.691727118935461931e+02,2.272612600872600979e+03
-3.950880271307857129e+03,-1.110791942958195705e+03,1.755374767826065181e+03
-4.021240283100619308e+03,-1.525051378282241103e+03,1.194919172463100949e+03
-3.992575442491621743e+03,-1.901750291010154115e+03,6.050463232084094898e+02
-3.865591422043228704e+03,-2.231612842372355317e+03,2.811085821160436149e-01
-3.643414906237567266e+03,-2.506516524569203739e+03,-6.044849215251729220e+02
-3.331516558305690523e+03,-2.719692180332264343e+03,-1.194360297877167113e+03
-2.937576262646712166e+03,-2.865890660844698232e+03,-1.754820322260846751e+03
-2.471293999061199429e+03,-2.941512035758059483e+03,-2.272064670230052798e+03
-1.944151012752718998e+03,-2.944694204905367769e+03,-2.733357141520952155e+03
-1.369127140442170230e+03,-2.875358742536289810e+03,-3.127339229170769158e+03
-7.603812327790461723e+02,-2.735212839096282096e+03,-3.444309794496840368e+03
-1.329025321078221111e+02,-2.527707281924465406e+03,-3.676463953854046395e+03
4.978584126077613519e+02,-2.257951501017185365e+03,-3.818085284331893035e+03
1.116370203612060550e+03,-1.932587766699154599e+03,-3.865686606404781287e+03
1.707403052461917923e+03,-1.559627634778609035e+03,-3.818095870099027252e+03
2.256403815556285736e+03,-1.148254666815517567e+03,-3.676485025691154988e+03
2.749854367211553381e+03,-7.085982851342815820e+02,-3.444341166414208601e+03
3.175604481631149611e+03,-2.514843339270091747e+02,-3.127380654354801663e+03
3.523171024372785268e+03,2.118315084754913755e+02,-2.733408346270837228e+03
3.783996085158120877e+03,6.699408991886823515e+02,-2.272125388784771530e+03
3.951657696401250178e+03,1.111563755433694496e+03,-1.754890318993232313e+03
4.022027950493990375e+03,1.525826015958543621e+03,-1.194439355921039805e+03
3.993374624734058671e+03,1.902527399687700381e+03,-6.045727723162935945e+02
3.866403814003364914e+03,2.232392569099907178e+03,1.849294339040951640e-01
3.644242523591601184e+03,2.507299514956856910e+03,6.049426694534486160e+02
3.332361652417648202e+03,2.720479540052418088e+03,1.194809464487854939e+03
2.938441263951772726e+03,2.866683918967859427e+03,1.755261096341099801e+03
2.472181462521339199e+03,2.942313131042234545e+03,2.272497747254904425e+03
1.945063531382033261e+03,2.945505485014236456e+03,2.733783797369841977e+03
1.370067213187342304e+03,2.876182953164037372e+03,3.127761418233665609e+03
7.613510930528367453e+02,2.736053085989089141e+03,3.444730241200826640e+03
1.339039529374233268e+02,2.528566959373298687e+03,3.676886214148981253e+03
-4.968243189331911367e+02,2.258834188508414172e+03,3.818513764176665063e+03
-1.115303175740560846e+03,1.933497099847916388e+03,3.866126532884660264e+03
-1.706303848412256002e+03,1.560567158220838792e+03,3.818553216631421947e+03
-2.255274351991374260e+03,1.149227676235361059e+03,3.676966395681058202e+03
-2.748697825322117296e+03,7.096076641704144095e+02,3.444853640311614527e+03
-3.174425376917683479e+03,2.525323902806727574e+02,3.127931604249713928e+03
-3.521975237473200650e+03,-2.107432041598924286e+02,2.734005220911681590e+03
-3.782790849561960385e+03,-6.688116677417888241e+02,2.272775471311291767e+03
-3.950451537241081951e+03,-1.110393951639178113e+03,1.755600460211296650e+03
-4.020830567487277676e+03,-1.524617151790370599e+03,1.195215688071426484e+03
-3.992196712526020292e+03,-1.901282238870824358e+03,6.054204116460172145e+02
-3.865256815163012106e+03,-2.231115181871900859e+03,7.378212742527188173e-01
-3.643138313447154815e+03,-2.505995281319941114e+03,-6.039425930342815718e+02
-3.331312160631273855e+03,-2.719155090726828348e+03,-1.193731677047533822e+03
-2.937458044618097574e+03,-2.865347005916741182e+03,-1.754107219684876782e+03
-2.471275231905560304e+03,-2.940972423811433600e+03,-2.271271505143655304e+03
-1.944243699239267698e+03,-2.944170294953278244e+03,-2.732491007740878104e+03
-1.369341439042124648e+03,-2.874862894394621890e+03,-3.126409868926712534e+03
-7.607249020018456349e+02,-2.734757689194778777e+03,-3.443329443367139902e+03
-1.333804456990790470e+02,-2.527305261330849589e+03,-3.675447037652779727e+03
4.972446304711874063e+02,-2.257614326001313202e+03,-3.817047970885422728e+03
1.115622383828184866e+03,-1.932325940167732142e+03,-3.864646235677358618e+03
1.706526503648830158e+03,-1.559449998959722279e+03,-3.817070302830906257e+03
2.255407159755764951e+03,-1.148168043566634424e+03,-3.675491961575750793e+03
2.748749204924497462e+03,-7.086072309558722964e+02,-3.443397486530699553e+03
3.174404920737754310e+03,-2.515910234577261804e+02,-3.126501838443810357e+03
3.521893120562564491e+03,2.116272720105709197e+02,-2.732608003804974032e+03
3.782657247000173356e+03,6.696415627474801795e+02,-2.271414925590237090e+03
3.950276104977996965e+03,1.111173811901248428e+03,-1.754278741021719043e+03
4.020622031944301852e+03,1.525351751097622810e+03,-1.193933192032739953e+03
3.991962595630263877e+03,1.901976625439130657e+03,-6.041760806143786340e+02
3.865003294955779893e+03,2.231774373497562465e+03,4.705211040723110139e-01
3.642870187221035849e+03,2.506624044166396743e+03,6.051179414272046415e+02
3.331032855863873465e+03,2.719757794042388014e+03,1.194877617044840008e+03
2.937169653855525212e+03,2.865927508329690681e+03,1.755227727030904134e+03
2.470978608141147561e+03,2.941533964436464885e+03,2.272370699796550525e+03
1.943938651489344920e+03,2.944715413118222841e+03,2.733572864089097948e+03
1.369027023294180708e+03,2.875393415266309148e+03,3.127477942259312840e+03
7.603997682024368032e+02,2.735274792332991638e+03,3.444386672204377646e+03
1.330431882277547970e+02,2.527809625381897149e+03,3.676495657267134902e+03
-4.975951709044937274e+02,2.258106325449707128e+03,3.818089546978310409e+03
-1.115986909325479246e+03,1.932805860182986635e+03,3.865681804041224041e+03
-1.706905165727176382e+03,1.559918231547905407e+03,3.818100582692478383e+03
-2.255799589994754115e+03,1.148625231978618331e+03,3.676517598749906483e+03
-2.749154655820197604e+03,7.090543386980772311e+02,3.444419278919670887e+03
-3.174822485100787162e+03,2.520293175540325308e+02,3.127520900934375277e+03
-3.522321985665913417e+03,-2.111963187403315487e+02,2.733625841784630666e+03
-3.783096935438453329e+03,-6.692164315115870750e+02,2.272433403801377153e+03
-3.950726658833504189e+03,-1.110753130198716917e+03,1.755299954660155208e+03
-4.021084109796619487e+03,-1.524934482308163297e+03,1.194959266375561128e+03
-3.992437471652290242e+03,-1.901562220896724284e+03,6.052089421267169200e+02
-3.865492774886438838e+03,-2.231362858353051706e+03,5.706536672871737048e-01
-3.643376486103122261e+03,-2.506216024392959298e+03,-6.040674440732541370e+02
-3.331558498883170614e+03,-2.719354407251724751e+03,-1.193817316650811335e+03
-2.937717424101380857e+03,-2.865530376275902199e+03,-1.754157646001868443e+03
-2.471551497211816695e+03,-2.941145184287299344e+03,-2.271291393084045012e+03
-1.944539758495391652e+03,-2.944337569151379284e+03,-2.732485524201198132e+03
-1.369659386115912412e+03,-2.875029573240615264e+03,-3.126384536952739836e+03
-7.610661412314684640e+02,-2.734928452497944818e+03,-3.443290066480272344e+03
-1.337457925418033255e+02,-2.527484627571258898e+03,-3.675399687366402304e+03
4.968548975776723182e+02,-2.257806711590893428e+03,-3.816999030683317869e+03
1.115208539566449645e+03,-1.932535705852199044e+03,-3.864602484560185530e+03
1.706089469752834702e+03,-1.559681460178313046e+03,-3.817039012202545564e+03
2.254948674163485521e+03,-1.148425424187210410e+03,-3.675480972336434661e+03
2.748272049193650219e+03,-7.088945463800578182e+02,-3.443415230682502170e+03
3.173913174752533450e+03,-2.519118892119652457e+02,-3.126557272559763533e+03
3.521392402675170615e+03,2.112698974131210718e+02,-2.732710431290537599e+03
3.782154892761222072e+03,6.692456789012373974e+02,-2.271573699826976281e+03
3.949781240397928741e+03,1.110738688723268069e+03,-1.754502860490919829e+03
4.020145508398217316e+03,1.524878212476656472e+03,-1.194230818467778136e+03
3.991516772412767295e+03,1.901467263019844495e+03,-6.045540300113591456e+02
3.864601681962255043e+03,2.231233653718696587e+03,7.248490662755463151e-03
3.642526993170595233e+03,2.506058286882031098e+03,6.045665202667640870e+02
3.330762508648192124e+03,2.719175036860766795e+03,1.194237608829030705e+03
2.936986328143917945e+03,2.865337308204204874e+03,1.754501191566094803e+03
2.470895734154319598e+03,2.940947171113383774e+03,2.271562280789834404e+03
1.943968374853267505e+03,2.944143899004979630e+03,2.732689851730988721e+03
1.369179629254318570e+03,2.874849733288564039e+03,3.126530258654446243e+03
7.606831167002983420e+02,2.734771753906768026e+03,3.443386727567767593e+03
1.334622177892281343e+02,2.527359814570238996e+03,3.675458050804476898e+03
-4.970388151249048860e+02,2.257721582421891526e+03,3.817030614197920386e+03
-1.115295080265289016e+03,1.932496776218791865e+03,3.864619036553731348e+03
-1.706083227689172645e+03,1.559693699300509024e+03,3.817051965100135931e+03
-2.254856238791992837e+03,1.148492089037488768e+03,3.675500918231927699e+03
-2.748101566402076060e+03,7.090171309986905044e+02,3.443451465182044103e+03
-3.173673825746891453e+03,2.520901940411329747e+02,3.126617447484253717e+03
-3.521093849344054888e+03,-2.110375848684360847e+02,2.732800345338433544e+03
-3.781806741789037005e+03,-6.689623136975441184e+02,2.271697240046245042e+03
-3.949392574505701759e+03,-1.110408140152837859e+03,1.754662088810306386e+03
-4.019724522021453140e+03,-1.524504915419206782e+03,1.194426179157027263e+03
-3.991070532081882902e+03,-1.901055888267012733e+03,6.047846366778733227e+02
-3.864136007756123490e+03,-2.230788834551709442e+03,2.566945674208442885e-01
-3.642046425295183326e+03,-2.505584427584842615e+03,-6.042719153093311206e+02
-3.330270304517344812e+03,-2.718676190427584061e+03,-1.193915600460417409e+03
-2.936484480587319013e+03,-2.864817070659782075e+03,-1.754155447982309170e+03
-2.470385061912706533e+03,-2.940408571927958292e+03,-2.271196637145939803e+03
-1.943448718412762219e+03,-2.943589322638183148e+03,-2.732308022859516768e+03
-1.368650136035118749e+03,-2.874280909159381736e+03,-3.126135577039630789e+03
-7.601425730974784756e+02,-2.734189827100572984e+03,-3.442981961850372500e+03
-1.329093775446264658e+02,-2.526765487423784634e+03,-3.675045333780853070e+03
4.976049548433929886e+02,-2.257115302071142651e+03,-3.816611485050099873e+03
1.115875094026602483e+03,-1.931878934730807032e+03,-3.864194580973595748e+03
1.706677191361181713e+03,-1.559064810980807579e+03,-3.816623020249468937e+03
2.255463777044361905e+03,-1.147852913971476482e+03,-3.675068299193232178e+03
2.748722001678726883e+03,-7.083687238497435601e+02,-3.443016167169603705e+03
3.174306395490496925e+03,-2.514338708213371376e+02,-3.126180784122192563e+03
3.521737947890084342e+03,2.117003545678591649e+02,-2.732363996492704700e+03
3.782462141441808853e+03,6.696300686002756493e+02,-2.271263200441090703e+03
3.950059586793144263e+03,1.111079614043199172e+03,-1.754232527560326162e+03
4.020404073818239794e+03,1.525179216049808247e+03,-1.194003237330330194e+03
3.991764149873221868e+03,1.901732637011132283e+03,-6.043702041895052162e+02
3.864845727071942747e+03,2.231468240342339868e+03,1.477791614686874977e-01
3.642774672317089880e+03,2.506267282331704337e+03,6.046655170084093243e+02
3.331019811152354578e+03,2.719363812325941126e+03,1.194297941521730309e+03
2.937258242876172062e+03,2.865511260618245615e+03,1.754526635121361778e+03
2.471186283990110951e+03,2.941111613466522158e+03,2.271557320780681948e+03
1.944280695091086727e+03,2.944303995478307570e+03,2.732659519180914231e+03
1.369516069857316779e+03,2.875010478615918601e+03,3.126480010536417922e+03
7.610453438910550403e+02,2.734937989785486934e+03,3.443322383436711789e+03
1.338512891419362063e+02,2.527536269523426654e+03,3.675385787558926950e+03
-4.966224257032647529e+02,2.257912916094819593e+03,3.816957010890305810e+03
-1.114851524899533615e+03,1.932707605908886535e+03,3.864551150874144696e+03
-1.705613401185955126e+03,1.559928586388639133e+03,3.816997414045173628e+03
-2.254361963232680409e+03,1.148755466843255590e+03,3.675467929749743689e+03
-2.747585822993554302e+03,7.093131633038485688e+02,3.443448866746169188e+03
-3.173141000522310605e+03,2.524225644379273490e+02,3.126654562899182110e+03
-3.520549950900281146e+03,-2.106659403210319113e+02,2.732886782290151586e+03
-3.781259547433347507e+03,-6.685495065658420799e+02,2.271842566530965087e+03
-3.948851666601174657e+03,-1.109953629948516209e+03,1.754875414130372292e+03
-4.019201188620686480e+03,-1.524009773449368595e+03,1.194715672092085015e+03
-3.990577523779631974e+03,-1.900522988210068434e+03,6.051570290492580853e+02
-3.863687166949722268e+03,-2.230222936514635421e+03,7.168340824200269967e-01
-3.641656236274222010e+03,-2.504992135229813812e+03,-6.037213903812180433e+02
-3.329953430999756165e+03,-2.718065800292589302e+03,-1.193274435773942969e+03
-2.936255311239107414e+03,-2.864198373381314923e+03,-1.753425868541921545e+03
-2.470257222757518775e+03,-2.939792633582308099e+03,-2.270383441583444437e+03
-1.943434527834784376e+03,-2.942988219079037208e+03,-2.731418656921815909e+03
-1.368760025720161366e+03,-2.873707384028627530e+03,-3.125180122084638697e+03
-7.603845233663143972e+02,-2.733656868936790943e+03,-3.441972989525441335e+03
-1.332884223314692065e+02,-2.526285843238080361e+03,-3.673997605087715783e+03
4.970871009915553600e+02,-2.256700959504577440e+03,-3.815541496609112983e+03
1.115220244874187756e+03,-1.931540613396381104e+03,-3.863119982970319597e+03
1.705890708126959225e+03,-1.558811505822464142e+03,-3.815561948051468789e+03
2.254554392500241192e+03,-1.147691529525877058e+03,-3.674038672407810282e+03
2.747701465624580578e+03,-7.083038286564261625e+02,-3.442035014231258629e+03
3.173188977666662595e+03,-2.514675872220967676e+02,-3.125263646501245148e+03
3.520539848764141880e+03,2.115683262134969596e+02,-2.731524454744925606e+03
3.781200867708225360e+03,6.694023080277978579e+02,-2.270512546205387480e+03
3.948753345672090745e+03,1.110760750761970257e+03,-1.753579584487882357e+03
4.019071228658322980e+03,1.524775647069329125e+03,-1.193454313033250173e+03
3.990422761003611413e+03,1.901252230824986100e+03,-6.039291366312869513e+02
3.863513176036769437e+03,2.230920064146924688e+03,4.795379166458097475e-01
3.641467326964493623e+03,2.505661383545555054e+03,6.048888631160663181e+02
3.329752651242380125e+03,2.718711039506557881e+03,1.194416174965336722e+03
2.936044435353640893e+03,2.864823029373966619e+03,1.754545476404759938e+03
2.470036813529332903e+03,2.940399570752092131e+03,2.271484727328969711e+03
1.943204126657483812e+03,2.943579641593204997e+03,2.732505323965671323e+03
1.368518451064618375e+03,2.874284811118876860e+03,3.126255472508623825e+03
7.601302288581208586e+02,2.734221201987283166e+03,3.443039714605311929e+03
1.330198579770904814e+02,2.526837515229513883e+03,3.675057696628310623e+03
-4.973711792657933870e+02,2.257240140225588220e+03,3.816596286692780268e+03
-1.115520562306202009e+03,1.932067433880283033e+03,3.864170296221495846e+03
-1.706207383052175146e+03,1.559326262630087285e+03,3.816608331792879198e+03
-2.254886980423586010e+03,1.148194833389459745e+03,3.675081657793801696e+03
-2.748049120955377930e+03,7.087966718998119404e+02,3.443075357444569818e+03
-3.173550699519197224e+03,2.519513184765968958e+02,3.126302503696394524e+03
-3.520914764009731243e+03,-2.110921154436250617e+02,2.732563457026679316e+03
-3.781588499486233559e+03,-6.689319652208363323e+02,2.271553759382899443e+03
-3.949153819962748912e+03,-1.110294781343833847e+03,1.754625359524346095e+03
-4.019485384525596601e+03,-1.524312933067505810e+03,1.194507053538182845e+03
-3.990852150038583204e+03,-1.900792211343324652e+03,6.049910276661718171e+02
-3.863959963319581220e+03,-2.230462842329042815e+03,5.932239471934527275e-01
-3.641934147355462301e+03,-2.505207731952438735e+03,-6.038041074088085907e+02
-3.330242513074754243e+03,-2.718262323093339091e+03,-1.193318867554329017e+03
-2.936560694342777424e+03,-2.864381146010200155e+03,-1.753435557959585594e+03
-2.470583123127535600e+03,-2.939966962605743447e+03,-2.270362697119071527e+03
-1.943784299472488556e+03,-2.943159325797404563e+03,-2.731372405875582899e+03
-1.369136234145358230e+03,-2.873880374121683872e+03,-3.125113801170886290e+03
-7.607890205581170449e+02,-2.733836734195862391e+03,-3.441892482570181528e+03
-1.337224002486064762e+02,-2.526477483974565075e+03,-3.673909230291523727e+03
4.966230994715805309e+02,-2.256909211314684399e+03,-3.815452037220580223e+03
1.114726373807143545e+03,-1.931770258598069404e+03,-3.863036745882596733e+03
1.705367932855898289e+03,-1.559067249133408950e+03,-3.815492826352674911e+03
2.254004666720734804e+03,-1.147977919980682600e+03,-3.673992181599860032e+03
2.747127954032636808e+03,-7.086251159598477898e+02,-3.442020269578410989e+03
3.172596294065900111e+03,-2.518275103125546082e+02,-3.125290252082265397e+03
3.519934269406880958e+03,2.111668086496114825e+02,-2.731602283983349480e+03
3.780590475211619378e+03,6.689573230041169154e+02,-2.270651408332569190e+03
3.948148061887703534e+03,1.110271819975690278e+03,-1.753788789533511363e+03
4.018482705870450445e+03,1.524243960715805542e+03,-1.193742166878543912e+03
3.989864119013357595e+03,1.900680845957022484e+03,-6.043024157780658925e+02
3.862998598976397716e+03,2.230313988395131673e+03,1.606109544261118821e-02
3.641011576299655189e+03,2.505027511212811078e+03,6.043327462704792197e+02
3.329370592629841667e+03,2.718057954203070494e+03,1.193767419474298777e+03
2.935750612175414972e+03,2.864160769406110830e+03,1.753806544789528061e+03
2.469844988695394477e+03,2.939739409663444803e+03,2.270660610875254406e+03
1.943126748062203433e+03,2.942933835676760282e+03,2.731603626920227271e+03
1.368566068806147769e+03,2.873666267101927588e+03,3.125286418309357032e+03
7.603109198912208058e+02,2.733643056324482131e+03,3.442016013086209114e+03
1.333387198752735117e+02,2.526312643609746374e+03,3.673994246694534922e+03
-4.969124075815878427e+02,2.256780632818007689e+03,3.815509717648350488e+03
-1.114923707523342728e+03,1.931684080916041694e+03,3.863078375370807862e+03
-1.705477846238548864e+03,1.559028096412552031e+03,3.815529285052979958e+03
-2.254033545256593698e+03,1.147988766971660652e+03,3.674033461632001490e+03
-2.747083582498922624e+03,7.086872627374287958e+02,3.442075062869373596e+03
-3.172487354273811434e+03,2.519406695268667136e+02,3.125365646276294228e+03
-3.519769814360699911e+03,-2.110043215748286229e+02,2.731703592347768790e+03
-3.780379429222642102e+03,-6.687483183977835779e+02,2.270782144054259334e+03
-3.947898791976205302e+03,-1.110019912121947527e+03,1.753950777238380397e+03
-4.018202699000101802e+03,-1.523953231644666175e+03,1.193935767422284016e+03
-3.989559783751440591e+03,-1.900355531901765517e+03,6.045268247928501069e+02
-3.862675187483418540e+03,-2.229958227445291868e+03,2.374977605205052800e-01
-3.640673178999821630e+03,-2.504645193160040890e+03,-6.040523298495662630e+02
-3.329020116651228818e+03,-2.717652660848408686e+03,-1.193463000543213184e+03
-2.935389752425340703e+03,-2.863735695739690073e+03,-1.753481448000663931e+03
-2.469474296429588776e+03,-2.939297239823683412e+03,-2.270318385034796847e+03
-1.942745825735884182e+03,-2.942476648102577656e+03,-2.731247733970405989e+03
-1.368173859416258210e+03,-2.873195516794869036e+03,-3.124919956144016396e+03
-7.599060439729698828e+02,-2.733159644129889330e+03,-3.441641527624906757e+03
-1.329198085495317798e+02,-2.525817060393871543e+03,-3.673613659720742362e+03
4.973464334294159812e+02,-2.256273152110770752e+03,-3.815124373997612111e+03
1.115373452619267709e+03,-1.931164965084391952e+03,-3.862689192301631465e+03
1.705943375572008335e+03,-1.558497779223743237e+03,-3.815136969498749750e+03
2.254514442475612213e+03,-1.147447979744869372e+03,-3.673638750000091932e+03
2.747579115530321815e+03,-7.081370814900875530e+02,-3.441678935191967412e+03
3.172996713776982688e+03,-2.513824746964116628e+02,-3.124969472300016150e+03
3.520292379305212307e+03,2.115689657711949110e+02,-2.731309180570294757e+03
3.780915011151287672e+03,6.693178441280151674e+02,-2.270391683014926002e+03
3.948447815722470295e+03,1.110592957280251312e+03,-1.753566678012458169e+03
4.018766291147598167e+03,1.524528844181563954e+03,-1.193560433734043499e+03
3.990139758522097509e+03,1.900933335985760550e+03,-6.041623915517998284e+02
3.863273943644408064e+03,2.230538519388612713e+03,1.144021083710563130e-01
3.641293564371226694e+03,2.505228934880395627e+03,6.043906729383112406e+02
3.329665355433023251e+03,2.718241392702565918e+03,1.193787305147896632e+03
2.936063428363426738e+03,2.864331488352262113e+03,1.753791716443232872e+03
2.470180283063404659e+03,2.939902719296733721e+03,2.270615201884744693e+03
1.943488124827820457e+03,2.943095025018521028e+03,2.731532449473496854e+03
1.368956363482795950e+03,2.873830571132848036e+03,3.125194869250798092e+03
7.607322497446835996e+02,2.733815650485768856e+03,3.441910021971668357e+03
1.337925113528814620e+02,2.526498654223066751e+03,3.673880267666886539e+03
-4.964254342553506376e+02,2.256985147079369654e+03,3.815394757768909130e+03
-1.114403610745574952e+03,1.931912137217550026e+03,3.862970042801096952e+03
-1.704925597237594729e+03,1.559284635670074067e+03,3.815435832275222765e+03
-2.253451216768864469e+03,1.148278529249111898e+03,3.673963793784457721e+03
-2.746474571458594710e+03,7.090146207065740782e+02,3.442038680790988110e+03
-3.171856606423258199e+03,2.523094005036705596e+02,3.125372499079553563e+03
-3.519124011223158504e+03,-2.105913117644797126e+02,2.731763825140337758e+03
-3.779727096566484761e+03,-6.682892958217639716e+02,2.270905741266327823e+03
-3.947250294587247936e+03,-1.109514607776821549e+03,1.754147118542944554e+03
-4.017570098551620504e+03,-1.523403092142184732e+03,1.194213128617189341e+03
-3.988956553317536418e+03,-1.899763893230080612e+03,6.048918699202795324e+02
-3.862115799300809613e+03,-2.229330377268262509e+03,6.948286493486405258e-01
-3.640172625596840589e+03,-2.503988285936094144e+03,-6.035004609765771875e+02
-3.328593466233408435e+03,-2.716975503862480309e+03,-1.192816755164676124e+03
-2.935051740846653047e+03,-2.863048522788181344e+03,-1.752743415187317396e+03
-2.469238860933691285e+03,-2.938611506352333436e+03,-2.269493677948160894e+03
-1.942625560449026125e+03,-2.941804781309597274e+03,-2.730344086574556513e+03
-1.368179431690649608e+03,-2.872550580760434059e+03,-3.123947726361192053e+03
-7.600456243538519630e+02,-2.732554917783353631e+03,-3.440613557949389815e+03
-1.331985706473662106e+02,-2.525265547930110188e+03,-3.672544975966769471e+03
4.969266895166192057e+02,-2.255787059448799937e+03,-3.814031726113089917e+03
1.114814509567255982e+03,-1.930755184484234633e+03,-3.861590462519084667e+03
1.705250613525584185e+03,-1.558173426575440772e+03,-3.814050490995315613e+03
2.253696652961524705e+03,-1.147216025225986641e+03,-3.672582591727620184e+03
2.746648131017326250e+03,-7.080021044078570185e+02,-3.440670213329839044e+03
3.171966889978675681e+03,-2.513465588939766349e+02,-3.124023745025631797e+03
3.519179982653276056e+03,2.115061964722974324e+02,-2.730439970758970503e+03
3.779737571009336989e+03,6.691590675266716062e+02,-2.269610154842565407e+03
3.947223498485575874e+03,1.110342901698325704e+03,-1.752881471555905591e+03
4.017513341827567729e+03,1.524193982530963240e+03,-1.192977640269143649e+03
3.988876036939964706e+03,1.900521564121298525e+03,-6.036856343550555266e+02
3.862016557870808811e+03,2.230058857750307197e+03,4.838376732069293862e-01
3.640058553148713145e+03,2.504691305838798144e+03,6.046537804685839319e+02
3.328467291433434639e+03,2.717656482093390878e+03,1.193947493093122830e+03
2.934914956063920727e+03,2.863710514871340820e+03,1.753854862408766394e+03
2.469091769393328832e+03,2.939257060386530611e+03,2.270589394010104115e+03
1.942467471712343240e+03,2.942435819861687378e+03,2.731427553264692051e+03
1.368008965991636842e+03,2.873168369508401611e+03,3.125022037108962195e+03
7.598610756843620493e+02,2.733160132448690547e+03,3.441681203783394722e+03
1.329982721088028086e+02,2.525858427169971037e+03,3.673607758449296853e+03
-4.971440541062652869e+02,2.256367615490873050e+03,3.815090803432719895e+03
-1.115049694350293521e+03,1.931323433370008388e+03,3.862646511844439374e+03
-1.705503729080017365e+03,1.558729596918868538e+03,3.815103951010689798e+03
-2.253967222351257988e+03,1.147760708368093219e+03,3.673633936405776240e+03
-2.746935268496877143e+03,7.085363190813975507e+02,3.441720203691819279e+03
-3.172269567371498397e+03,2.518717181526810407e+02,3.125073610225008906e+03
-3.519497334471554950e+03,-2.109884116237669787e+02,2.731491482768331934e+03
-3.780069183878507374e+03,-6.686469075002338514e+02,2.270665580051145298e+03
-3.947569634647153180e+03,-1.109834788229886499e+03,1.753943404467659093e+03
-4.017875059590883211e+03,-1.523688750356574019e+03,1.194048745302758562e+03
-3.989255190754681735e+03,-1.900018665727862526e+03,6.047683387806968085e+02
-3.862415686168716547e+03,-2.229558494025360687e+03,6.123631595986349652e-01
-3.640480713710786858e+03,-2.504194433355351521e+03,-6.035428699721820749e+02
-3.328915984354766806e+03,-2.717164693006634025e+03,-1.192821229994615123e+03
-2.935394132587556669e+03,-2.863225971439438126e+03,-1.752713068218546596e+03
-2.469605760373674002e+03,-2.938782542315082537e+03,-2.269432487656637022e+03
-1.943020798001529556e+03,-2.941974771723428148e+03,-2.730256786434305923e+03
-1.368606057629638372e+03,-2.872724888193563402e+03,-3.123839718609808187e+03
-7.605059334503346236e+02,-2.732738879074146553e+03,-3.440490860514431915e+03
-1.336941094770802181e+02,-2.525464466634924520e+03,-3.672414204808896557e+03
4.963951501153399022e+02,-2.256006198287928328e+03,-3.813900107747166203e+03
1.114247050249114864e+03,-1.930999741020676083e+03,-3.861465863138622353e+03
1.704648296207675230e+03,-1.558448474605412230e+03,-3.813941440941824567e+03
2.253061699973773102e+03,-1.147526406551329046e+03,-3.672498278298032801e+03
2.745984136800366741e+03,-7.083522613932786953e+02,-3.440620412948117064e+03
3.171279036548270142e+03,-2.517403071420551157e+02,-3.124018668852938390e+03
3.518475220862173046e+03,2.110659448124288247e+02,-2.730490006634080601e+03
3.779024725779329401e+03,6.686706077500585934e+02,-2.269725502429332209e+03
3.946513259533042856e+03,1.109806036248402052e+03,-1.753071684755140041e+03
4.016818112289723558e+03,1.523610279468864746e+03,-1.193251108421057097e+03
3.988209629582891012e+03,1.899894537119669167e+03,-6.040490491570051290e+02
3.861393752215869426e+03,2.229394030754510368e+03,2.596269828141581706e-02
3.639494577961313098e+03,2.503996112256158085e+03,6.040994069340156329e+02
3.327977378518378373e+03,2.716939992936531326e+03,1.193297036387940352e+03
2.934513972251471387e+03,2.862983176738550355e+03,1.753111117377668279e+03
2.468793773027285624e+03,2.938530502076729590e+03,2.269757628968631707e+03
1.942285172854838947e+03,2.941722618660996886e+03,2.730515626905354566e+03
1.367953138090680341e+03,2.872481725213922800e+03,3.124040419047697014e+03
7.599399756187009416e+02,2.732513446754368488e+03,3.440642845894417860e+03
1.332171300970901768e+02,2.525264809838437031e+03,3.672527795874318144e+03
-4.967834159010167241e+02,2.255839354321319661e+03,3.813986089831068512e+03
-1.114549067749674350e+03,1.930871473962693472e+03,3.861535017379520013e+03
-1.704868523275567895e+03,1.558363079831864297e+03,3.814004071016898251e+03
-2.253206261838219689e+03,1.147486605366142385e+03,3.672563770767282676e+03
-2.746060406879337734e+03,7.083591979897387318e+02,3.440696869668744512e+03
-3.171295158785153944e+03,2.517936495793526603e+02,3.124112644775575973e+03
-3.518439617448735589e+03,-2.109678098347034449e+02,2.730606375640150418e+03
-3.778945636524969814e+03,-6.685303077200970847e+02,2.269867459170832717e+03
-3.946398354705371275e+03,-1.109626903094326281e+03,1.753240873986497036e+03
-4.016674210128664072e+03,-1.523396031074331177e+03,1.193447858085719645e+03
-3.988042534726596386e+03,-1.899648983434027514e+03,6.042726712950742467e+02
-3.861208212168602131e+03,-2.229120838039780210e+03,2.231439794319163561e-01
-3.639294300727003701e+03,-2.503698688009505986e+03,-6.038267157367488380e+02
-3.327764967886982959e+03,-2.716621504735194776e+03,-1.193003257088758346e+03
-2.934290852914871266e+03,-2.862646481685235813e+03,-1.752799301811267696e+03
-2.468560259253499225e+03,-2.938177993267239344e+03,-2.269431094614606081e+03
-1.942040666714735153e+03,-2.941356117735457701e+03,-2.730177624045757511e+03
-1.367696418371707296e+03,-2.872102460973242614e+03,-3.123693848484974751e+03
-7.596695334481689770e+02,-2.732122123888364968e+03,-3.440290071385346891e+03
-1.329315007417120569e+02,-2.524861754185443715e+03,-3.672170574672652492e+03
4.970853754453422653e+02,-2.255424707690840023e+03,-3.813625624521650934e+03
1.114867997172087598e+03,-1.930445402936946266e+03,-3.861172111822723764e+03
1.705204499277460400e+03,-1.557925960413436769e+03,-3.813639355641957991e+03
2.253558865637699000e+03,-1.147039149544023985e+03,-3.672197950881924044e+03
2.746428902562597159e+03,-7.079024984970300238e+02,-3.440330947052569627e+03
3.171678747527260839e+03,-2.513291335756096601e+02,-3.123748068365232939e+03
3.518837720570700185e+03,2.114385115148473915e+02,-2.730245090536881435e+03
3.779358156992248496e+03,6.690055547611470956e+02,-2.269511841813524370e+03
3.946825872521245401e+03,1.110105272270013302e+03,-1.752893561512084261e+03
4.017118080523721346e+03,1.523876540083806049e+03,-1.193111497609614389e+03
3.988504876222435996e+03,1.900131278772530550e+03,-6.039496277679680816e+02
3.861691793184703329e+03,2.229605315691624128e+03,8.477905357279935661e-02
3.639802388500851066e+03,2.504186489157927099e+03,6.041184005398773706e+02
3.328301289239563630e+03,2.717114379876358726e+03,1.193278101884577836e+03
2.934859598014135827e+03,2.863146753912962140e+03,1.753057162448639929e+03
2.469165973621961712e+03,2.938688621087429510e+03,2.269672472314367042e+03
1.942688039324201327e+03,2.941880732863916364e+03,2.730403905612914059e+03
1.368389993364922702e+03,2.872645341921494037e+03,3.123907516343799216e+03
7.604133741313833070e+02,2.732688097348444444e+03,3.440494846647447503e+03
1.337288391947166701e+02,2.525456028817179686e+03,3.672371471264531465e+03
-4.962324687730704227e+02,2.256052653900548648e+03,3.813828904990969477e+03
-1.113958893302091838e+03,1.931112298129897226e+03,3.861385147566054911e+03
-1.704240217079938930e+03,1.558636721659267096e+03,3.813870404631232759e+03
-2.252542191527740670e+03,1.147798074664598744e+03,3.672455872956192252e+03
-2.745364420105851423e+03,7.087130330430512686e+02,3.440624880022188790e+03
-3.170572781677242347e+03,2.521936761128759201e+02,3.124087087649312252e+03
-3.517698206783946716e+03,-2.105187586915471343e+02,2.730637871884540800e+03
-3.778194448021243261e+03,-6.680306869394263458e+02,2.269966342014581187e+03
-3.945648495710144289e+03,-1.109076736265368709e+03,1.753416727290810059e+03
-4.015938456734914780e+03,-1.522797143032013764e+03,1.193709009019288033e+03
-3.987335009121471558e+03,-1.899005154131012205e+03,6.046256801017324278e+02
-3.860543935505174431e+03,-2.228437848072447650e+03,6.723484647632000932e-01
-3.638688690815953123e+03,-2.502984198474214281e+03,-6.032794550015668165e+02
-3.327233437179956127e+03,-2.715884764498423465e+03,-1.192358465828778435e+03
-2.933848445796914348e+03,-2.861898092508540230e+03,-1.752059853849189722e+03
-2.468221184983963667e+03,-2.937429734055938297e+03,-2.268602352728864389e+03
-1.941817750802840465e+03,-2.940620706784485265e+03,-2.729267558461907811e+03
-1.367600518603641831e+03,-2.871393224184269002e+03,-3.122713044936892402e+03
-7.597089704935589225e+02,-2.731452572673055329e+03,-3.439251591079225364e+03
-1.331115586066194680e+02,-2.524245094099097969e+03,-3.671089649857964105e+03
4.967628249893916745e+02,-2.254873311994733285e+03,-3.812519194088631593e+03
1.114404701275145271e+03,-1.929970293836575138e+03,-3.860058222155946169e+03
1.704605833398479945e+03,-1.557536343529134911e+03,-3.812536470455933340e+03
2.252833638648978649e+03,-1.146742043390058598e+03,-3.671124226655233997e+03
2.745588973856484699e+03,-7.077024908993749932e+02,-3.439303536059212547e+03
3.170738493814875710e+03,-2.512282821854543897e+02,-3.122782507679070022e+03
3.517813406057068278e+03,2.114406347402296262e+02,-2.729354823308538016e+03
3.778267268347198296e+03,6.689116923459756663e+02,-2.268707898156945703e+03
3.945686477957151510e+03,1.109920214258682790e+03,-1.752184403891616739e+03
4.015948260785431103e+03,1.523606800280811967e+03,-1.192503013702924591e+03
3.987322256667525380e+03,1.899784753824126938e+03,-6.034452366129551137e+02
3.860513183689502057e+03,2.229190962631224465e+03,4.839552269601955503e-01
3.638643480906579043e+03,2.503714091086197641e+03,6.044134468495611827e+02
3.327176212051189395e+03,2.716594469417492746e+03,1.193472581622628013e+03
2.933780434548189533e+03,2.862590358806594850e+03,1.753157152765410501e+03
2.468142461685367834e+03,2.938106842834392410e+03,2.269686192272977223e+03
1.941727434141864023e+03,2.941284343172275385e+03,2.730341229566363381e+03
1.367497075153933338e+03,2.872044444523566654e+03,3.123779460101125551e+03
7.595905759441760665e+02,2.732091872179641086e+03,3.440313073026539314e+03
1.329764611852915550e+02,2.524872561596012474e+03,3.672147848902200167e+03
-4.969159956251648396e+02,2.255488842935499633e+03,3.813575140161474337e+03
-1.114576727296652734e+03,1.930573822795206979e+03,3.861112494498631349e+03
-1.704796834597260613e+03,1.558128054077929391e+03,3.813589448169421757e+03
-2.253043138876911598e+03,1.147322517335957855e+03,3.672176370093580317e+03
-2.745816092923302676e+03,7.082727691972060029e+02,3.440355644387520442e+03
-3.170982229018846283e+03,2.517898248414205966e+02,3.123835902541471114e+03
-3.518072953096179845e+03,-2.108860854357328378e+02,2.730411421594650164e+03
-3.778542325489335781e+03,-6.683623246033467922e+02,2.269770156243472229e+03
-3.945977481361535865e+03,-1.109374402365401693e+03,1.753255138072346426e+03
-4.016256512006655612e+03,-1.523063363156795504e+03,1.193585122777251172e+03
-3.987649923304567892e+03,-1.899243177506394659e+03,6.045413687212313789e+02
-3.860863177526468007e+03,-2.228651553073202649e+03,6.282626640257501505e-01
-3.639019275524546174e+03,-2.503177990963291450e+03,-6.032838489794364705e+02
-3.327581812238322982e+03,-2.716063473934859758e+03,-1.192324828332842117e+03
-2.934220403394551340e+03,-2.862066871974953756e+03,-1.751990898320102815e+03
-2.468621799179387381e+03,-2.937593970232916035e+03,-2.268501764923955761e+03
-1.942251336903995707e+03,-2.940785944368023593e+03,-2.729139918258886610e+03
-1.368070606453122537e+03,-2.871565106345251024e+03,-3.122563760158671812e+03
-7.602182796760016572e+02,-2.731636795244653058e+03,-3.439086850246245831e+03
-1.336619614356657166e+02,-2.524447366832577245e+03,-3.670916396125930987e+03
4.961703666021579693e+02,-2.255099316131674186e+03,-3.812345116280016555e+03
1.113770235664384018e+03,-1.930225622353761992e+03,-3.859891751594978814e+03
1.703930559839477837e+03,-1.557826409498045678e+03,-3.812386765352696784e+03
2.252120083750157391e+03,-1.147071943847040075e+03,-3.671001120671341141e+03
2.744841187511360658e+03,-7.080768187334359709e+02,-3.439217425838836334e+03
3.169962237732757785e+03,-2.516508868058414237e+02,-3.122744157122710476e+03
3.517016299599665217e+03,2.109669269142492283e+02,-2.729375070605877227e+03
3.777458853126095619e+03,6.683853757940507876e+02,-2.268797264866574096e+03
3.944878166214496559e+03,1.109341390183020394e+03,-1.752352621501818021e+03
4.015153143372525847e+03,1.522977415218834039e+03,-1.192758499417297116e+03
3.986554763155450473e+03,1.899108757042844445e+03,-6.037945629062087392e+02
3.859788607538214364e+03,2.228474352906929198e+03,3.654199453712626139e-02
3.637977438271821029e+03,2.502964789501490031e+03,6.038663043142053084e+02
3.326584252649736754e+03,2.715821954945777179e+03,1.192826461794722718e+03
2.933277717699220375e+03,2.861805409521875845e+03,1.752415094400449789e+03
2.467743301051354138e+03,2.937321380832807336e+03,2.268853682519868471e+03
1.941444753837930193e+03,2.940511210473404844e+03,2.729426338842432870e+03
1.367341822677314440e+03,2.871297078477164632e+03,3.122792863620274602e+03
7.595711442530548538e+02,2.731383884195263818e+03,3.439267919388134487e+03
1.330981805237269953e+02,2.524217241650326287e+03,3.671059456944453359e+03
-4.966512367955299396e+02,2.254898627243680039e+03,3.812460528751407765e+03
-1.114170684522639476e+03,1.930059771210258305e+03,3.859989773763888934e+03
-1.704254904901163172e+03,1.557699385569171000e+03,3.812477120522395126e+03
-2.252374150071713302e+03,1.146986246089534916e+03,3.671092601923788607e+03
-2.745031906111782064e+03,7.080334715805065571e+02,3.439317572262381418e+03
-3.170097196478860951e+03,2.516495510887414468e+02,3.122859031249633063e+03
-3.517103287337630263e+03,-2.109277586798039863e+02,2.729509156548460396e+03
-3.777505439702470994e+03,-6.683081205633678792e+02,2.268953492871191884e+03
-3.944891356560031454e+03,-1.109229080459691431e+03,1.752532509261129462e+03
-4.015139133395427052e+03,-1.522833401954262172e+03,1.192962386318107519e+03
-3.986518810803343058e+03,-1.898936439812643584e+03,6.040219031012578625e+02
-3.859735016365289994e+03,-2.228276962612240823e+03,2.131321303263485623e-01
-3.637909587413971167e+03,-2.502745301324344382e+03,-6.035958326150246194e+02
-3.326504460899899186e+03,-2.715583198390624148e+03,-1.192537428644363445e+03
-2.933187160601547021e+03,-2.861549961062632974e+03,-1.752110346458640379e+03
-2.467642091136880481e+03,-2.937051385732386734e+03,-2.268536340226264201e+03
-1.941332135415554603e+03,-2.940228273409902158e+03,-2.729099463661890240e+03
-1.367216453863741890e+03,-2.871002242221543838e+03,-3.122459181814240310e+03
-7.594314257043998850e+02,-2.731077697975700175e+03,-3.438929639871304971e+03
-1.329425812058779286e+02,-2.523899905796598432e+03,-3.670718206125938650e+03
4.968239073156642576e+02,-2.254570187472227190e+03,-3.812117406151149680e+03
1.114361099721844084e+03,-1.929720326963806428e+03,-3.859645511793989954e+03
1.704463167579179299e+03,-1.557349273972047513e+03,-3.812132313896532196e+03
2.252599867251059550e+03,-1.146626166986884982e+03,-3.670747960081206656e+03
2.745274376566230330e+03,-7.076645292825105571e+02,-3.438974144388608238e+03
3.170355675875161978e+03,-2.512732028722586790e+02,-3.122518358648460435e+03
3.517377283296578298e+03,2.113098410772334717e+02,-2.729173320413298825e+03
3.777794985287700456e+03,6.686942555860125594e+02,-2.268625044169589273e+03
3.945197216012548779e+03,1.109617816035465466e+03,-1.752214287953312123e+03
4.015462907320050363e+03,1.523223753530471640e+03,-1.192657255397600238e+03
3.986862926180759587e+03,1.899328093234929383e+03,-6.037324356265060032e+02
3.860102606498423029e+03,2.228670415086457069e+03,5.870418752520200484e-02
3.638304332842789336e+03,2.503141863661947809e+03,6.038488165520453776e+02
3.326930609421392091e+03,2.715984795046937961e+03,1.192770768183437667e+03
2.933649512173235507e+03,2.861959147393948115e+03,1.752323717749049592e+03
2.468145839409953624e+03,2.937471441254767797e+03,2.268730164708241318e+03
1.941882612250052034e+03,2.940663235651927153e+03,2.729275180102058130e+03
1.367818797423616843e+03,2.871456863570831501e+03,3.122619469013513481e+03
7.600902020922287647e+02,2.731557321770984345e+03,3.439078558476945545e+03
1.336613965556026074e+02,2.524410268709622869e+03,3.670861238141967078e+03
-4.960427659998961190e+02,2.255117164517776928e+03,3.812261383496074814e+03
-1.113516961008984481e+03,1.930309641901895247e+03,3.859798438631468798e+03
-1.703557184058573284e+03,1.557986200503497457e+03,3.812303098949456853e+03
-2.251635121879146936e+03,1.147315245082891579e+03,3.670946083224948325e+03
-2.744255884230716219e+03,7.084093168336479494e+02,3.439209285479199025e+03
-3.169290287268166139e+03,2.520760769120635416e+02,3.122800016109590615e+03
-3.516273505081313942e+03,-2.104478258078002284e+02,2.729510443342866438e+03
-3.776662734076263405e+03,-6.677734487515674573e+02,2.269025696108662942e+03
-3.944047524157767384e+03,-1.108639996890391785e+03,1.752685354318157124e+03
-4.014307596705773449e+03,-1.522192104142858398e+03,1.193204201137767996e+03
-3.985714263155534809e+03,-1.898247125589123470e+03,6.043591157349821970e+02
-3.858972947844989449e+03,-2.227545857464270284e+03,6.498191542773106288e-01
-3.637205770149859745e+03,-2.501980510494199734e+03,-6.030581700001503123e+02
-3.325874617979199684e+03,-2.714794323158284897e+03,-1.191899575765549116e+03
-2.932646610861461340e+03,-2.860747900745775496e+03,-1.751375385790275914e+03
-2.467205269824791685e+03,-2.936248186498068208e+03,-2.267709839727991493e+03
-1.941012048130995709e+03,-2.939436892167753740e+03,-2.728189595518524584e+03
-1.367024098521279939e+03,-2.870236214327907419e+03,-3.121476724586911132e+03
-7.593752291081544854e+02,-2.730350714879226416e+03,-3.437887832906548738e+03
-1.330279047107512440e+02,-2.523225323573346486e+03,-3.669632440468284585e+03
4.965951386802154843e+02,-2.253960500160877473e+03,-3.811004755734242735e+03
1.113990599077289062e+03,-1.929186647558612549e+03,-3.858524129715896379e+03
1.703956289747220580e+03,-1.556900868968093164e+03,-3.811020737311513585e+03
2.251965406439495382e+03,-1.146270086886697300e+03,-3.669664380750396504e+03
2.744524174223463433e+03,-7.074053675862664932e+02,-3.437935707557438036e+03
3.169504076568787241e+03,-2.511130012992597642e+02,-3.121540549655780524e+03
3.516440492948020619e+03,2.113715409405137109e+02,-2.728269486378488182e+03
3.776790394221672159e+03,6.686602313670326794e+02,-2.267806079114483964e+03
3.944142747591780790e+03,1.109492885734425499e+03,-1.751488486964998401e+03
4.014376441573098418e+03,1.523014438504453210e+03,-1.192030320999425385e+03
3.985761829124273845e+03,1.899042263777895641e+03,-6.032076017891349693e+02
3.859003373700660632e+03,2.228316953012364138e+03,4.804746038938193520e-01
3.637222288224274962e+03,2.502730422548394017e+03,6.041687330094038089e+02
3.325879392325703520e+03,2.715525785636728870e+03,1.192992634777882358e+03
2.932640631493511592e+03,2.861463406596300956e+03,1.752453822850605775e+03
2.467188421196544823e+03,2.936949787124174691e+03,2.268776832007232315e+03
1.940983303754316694e+03,2.940126071023039003e+03,2.729248257161873426e+03
1.366981817300386638e+03,2.870913855584882640e+03,3.122529803083754359e+03
7.593175097113432912e+02,2.731017171665275328e+03,3.438937504549552159e+03
1.329529425717439608e+02,2.523880572691461111e+03,3.670680233262167349e+03
-4.966887487921433717e+02,2.254604354735788547e+03,3.812051606331581297e+03
-1.114103663053379023e+03,1.929818988628487887e+03,3.859570557596254730e+03
-1.704088947563538113e+03,1.557521853666819879e+03,3.812067099398540449e+03
-2.252117207317501652e+03,1.146880294756342664e+03,3.670711155971543576e+03
-2.744694278257146834e+03,7.080058570340416964e+02,3.438983756143544724e+03
-3.169691546620996178e+03,2.517052632391304883e+02,3.122591296393263747e+03
-3.516644625949774763e+03,-2.107857280054191165e+02,2.729324990146399614e+03
-3.777011034882213607e+03,-6.680790241002039238e+02,2.268868970431843081e+03
-3.944380531281872209e+03,-1.108914642965284884e+03,1.752561777834934219e+03
-4.014632926137875529e+03,-1.522437991942331109e+03,1.193117112991383920e+03
-3.986039495407142113e+03,-1.898467152439000756e+03,6.043107348522160009e+02
-3.859305497556423234e+03,-2.227743589147392413e+03,6.412181277449434669e-01
-3.637552754895061753e+03,-2.502160111988800963e+03,-6.030270746380093669e+02
-3.326242732251264897e+03,-2.714960479864445006e+03,-1.191830014513687047e+03
-2.933042010838991700e+03,-2.860905734058751477e+03,-1.751269709334567551e+03
-2.467633472491702832e+03,-2.936403168425844797e+03,-2.267571478232143818e+03
-1.941477844924223291e+03,-2.939594763265685742e+03,-2.728023010309485016e+03
-1.367531479787465969e+03,-2.870402907370797493e+03,-3.121287359085325079e+03
-7.599273119273273096e+02,-2.730532283761924191e+03,-3.437682068484187312e+03
-1.336268542150774579e+02,-2.523427873262624871e+03,-3.669417559515870835e+03
4.959482048047263447e+02,-2.254190109953382944e+03,-3.810788909252250505e+03
1.113295730872375088e+03,-1.929449277102901760e+03,-3.858316300514591603e+03
1.703214852717977465e+03,-1.557202235555387460e+03,-3.810830683889818829e+03
2.251180251368203244e+03,-1.146615504008361086e+03,-3.669502542195242313e+03
2.743699813969421484e+03,-7.077995393095195595e+02,-3.437813048220435121e+03
3.168646845013955499e+03,-2.515597744001690899e+02,-3.121468325003750579e+03
3.515558653868281908e+03,2.108694557355954089e+02,-2.728258919140761463e+03
3.775894165058916315e+03,6.681015478681008517e+02,-2.267867947140300657e+03
3.943244206804591158e+03,1.108878011367876979e+03,-1.751632639366776402e+03
4.013489298738678826e+03,1.522345690744166632e+03,-1.192265154408436729e+03
3.984901053237435463e+03,1.898324002205184343e+03,-6.035395403632087437e+02
3.858184694084851799e+03,2.227555602574959721e+03,4.744629269258246462e-02
3.636461647266051841e+03,2.501934317384084352e+03,6.036333096558930720e+02
3.325192635392930697e+03,2.714704715642794326e+03,1.192355778736960247e+03
2.932043173209678116e+03,2.860628417986420118e+03,1.751718753987288210e+03
2.466694780438327598e+03,2.936113045055948987e+03,2.267949224341854006e+03
1.940606564872349054e+03,2.939300633933755307e+03,2.728336366970304880e+03
1.366733050093243946e+03,2.870113349258507697e+03,3.121544482315223377e+03
7.592051983578387535e+02,2.730255367619769459e+03,3.437892062966561298e+03
1.329824836251791851e+02,2.523170892915928107e+03,3.669590130296139250e+03
-4.965154198048174408e+02,2.253959339828422799e+03,3.810933976664300189e+03
-1.113788268232747214e+03,1.929249775869323003e+03,3.858443598530619056e+03
-1.703636858016212727e+03,1.557037713544369126e+03,3.810949368182099988e+03
-2.251537225524762562e+03,1.146488268824660054e+03,3.669620838107765849e+03
-2.743998232560619272e+03,7.077105277240503938e+02,3.437937968923170502e+03
-3.168893740022275324e+03,2.515086698904517561e+02,3.121605485588446300e+03
-3.515761195314140423e+03,-2.108840303887768073e+02,2.728412463198422302e+03
-3.776059281418563387e+03,-6.680817828559545433e+02,2.268040589620578430e+03
-3.943378278692333879e+03,-1.108826633850901544e+03,1.751825815302958972e+03
-4.013597950367105568e+03,-1.522265690422176021e+03,1.192479249961802680e+03
-3.984989052411656303e+03,-1.898218386699557641e+03,6.037741731420355791e+02
-3.858255955834165889e+03,-2.227427205998227237e+03,2.068630576577892843e-01
-3.636519240945453930e+03,-2.501785774834389031e+03,-6.033606182418891422e+02
-3.325238607021577991e+03,-2.714538590487233250e+03,-1.192066778405384184e+03
-2.932078484086773187e+03,-2.860447044118455324e+03,-1.751416113068721870e+03
-2.466719383811358512e+03,-2.935918352116911137e+03,-2.267635877787233312e+03
-1.940619591566631698e+03,-2.939094041991610538e+03,-2.728015197608931430e+03
-1.366733079992400008e+03,-2.869895748687838932e+03,-3.121218055565790564e+03
-7.591905787460608508e+02,-2.730027186475193503e+03,-3.437562452204889723e+03
-1.329516456147040913e+02,-2.522932239251871124e+03,-3.669258856300509706e+03
4.965636969486589578e+02,-2.253710193077901749e+03,-3.810602065771499383e+03
1.113854687471763100e+03,-1.928990192158400532e+03,-3.858111743712523094e+03
1.703721556791852436e+03,-1.556768006670348996e+03,-3.810618159162438133e+03
2.251639856428465464e+03,-1.146209132246263152e+03,-3.669291014210007233e+03
2.744118156988398368e+03,-7.074230728258951331e+02,-3.437610644176928417e+03
3.169030300109232485e+03,-2.512143701127491511e+02,-3.121282300426341408e+03
3.515914016470132992e+03,2.111834838383983026e+02,-2.728095630027316020e+03
3.776228553471863506e+03,6.683846931458008385e+02,-2.267732818084095470e+03
3.943564968527382462e+03,1.109131547095437782e+03,-1.751530123575935932e+03
4.013803911877385417e+03,1.522571644274334403e+03,-1.192198687083669483e+03
3.985217017721579850e+03,1.898525124135261649e+03,-6.035114907380539080e+02
3.858509412044186320e+03,2.227735325884912527e+03,3.581725569142124588e-02
3.636802295795456757e+03,2.502096704008591132e+03,6.035818793124536796e+02
3.325556037307309907e+03,2.714854390754800534e+03,1.192265576115361682e+03
2.932435671834309233e+03,2.860770494597617017e+03,1.751591955124177275e+03
2.467122123033246680e+03,2.936253042939919851e+03,2.267789131624489983e+03
1.941073796273272364e+03,2.939444396843625782e+03,2.728147377072446034e+03
1.367244414351292335e+03,2.870266962948090622e+03,3.121332048411539290e+03
7.597640424625434434e+02,2.730425078427444078e+03,3.437662655986643131e+03
1.335911549674003140e+02,2.523363023165424238e+03,3.669351200825462911e+03
-4.958556908232314413e+02,2.254180192904794239e+03,3.810693914221191790e+03
-1.113077506317453071e+03,1.929505521401236592e+03,3.858211678953801766e+03
-1.702876501982140326e+03,1.557334242804474570e+03,3.810735674430834479e+03
-2.250730300153070402e+03,1.146831012746676834e+03,3.669436136119947150e+03
-2.743149516118538486e+03,7.081042352203639894e+02,3.437793520168188479e+03
-3.168009902099339797e+03,2.519571516893204830e+02,3.121512782192659870e+03
-3.514850874657036456e+03,-2.103781784604742597e+02,2.728382880276235028e+03
-3.775133073467568465e+03,-6.675174552386453115e+02,2.268084961431815827e+03
-3.942448608241633792e+03,-1.108204461857422302e+03,1.751953955065724131e+03
-4.012678815810026208e+03,-1.521588231131959446e+03,1.192699445021200972e+03
-3.984095642552391837e+03,-1.897490228270168245e+03,6.040926951520049215e+02
-3.857404156341058751e+03,-2.226654969780330703e+03,6.275373845397431705e-01
-3.635725142824874638e+03,-2.500977906598251593e+03,-6.028365250332292362e+02
-3.324518217232575353e+03,-2.713704960029293943e+03,-1.191440208576325631e+03
-2.931447348415674242e+03,-2.859598798052757047e+03,-1.750690323494628728e+03
-2.466192110396897533e+03,-2.935067759442397801e+03,-2.266816620947126921e+03
-1.940209313059389160e+03,-2.938254253839062130e+03,-2.727110826990007808e+03
-1.366450885014325422e+03,-2.869080464457391372e+03,-3.120239517239952420e+03
-7.590449578095517609e+02,-2.729250231912805248e+03,-3.436523131791647756e+03
-1.329480052542917576e+02,-2.522207076591419991e+03,-3.668174264954445789e+03
4.964233976832261988e+02,-2.253049396566073938e+03,-3.809489368275767447e+03
1.113572132343952717e+03,-1.928404931419316881e+03,-3.856989152685242971e+03
1.703302069873837809e+03,-1.556267583778370181e+03,-3.809504238496914695e+03
2.251092193727564791e+03,-1.145800615013581591e+03,-3.668203948549282813e+03
2.743454107862117780e+03,-7.071110571571663286e+02,-3.436567537261115831e+03
3.168264136177113414e+03,-2.510008894911043456e+02,-3.120298562065195711e+03
3.515061842409381825e+03,2.112989011636933014e+02,-2.727184499654315914e+03
3.775307622585755325e+03,6.684048361862631964e+02,-2.266905053980901357e+03
3.942593024616447565e+03,1.109061234690611172e+03,-1.750793864065301477e+03
4.012798607956695832e+03,1.522417378291931527e+03,-1.191559467323484796e+03
3.984195443506347601e+03,1.898294725081531169e+03,-6.029723800964615066e+02
3.857487737465700320e+03,2.227437591322034677e+03,4.740115507984632437e-01
3.635795432133125360e+03,2.501741217165304533e+03,6.039206185572496679e+02
3.324577120657111209e+03,2.714451450577604191e+03,1.192508932536773273e+03
2.931495657049421879e+03,2.860330735461956920e+03,1.751746393104381696e+03
2.466229563107942795e+03,2.935786993866805915e+03,2.267863037584532321e+03
1.940234782844499023e+03,2.938962096934359579e+03,2.728150534151979627e+03
1.366462665623396106e+03,2.869777659934468829e+03,3.121275108148840445e+03
7.590411081557425632e+02,2.729937023495578615e+03,3.437556653063802514e+03
1.329266968318587487e+02,2.522883360969175101e+03,3.669207145156220122e+03
-4.964635870809760831e+02,2.253714933265695890e+03,3.810522478364615381e+03
-1.113632026811205378e+03,1.929059570980125727e+03,3.858022982156644048e+03
-1.703381836379982133e+03,1.556911471984557920e+03,3.810539150626888841e+03
-2.251191424385818664e+03,1.146434334820643471e+03,3.669240464530758345e+03
-2.743572028232958019e+03,7.077356802646868346e+02,3.437606593959168094e+03
-3.168399903510306103e+03,2.516179245429898117e+02,3.121341692602572948e+03
-3.515214882886762553e+03,-2.106876596635350154e+02,2.728233898845773183e+03
-3.775477950416217027e+03,-6.677975376827799892e+02,2.267963509964322384e+03
-3.942781489217940816e+03,-1.108456247539295418e+03,1.751864559924833884e+03
-4.013007028216578419e+03,-1.521813569127566552e+03,1.192645678309700770e+03
-3.984426607920745937e+03,-1.897691701731087960e+03,6.040771093773922757e+02
-3.857745274467504714e+03,-2.226835871268134724e+03,6.516021160279176216e-01
-3.636083661005991416e+03,-2.501142197923915774e+03,-6.027724761691072217e+02
-3.324901090460042724e+03,-2.713857215710513174e+03,-1.191337014156739315e+03
-2.931861097453491766e+03,-2.859744134084942289e+03,-1.750550010365365779e+03
-2.466642683855929590e+03,-2.935211750876260339e+03,-2.266642400036128947e+03
-1.940701957277656447e+03,-2.938402845198235354e+03,-2.726907071620720217e+03
-1.366990022189504089e+03,-2.869239876266435658e+03,-3.120011728463689451e+03
-7.596340693901559007e+02,-2.729426864542218937e+03,-3.436277895141301542e+03
-1.335895148054740389e+02,-2.522407409765625744e+03,-3.667919201147643435e+03
4.957282489444149860e+02,-2.253279879690286634e+03,-3.809233076494868783e+03
1.112823422864731128e+03,-1.928671857343710371e+03,-3.856741140142773929e+03
1.702501349300910761e+03,-1.556576937425916185e+03,-3.809274824610753967e+03
2.250242643331605905e+03,-1.146157889445319142e+03,-3.668004127972194510e+03
2.742560696038105107e+03,-7.075210334554916471e+02,-3.436408784372967148e+03
3.167333746619201065e+03,-2.514673834048592482e+02,-3.120192561943292276e+03
3.514103345957905731e+03,2.107733144096445415e+02,-2.727142797508973672e+03
3.774331861429288438e+03,6.678190986470007147e+02,-2.266938626340268911e+03
3.941612681142363726e+03,1.108416056451503664e+03,-1.750912629070922321e+03
4.011827940716048943e+03,1.521715431092233302e+03,-1.191771765634010535e+03
3.983249888307834681e+03,1.897540749082259936e+03,-6.032844692727213669e+02
3.856583392272505989e+03,2.226638388003421369e+03,5.839248397565438564e-02
3.634948546008683479e+03,2.500905414311664117e+03,6.034003391746688294e+02
3.323803800661381501e+03,2.713589080774778722e+03,1.191885092594091020e+03
2.930811521593544512e+03,2.859453071839710447e+03,1.751022376355382221e+03
2.465649282910038437e+03,2.934906405034749696e+03,2.267044691729146962e+03
1.939771550512726435e+03,2.938091816957030915e+03,2.727246285153156805e+03
1.366127625350601193e+03,2.868931460845583842e+03,3.120295962903045165e+03
7.588427944597134456e+02,2.729128794288445533e+03,3.436516053951782396e+03
1.328705416685214118e+02,2.522126614359098767e+03,3.668120657039110029e+03
-4.963756197099530141e+02,2.253022276641367625e+03,3.809407311450113866e+03
-1.113401630541987288e+03,1.928442187604411856e+03,3.856897378070993454e+03
-1.703014347885820143e+03,1.556378660738452481e+03,3.809421679386188316e+03
-2.250695600344957256e+03,1.145993151255899420e+03,3.668149292968448663e+03
-2.742959634620831366e+03,7.073907097507230901e+02,3.436558789763005279e+03
-3.167685159022466451e+03,2.513712020064226067e+02,3.120352621914069914e+03
-3.514413812345859242e+03,-2.108365864443564135e+02,2.727316761235893864e+03
-3.774607709133203116e+03,-6.678514203684303538e+02,2.267129034877290451e+03
-3.941859715192793374e+03,-1.108419856206093527e+03,1.751120867202309228e+03
-4.012051267042467771e+03,-1.521693355513748884e+03,1.191998285273697775e+03
-3.983453837340168775e+03,-1.897495445642560981e+03,6.035290494754026440e+02
-3.856771526101472773e+03,-2.226572360042483069e+03,2.035781326280212411e-01
-3.635123628762232784e+03,-2.500821050753311738e+03,-6.031221677248013293e+02
-3.323967641306639962e+03,-2.713488709588533311e+03,-1.191592645653809086e+03
-2.930964908617726906e+03,-2.859338809552404200e+03,-1.750718145864918370e+03
-2.465792051887289290e+03,-2.934779992001956089e+03,-2.266731430618830018e+03
-1.939902759181158899e+03,-2.937954516451341533e+03,-2.726926704354601952e+03
-1.366245812785813996e+03,-2.868784039852134811e+03,-3.119972478091568064e+03
-7.589462868311636612e+02,-2.728971588982122285e+03,-3.436190618969523712e+03
-1.329577570893084726e+02,-2.521959668620032971e+03,-3.667794707660507356e+03
4.963059166447096686e+02,-2.252845528630689387e+03,-3.809081824808864440e+03
1.113350166833353569e+03,-1.928255670076259776e+03,-3.856573032899715599e+03
1.702981300166828987e+03,-1.556182677319779714e+03,-3.809099084093994861e+03
2.250680679890880583e+03,-1.145788394284312744e+03,-3.667829236018802021e+03
2.742962284579507468e+03,-7.071782948274916407e+02,-3.436242462309714483e+03
3.167704829805422378e+03,-2.511526085214175339e+02,-3.120041767084282583e+03
3.514450267994413025e+03,2.110596636330613762e+02,-2.727013716970596761e+03
3.774661312719590569e+03,6.680772880309397124e+02,-2.266836655451116258e+03
3.941931645756144917e+03,1.108647077467896452e+03,-1.750842329004825160e+03
4.012143633008179222e+03,1.521921005462173753e+03,-1.191736801623812198e+03
3.983569669870908911e+03,1.897723330669516372e+03,-6.032875358491226052e+02
3.856914665882040936e+03,2.226801153829829218e+03,1.564986212677693667e-02
3.635298628257614382e+03,2.501052239066968014e+03,6.033173961866369837e+02
3.324179778705597073e+03,2.713724492290985836e+03,1.191762603330898628e+03
2.931220101290949970e+03,2.859582188029693498e+03,1.750862210242982428e+03
2.466096635495753162e+03,2.935034855028431139e+03,2.266849948015947120e+03
1.940263162984231940e+03,2.938225650204039084e+03,2.727021286134566708e+03
1.366668156612043958e+03,2.869077047533718542e+03,3.120046229131297423e+03
7.594359357818151466e+02,2.729292718641420834e+03,3.436248265028269998e+03
1.335188773291863811e+02,2.522315559674584165e+03,3.667842599860005066e+03
-4.956707567180596925e+02,2.253242897965863904e+03,3.809127814179690631e+03
-1.112640311220221975e+03,1.928700965730745793e+03,3.856626223387453592e+03
-1.702198207453102441e+03,1.556681730598002332e+03,3.809169485827723747e+03
-2.249827998318893606e+03,1.146346099608709665e+03,3.667927350102718265e+03
-2.742045799273714692e+03,7.077983414664290649e+02,3.436378832711085124e+03
-3.166732293658027174e+03,2.518372808769069024e+02,3.120226534607773829e+03
-3.513431136579485610e+03,-2.103096087740325402e+02,2.727256205564017819e+03
-3.773606408575866681e+03,-6.672626665773225341e+02,2.267145013844476125e+03
-3.940852778483106249e+03,-1.107770250950235777e+03,1.751223242315553989e+03
-4.011053199644577489e+03,-1.520985791448988266e+03,1.192195279649576605e+03
-3.982480255946029502e+03,-1.896734862371943791e+03,6.038267781612436238e+02
-3.855838662490793013e+03,-2.225765700697144439e+03,6.056835655209059643e-01
-3.634247875569773441e+03,-2.499976998947607171e+03,-6.026145145283061311e+02
-3.323165242297212444e+03,-2.712617363674014541e+03,-1.190980524708167877e+03
-2.930251585183850693e+03,-2.858451528779807632e+03,-1.750004980920876278e+03
-2.465182534969632798e+03,-2.933889232369595902e+03,-2.265923148304927054e+03
-1.939410260995005274e+03,-2.937073586059942500e+03,-2.726031824708030854e+03
-1.365881469458974607e+03,-2.867926763841261163e+03,-3.119002094651968491e+03
-7.587186158148648474e+02,-2.728151888958548170e+03,-3.435158237817981444e+03
-1.328721819775815618e+02,-2.521191075933661068e+03,-3.666715928851636818e+03
4.962474203763634932e+02,-2.252140663996971853e+03,-3.807973868603883602e+03
1.113149259582128707e+03,-1.927625731400727318e+03,-3.855454134103050819e+03
1.702643269663478804e+03,-1.555636981127720674e+03,-3.807987796802750836e+03
2.250214228001941592e+03,-1.145334013118787198e+03,-3.666743705085066722e+03
2.742379124667069391e+03,-7.068198234286180650e+02,-3.435199723912740410e+03
3.167019131895172904e+03,-2.508920770950311407e+02,-3.119057138135104651e+03
3.513678005791058240e+03,2.112227282017406367e+02,-2.726100321431089924e+03
3.773819575215766235e+03,6.681456695451385031e+02,-2.266005117118143517e+03
3.941037975198345976e+03,1.108625577541670054e+03,-1.750100637488448683e+03
4.011215440266434598e+03,1.521816090959555140e+03,-1.191090334883832838e+03
3.982623759036833235e+03,1.897542766404144686e+03,-6.027391994352078655e+02
3.855966865112779033e+03,2.226553679627113070e+03,4.652581019599660861e-01
3.634363416166149364e+03,2.500747394793105286e+03,6.036700472049764130e+02
3.323269802565563168e+03,2.713372451881723464e+03,1.192022605171059467e+03
2.930345796451289516e+03,2.859193374048389160e+03,1.751036159472823783e+03
2.465266030361420690e+03,2.934619508721974853e+03,2.266946253703197726e+03
1.939481851844191851e+03,2.937793460061603128e+03,2.727049636216408089e+03
1.365939420434921431e+03,2.868636866699072925e+03,3.120017061921374534e+03
7.587609771738458448e+02,2.728852383285177893e+03,3.436172293294936935e+03
1.328971252428090111e+02,2.521881805425097355e+03,3.667730421587450110e+03
-4.962413193085161538e+02,2.252821358690416673e+03,3.808989626964305444e+03
-1.113162837632829678e+03,1.928296230488425635e+03,3.856471641671440011e+03
-1.702676724846017351e+03,1.556297431646946734e+03,3.809007445619557075e+03
-2.250267207266240803e+03,1.145985006480894981e+03,3.667766076516968042e+03
-2.742450936345038826e+03,7.074624420007087338e+02,3.436225842508311416e+03
-3.167109047004742479e+03,2.515278377957220073e+02,3.120088647955179567e+03
-3.513785597726903688e+03,-2.105920293547073356e+02,2.727139547051324826e+03
-3.773945040987958237e+03,-6.675181916939129678e+02,2.267054990441005884e+03
-3.941182384519055176e+03,-1.107999714688369750e+03,1.751164493908675922e+03
-4.011380871217066669e+03,-1.521190755986615613e+03,1.192171604749060407e+03
-3.982813299479700163e+03,-1.896917635554779054e+03,6.038410425477704848e+02
-3.856184494556698610e+03,-2.225929340908740414e+03,6.597226026997905501e-01
-3.634613890883954355e+03,-2.500125300624662032e+03,-6.025199884836887350e+02
-3.323558659849303240e+03,-2.712754820055752589e+03,-1.190845999686368714e+03
-2.930679280591728002e+03,-2.858583271666997462e+03,-1.749832200163307789e+03
-2.465650867554102661e+03,-2.934020951247171979e+03,-2.265715138705721074e+03
-1.939924902687108670e+03,-2.937211430445353471e+03,-2.725792898506899746e+03
-1.366447239943350041e+03,-2.868077232880736119e+03,-3.118737826599030996e+03
-7.593393250376667538e+02,-2.728321711178054102e+03,-3.434875421191931764e+03
-1.335504781694167775e+02,-2.521387079829265531e+03,-3.666422512961607481e+03
4.955102007119918426e+02,-2.252369637507942571e+03,-3.807678877912823282e+03
1.112353242909455503e+03,-1.927894265838611545e+03,-3.855167565099507101e+03
1.701790198173597673e+03,-1.555951293881129686e+03,-3.807720484351383675e+03
2.249307608743913534e+03,-1.145699744063092794e+03,-3.666507146192495838e+03
2.741424362737132014e+03,-7.072418031381102992e+02,-3.435005845391086041e+03
3.166023627826618394e+03,-2.513740705875547690e+02,-3.118917996560919164e+03
3.512651191501079666e+03,2.106782909198541915e+02,-2.726027730093828723e+03
3.772772860862062771e+03,6.675379568711459797e+02,-2.266010204908319338e+03
3.939984582870732083e+03,1.107955587679512746e+03,-1.750193357765867404e+03
4.010170110172472960e+03,1.521086821855044263e+03,-1.191278956123887383e+03
3.981602329633466979e+03,1.896759294017043885e+03,-6.030298242043711525e+02
3.854985758572025134e+03,2.225723101751219474e+03,6.905447623113164513e-02
3.633439163165575792e+03,2.499878553139202722e+03,6.031672113020896404e+02
3.322418728869674851e+03,2.712475586696740265e+03,1.191414358834821314e+03
2.929583677341581733e+03,2.858279953743019178e+03,1.750326043524436045e+03
2.464607642176188165e+03,2.933702072515336567e+03,2.266140280287158475e+03
1.938940451551792648e+03,2.936885383400474893e+03,2.726156387631549933e+03
1.365526186727253616e+03,2.867752032639578829e+03,3.119047681720672699e+03
7.584844610439093913e+02,2.728004763039335558e+03,3.435140332919228968e+03
1.327627682075865891e+02,2.521084968607567134e+03,3.666651522966818902e+03
-4.962315409840680900e+02,2.252087948858224081e+03,3.807881043938637049e+03
-1.113010594945750881e+03,1.927637451314680447e+03,3.855351626876270984e+03
-1.702387315728430167e+03,1.555722591412632710e+03,3.807894549620167709e+03
-2.249849329509984273e+03,1.145501163332617807e+03,3.666678419041974848e+03
-2.741916273990566879e+03,7.070741806191564365e+02,3.435180419254537355e+03
-3.166471711320379654e+03,2.512371922046345674e+02,3.119100730675184877e+03
-3.513061478020322284e+03,-2.107855095237293881e+02,2.726222220736511190e+03
-3.773151125819870686e+03,-6.676172501332964657e+02,2.266218852077960491e+03
-3.940336110263827777e+03,-1.108009103549605015e+03,1.750417515613276009e+03
-4.010499542994445619e+03,-1.521116895830930616e+03,1.191519142352726476e+03
-3.981913609858509972e+03,-1.896768264225250959e+03,6.032859454745901076e+02
-3.855282125923907643e+03,-2.225713212406188177e+03,2.024411969539248457e-01
-3.633723106105344868e+03,-2.499851985736383995e+03,-6.028814583988512368e+02
-3.322691850386956048e+03,-2.712434461652442224e+03,-1.191116141096035790e+03
-2.929846627565956169e+03,-2.858226194863048022e+03,-1.750017683630288047e+03
-2.464860173863149612e+03,-2.933637255620695669e+03,-2.265824356088982313e+03
-1.939181582740175145e+03,-2.936810640374677860e+03,-2.725835447358109377e+03
-1.365754446144993835e+03,-2.867668032842746925e+03,-3.118724003571008780e+03
-7.586981797612871787e+02,-2.727911776155485768e+03,-3.434815766754939887e+03
-1.329603714268001227e+02,-2.520982998239602694e+03,-3.666327438007179353e+03
4.960512903155357094e+02,-2.251976912953419287e+03,-3.807558388423432007e+03
1.112848442439228620e+03,-1.927517376073536070e+03,-3.855031085824618913e+03
1.702243479048624749e+03,-1.555593781712632563e+03,-3.807576768851468387e+03
2.249723586518173761e+03,-1.145364315707603510e+03,-3.666364250979181179e+03
2.741808161510393802e+03,-7.069304140893879094e+02,-3.434871141305588935e+03
3.166380801401942335e+03,-2.510879859430193903e+02,-3.118798190983939094e+03
3.512987685303532999e+03,2.109384669605815930e+02,-2.725928878213878761e+03
3.773094994604871317e+03,6.677722805199232425e+02,-2.265937695439841718e+03
3.940299033813760161e+03,1.108164796683530312e+03,-1.750151866764698752e+03
4.010483879915806483e+03,1.521272367500632299e+03,-1.191272370224118959e+03
3.981922682594657090e+03,1.896923372149699844e+03,-6.030611408079026887e+02
3.855320126502941093e+03,2.225868671938694206e+03,-2.161364941514947857e-03
3.633795016071238933e+03,2.500009337587674509e+03,6.030552103184830912e+02
3.322803417619674747e+03,2.712596043945159181e+03,1.191261894477295982e+03
2.930004256373997578e+03,2.858395225710816248e+03,1.750134719349760189e+03
2.465070681758135834e+03,2.933817906522408521e+03,2.265913027256796340e+03
1.939451848068097433e+03,2.937008032735944653e+03,2.725897479260265754e+03
1.366090977002724003e+03,2.867888139826946372e+03,3.118762719775357255e+03
7.591066434281181046e+02,2.728161229083512808e+03,3.434836206234956990e+03
1.334451302296589006e+02,2.521268809536963090e+03,3.666336341515236654e+03
-4.954875902605515989e+02,2.252306138400913369e+03,3.807564048026941236e+03
-1.112205189175943133e+03,1.927896746442868107e+03,3.855043067711544609e+03
-1.701522290385926908e+03,1.556029336683004431e+03,3.807605533604209086e+03
-2.248928368740750102e+03,1.145861071175216011e+03,3.666420705383809945e+03
-2.740945031573584401e+03,7.074920883468449802e+02,3.434966160239730016e+03
-3.165457886086000599e+03,2.517168021439465804e+02,3.118942147176214803e+03
-3.512014820361975580e+03,-2.102418936071166797e+02,2.726131212490197868e+03
-3.772083352377821484e+03,-6.670089707844962277e+02,2.266206552174817716e+03
-3.939260709067728385e+03,-1.107337357427978532e+03,1.750493810040584549e+03
-4.009431461620042228e+03,-1.520384875432460149e+03,1.191692187346837954e+03
-3.980868834860071729e+03,-1.895981205277632398e+03,6.035617322061328878e+02
-3.854277196194373118e+03,-2.224878303139907530e+03,5.845104215253792423e-01
-3.632774678703985046e+03,-2.498978103467990422e+03,-6.023919972194842103e+02
-3.321816368006632729e+03,-2.711531899839609650e+03,-1.190520488358661623e+03
-2.929059946786585897e+03,-2.857306495037347759e+03,-1.749319419431293454e+03
-2.464177108414286977e+03,-2.932713030292666645e+03,-2.265029570128146588e+03
-1.938615386602546550e+03,-2.935895323486341567e+03,-2.724952812264315980e+03
-1.365316268778044105e+03,-2.866775543806783389e+03,-3.117764742748205663e+03
-7.583965364939296023e+02,-2.727056101377575942e+03,-3.433793485320487889e+03
-1.328006804625750874e+02,-2.520177708631358655e+03,-3.665257800026587574e+03
4.960670517119974647e+02,-2.251234649042589808e+03,-3.806458642326922018e+03
1.112721917492110379e+03,-1.926849341723165935e+03,-3.853919460480647558e+03
1.701979917078858989e+03,-1.555009291190235217e+03,-3.806471781706575712e+03
2.249331625993879243e+03,-1.144870436014285360e+03,-3.665283983667899975e+03
2.741299425250645527e+03,-7.065317351767375840e+02,-3.433832544411844992e+03
3.165769340521530012e+03,-2.507865371879088059e+02,-3.117816477195416610e+03
3.512289325253176685e+03,2.111431528907839947e+02,-2.725017051773978437e+03
3.772326645524123705e+03,6.678829725812313427e+02,-2.265106247525022354e+03
3.939478026698327994e+03,1.108186270234958329e+03,-1.749408643418904148e+03
4.009627379478830335e+03,1.521211050556951022e+03,-1.190622594502867287e+03
3.981047206682740580e+03,1.896786982869522717e+03,-6.025075403481005196e+02
3.854441158729208382e+03,2.225665913360293416e+03,4.549091886184716826e-01
3.632926613457856547e+03,2.499749699345158660e+03,6.034178116786652026e+02
3.321957762495977931e+03,2.712289568603228872e+03,1.191534540284414561e+03
2.929191304065983786e+03,2.858052124050922430e+03,1.750324104210772703e+03
2.464297988109634389e+03,2.933448141752022366e+03,2.266027552430163723e+03
1.938724569465363174e+03,2.936620963532882342e+03,2.725946717201270530e+03
1.365412018748080072e+03,2.867492256006609750e+03,3.118756889141450301e+03
7.584769192635498030e+02,2.727763991587822602e+03,3.434785707115339846e+03
1.328638859788223954e+02,2.520876590325986399e+03,3.666251384985816003e+03
-4.960224377596004501e+02,2.251924242638957821e+03,3.807454395905334422e+03
-1.112696740246035915e+03,1.927529490750047898e+03,3.854917879886272203e+03
-1.701974407587590576e+03,1.555680154388614937e+03,3.807473305144744700e+03
-2.249345493316862758e+03,1.145532617940469663e+03,3.666289266011163363e+03
-2.741332070987128191e+03,7.071863279033129857e+02,3.434842705538851988e+03
-3.165820160656554435e+03,2.514350601586571656e+02,3.118833273179494427e+03
-3.512358049634516192e+03,-2.104989110749988299e+02,2.726042931557755765e+03
-3.772413658834839225e+03,-6.672411905404967456e+02,2.266144276323670056e+03
-3.939584617730056380e+03,-1.107545375111489875e+03,1.750462296645350762e+03
-4.009755877821101421e+03,-1.520570002187011141e+03,1.191695449886528650e+03
-3.981200988170478922e+03,-1.896145512274742487e+03,6.036029249152308012e+02
-3.854624544838682141e+03,-2.225024652276235429e+03,6.657994669742332006e-01
-3.633144775050959652e+03,-2.499110155110538471e+03,-6.022695618449220092e+02
-3.322216690809071224e+03,-2.711654092016294271e+03,-1.190357086907062694e+03
-2.929497709343630049e+03,-2.857423992118721799e+03,-1.749116551558127640e+03
-2.464659053258641052e+03,-2.932831642532877140e+03,-2.264790112010029588e+03
-1.939147576851938311e+03,-2.936021401101507763e+03,-2.724681038411446025e+03
-1.365903884132445000e+03,-2.866915850348814274e+03,-3.117466312736654800e+03
-7.590436788368474481e+02,-2.727217670842106145e+03,-3.433475397808426806e+03
-1.335101908183056310e+02,-2.520367689218098349e+03,-3.664928316914369589e+03
4.952937653625835424e+02,-2.251460134275312157e+03,-3.806127184553005009e+03
1.111885042645013527e+03,-1.927117187328293085e+03,-3.853596474010963902e+03
1.701081388714366994e+03,-1.555325914735780543e+03,-3.806168568635222528e+03
2.248375263364800958e+03,-1.145241596446782296e+03,-3.665012489984617332e+03
2.740291042683352771e+03,-7.069622918882231488e+02,-3.433605094559065037e+03
3.164716814993513253e+03,-2.512801929756315928e+02,-3.117645447031605727e+03
3.511202598408257927e+03,2.105841139374110185e+02,-2.724914477149363393e+03
3.771217636092019802e+03,6.672579340449252641e+02,-2.265083374988198557e+03
3.938360432751876942e+03,1.107496494657857511e+03,-1.749475442035813558e+03
4.008516359509671474e+03,1.520459824415514959e+03,-1.190787262197668952e+03
3.979958945681955811e+03,1.895979662524633795e+03,-6.027760591927534506e+02
3.853392363121184189e+03,2.224809824836514963e+03,7.906004287682356912e-02
3.631934057577063868e+03,2.498853861080867773e+03,6.029336328896695250e+02
3.321037956176084663e+03,2.711364397147640830e+03,1.190943358740569693e+03
2.928360144155216403e+03,2.857109254163055084e+03,1.749629604976305473e+03
2.463570321242419141e+03,2.932500254954406046e+03,2.265235900226283320e+03
1.938113683439706392e+03,2.935681548124546680e+03,2.725066636905802170e+03
1.364929096440009062e+03,2.866575277478782937e+03,3.117799644336585970e+03
7.581305024126146463e+02,2.726883475377217110e+03,3.433764938592640647e+03
1.326594058108210277e+02,2.520046136527624640e+03,3.665182789308316387e+03
-4.960830057635035359e+02,2.251156507336594586e+03,3.806355246381819597e+03
-1.112615050315509279e+03,1.926835678339601145e+03,3.853806415715533603e+03
-1.701755717971633885e+03,1.555069567809045338e+03,3.806368034512428494e+03
-2.248998436277835481e+03,1.145012308672618701e+03,3.665208241897011249e+03
-2.740868238027412644e+03,7.067608761650258202e+02,3.433802836805145034e+03
-3.165253543263309894e+03,2.511065001003283612e+02,3.117849728035224416e+03
-3.511704389843342597e+03,-2.107310234897873045e+02,2.725128676950984300e+03
-3.771689769513343435e+03,-6.673795852179678150e+02,2.265309777765477065e+03
-3.938807729071799258e+03,-1.107594782096588460e+03,1.749715380853837587e+03
-4.008943054571077482e+03,-1.520536812453750372e+03,1.191041308903111030e+03
-3.980368640081366721e+03,-1.896037432741227349e+03,6.030442096255952720e+02
-3.853788010442264749e+03,-2.224850410126794031e+03,2.027026527542660772e-01
-3.632317906321834926e+03,-2.498879261161574959e+03,-6.026393102465481206e+02
-3.321411433084298551e+03,-2.711376551730374103e+03,-1.190638150124429103e+03
-2.928723788986295403e+03,-2.857109919741659269e+03,-1.749315677682541263e+03
-2.463923831272227289e+03,-2.932490866917951735e+03,-2.264915669505297046e+03
-1.938456062631427130e+03,-2.935663130417123739e+03,-2.724742501266909585e+03
-1.365258886099797110e+03,-2.866548424580586925e+03,-3.117473758766010633e+03
-7.584460578409733671e+02,-2.726848412086570534e+03,-3.433439064639434491e+03
-1.329591742443233784e+02,-2.520002845966856057e+03,-3.664858246388496809e+03
4.958002530287369609e+02,-2.251104904404975514e+03,-3.806032970933100842e+03
1.112350072592768811e+03,-1.926775796404216635e+03,-3.853487115373126016e+03
1.701508773747953455e+03,-1.555001722605934674e+03,-3.806052406736728699e+03
2.248769373496965727e+03,-1.144937206111955675e+03,-3.664897213868720883e+03
2.740656692879365437e+03,-7.066796395731429357e+02,-3.433497778445065705e+03
3.165059215405216946e+03,-2.510206057640582458e+02,-3.117552593669079215e+03
3.511527348714104846e+03,2.108198981951166786e+02,-2.724842042777593178e+03
3.771530741166780899e+03,6.674697820931106662e+02,-2.265036759864717624e+03
3.938668316554520516e+03,1.107684919881710812e+03,-1.749459439394536503e+03
4.008825857277991872e+03,1.520626043106588668e+03,-1.190805967090787362e+03
3.980277260040581950e+03,1.896125650416246572e+03,-6.028327456762402790e+02
3.853726976516387367e+03,2.224938360674264004e+03,-1.791990119056713696e-02
3.632292600298570505e+03,2.498968546496391809e+03,6.027951539078432006e+02
3.321428035146733691e+03,2.711469645704907634e+03,1.190763413278406006e+03
2.928789141916594872e+03,2.857210246493367322e+03,1.749409570512204255e+03
2.464045176649717177e+03,2.932602860604122725e+03,2.264978571854969232e+03
1.938640665530243041e+03,2.935792217538207296e+03,2.724776261148510002e+03
1.365513581041155931e+03,2.866700909007844984e+03,3.117481913117464956e+03
7.587767580453090659e+02,2.727031262174916264e+03,3.433426944993937468e+03
1.333703922844398448e+02,2.520223396940841212e+03,3.664832947580239306e+03
-4.953058249610174926e+02,2.251370500340085982e+03,3.806003177568768933e+03
-1.111771881196291361e+03,1.927093403619179981e+03,3.853462797757972567e+03
-1.700848592352324431e+03,1.555377549020477318e+03,3.806044412498838938e+03
-2.248031344773839919e+03,1.145376359117837637e+03,3.664916791754593305e+03
-2.739847228004587123e+03,7.071858489029676775e+02,3.433556075294798120e+03
-3.164186764928446337e+03,2.515960292597090699e+02,3.117660164636095487e+03
-3.510602070511837155e+03,-2.101747775513777583e+02,2.725008409314431901e+03
-3.770564096594720468e+03,-6.667561685145919910e+02,2.265270041476660481e+03
-3.937672627358139380e+03,-1.106905634501751592e+03,1.749766075326184364e+03
-4.007813853645722247e+03,-1.519785384334875971e+03,1.191190534394088900e+03
-3.979261645392527043e+03,-1.895229200970055217e+03,6.032978717599097536e+02
-3.852720028320091842e+03,-2.223992757943657125e+03,5.642812788158042547e-01
-3.631305819524876370e+03,-2.497981231616775403e+03,-6.021687588062953864e+02
-3.320471850869144419e+03,-2.710448604223959592e+03,-1.190059930932127372e+03
-2.927872672820740263e+03,-2.856163750379040721e+03,-1.748633511859555256e+03
-2.463176048273865035e+03,-2.931539218333212375e+03,-2.264135795701286497e+03
-1.937824881054052639e+03,-2.934719536638096542e+03,-2.723873729878738686e+03
-1.364755444088259310e+03,-2.865626874195946129e+03,-3.116527426760372236e+03
-7.580788476942502712e+02,-2.725962932254487896e+03,-3.432428858206852055e+03
-1.327335924211462839e+02,-2.519167024826254874e+03,-3.663799874267097948e+03
4.958822386527291997e+02,-2.250331382485582708e+03,-3.804943689687125698e+03
1.112290093839076917e+03,-1.926075767098144979e+03,-3.852385128289634395e+03
1.701312042187453244e+03,-1.554384485587737117e+03,-3.804956176680321732e+03
2.248444460628026718e+03,-1.144409815010483271e+03,-3.663824744417994225e+03
2.740215124604532321e+03,-7.062466761912900211e+02,-3.432465924028800600e+03
3.164514916582176284e+03,-2.506840991650968249e+02,-3.116576457162602765e+03
3.510895990241059280e+03,2.110604063627840219e+02,-2.723934508049502256e+03
3.770829050993811961e+03,6.676170419284553645e+02,-2.264208188596323453e+03
3.937913415475997681e+03,1.107743678290687740e+03,-1.748717538269774877e+03
4.008034669548469537e+03,1.520602692340317390e+03,-1.190155804567318228e+03
3.979466025740362056e+03,1.896027872576818027e+03,-6.022768629230245097e+02
3.852910846737405336e+03,2.224774827681968418e+03,4.435697316933212009e-01
3.631485236278081175e+03,2.498748688147575649e+03,6.031645641363560344e+02
3.320641189091961678e+03,2.711203372019154813e+03,1.191045431422126967e+03
2.928032333657200070e+03,2.856907564412519605e+03,1.749610962569411868e+03
2.463325542968909303e+03,2.932273472488583138e+03,2.265107710730659164e+03
1.937962983058013606e+03,2.935445179245848067e+03,2.724842593946621037e+03
1.364880437190547354e+03,2.866344382868583580e+03,3.117495442567417740e+03
7.581888300737167583e+02,2.726672376440318203e+03,3.433397776951034757e+03
1.328267852957479533e+02,2.519868206138928144e+03,3.664770938839234532e+03
-4.958072315577556992e+02,2.251024027338947690e+03,3.805917698917470716e+03
-1.112234122198657360e+03,1.926759735520235381e+03,3.853362608060274852e+03
-1.701275370368852236e+03,1.555059956222177107e+03,3.805937623905470446e+03
-2.248426862945324501e+03,1.145077409650235268e+03,3.664810896337372469e+03
-2.740216100372602796e+03,7.069074968914137571e+02,3.433458000118921973e+03
-3.164533990687664755e+03,2.513396651896840694e+02,3.117576324859391207e+03
-3.510933050520332927e+03,-2.104083181668297584e+02,2.724944735486756599e+03
-3.770884667283696217e+03,-6.669666336741016721e+02,2.265231966097802797e+03
-3.937989087964350801e+03,-1.107093411345703771e+03,1.749758472984483205e+03
-4.008132966587135797e+03,-1.519951568261925559e+03,1.191217618417454332e+03
-3.979590595534129534e+03,-1.895375663536482762e+03,6.033630570894740686e+02
-3.853066333833312910e+03,-2.224122199740747419e+03,6.700279551550293311e-01
-3.631677193947257365e+03,-2.498097208936871994e+03,-6.020211051023969731e+02
-3.320876022040034059e+03,-2.710555521979907098e+03,-1.189870285064528616e+03
-2.928317168758309890e+03,-2.856266817865889152e+03,-1.748403168316014899e+03
-2.463667962517250544e+03,-2.931644368304324871e+03,-2.263867510426699482e+03
-1.938370630234861892e+03,-2.934833311248324208e+03,-2.723571759139403184e+03
-1.365360528974155841e+03,-2.865756283210791025e+03,-3.116197521399975813e+03
-7.587476260478564427e+02,-2.726115289370004575e+03,-3.432078214836426923e+03
-1.334690687424329099e+02,-2.519349767047028308e+03,-3.663437046420144725e+03
4.950786042865239551e+02,-2.250551875706820283e+03,-3.804578461742494255e+03
1.111418557021900597e+03,-1.926341098904661976e+03,-3.852028352975400594e+03
1.700374724063273561e+03,-1.554701244709870934e+03,-3.804619574056555848e+03
2.247445472003877967e+03,-1.144783856623692373e+03,-3.663520657311203195e+03
2.739160655101672091e+03,-7.066828740148055203e+02,-3.432207023387079971e+03
3.163413274143653780e+03,-2.511860892840144288e+02,-3.116375392003330944e+03
3.509757571840456876e+03,2.104904792536632669e+02,-2.723803499458126680e+03
3.769666223970232750e+03,6.669787585725445069e+02,-2.264158575887562620e+03
3.936740292298352415e+03,1.107038535881552434e+03,-1.748759297409819510e+03
4.006866768453686745e+03,1.519834224356456843e+03,-1.190297074525866492e+03
3.978319828644235258e+03,1.895201663955672757e+03,-6.025235400517515245e+02
3.851803305596178234e+03,2.223898386882800423e+03,8.806729698070316081e-02
3.630433332209192940e+03,2.497831184501993903e+03,6.026992843140394598e+02
3.319661585373015441e+03,2.710255371772410399e+03,1.190471792758259653e+03
2.927141021802536216e+03,2.855940842691085436e+03,1.748932778696092782e+03
2.462537414450317101e+03,2.931300828699643716e+03,2.264331284365797273e+03
1.937291332925796496e+03,2.934480191122191172e+03,2.723976777838091039e+03
1.364336431530538221e+03,2.865401075880080043e+03,3.116551604806063551e+03
7.577809836597152753e+02,2.725764809046048867e+03,3.432389631214998644e+03
1.325605051949382869e+02,2.519009989487596158e+03,3.663714219194060661e+03
-4.959299803240384108e+02,2.250227812999480648e+03,3.804829680958154313e+03
-1.112214982551069625e+03,1.926036714570798722e+03,3.852261501215088629e+03
-1.701119562543480924e+03,1.554419415668245847e+03,3.804841879539684669e+03
-2.248142952397179670e+03,1.144526387358278953e+03,3.663738489152324291e+03
-2.739815583093676651e+03,7.064505651317266484e+02,3.432425744341187510e+03
-3.164030735207067210e+03,2.509788576055288161e+02,3.116599281452365631e+03
-3.510342649834887652e+03,-2.106734381491207273e+02,2.724035753521313381e+03
-3.770223759661017993e+03,-6.671387809033724352e+02,2.264401382463057416e+03
-3.937274702367566078e+03,-1.107177294439865136e+03,1.749013972268279758e+03
-4.007381936126817436e+03,-1.519953553236505968e+03,1.190564229497932274e+03
-3.978819058804153428e+03,-1.895303433120987165e+03,6.028032323046054444e+02
-3.852289303901874064e+03,-2.223984451929032275e+03,2.037220125449306918e-01
-3.630908143106199532e+03,-2.497903386368899646e+03,-6.023963888155428776e+02
-3.320126488431330017e+03,-2.710315494669055170e+03,-1.190159359244430561e+03
-2.927596470294120081e+03,-2.855990500650977538e+03,-1.748612835672103301e+03
-2.462983071184154142e+03,-2.931341339690391578e+03,-2.264006100799093474e+03
-1.937726206258947514e+03,-2.934512492439988819e+03,-2.723648618460890248e+03
-1.364759091125350778e+03,-2.865425706708660073e+03,-3.116222517102674374e+03
-7.581898219833757366e+02,-2.725781967036069091e+03,-3.432061303825697905e+03
-1.329540014810327193e+02,-2.519019652904315990e+03,-3.663387936539104885e+03
4.955530394434342156e+02,-2.250229906897145611e+03,-3.804506381426322605e+03
1.111855365909665579e+03,-1.926031289950267819e+03,-3.851941927137213497e+03
1.700777567621803200e+03,-1.554406806652740215e+03,-3.804526789726304742e+03
2.247818496990865242e+03,-1.144507313801861983e+03,-3.663428892193434876e+03
2.739508403076343711e+03,-7.064261565453043659e+02,-3.432123105763008880e+03
3.163740657432011631e+03,-2.509505872130081912e+02,-3.116305661141313522e+03
3.510069896043508379e+03,2.107039053199453349e+02,-2.723753841052763164e+03
3.769969231841935652e+03,6.671698072741744454e+02,-2.264134415349603842e+03
3.937040203436757110e+03,1.107207525695265076e+03,-1.748765543353986686e+03
4.007170292499541574e+03,1.519982171011640730e+03,-1.190338014077512298e+03
3.978634135520436757e+03,1.895330358945181843e+03,-6.026026953069180081e+02
3.852135943602477710e+03,2.224010461849083640e+03,-3.189321725944567476e-02
3.630792092335774669e+03,2.497930148775348698e+03,6.025370353405874084e+02
3.320054316962556186e+03,2.710345614107024176e+03,1.190267040726770801e+03
2.927575409889118419e+03,2.856027592694877967e+03,1.748686712583701137e+03
2.463020732093370952e+03,2.931390077723802278e+03,2.264046592545054409e+03
1.937830182647376432e+03,2.934578575927173461e+03,2.723657697497893423e+03
1.364936488560038015e+03,2.865515730612775315e+03,3.116203922273808985e+03
7.584467509789470796e+02,2.725903191848217830e+03,3.432020634006762521e+03
1.332950869585264968e+02,2.519179689374537702e+03,3.663332602556049096e+03
-4.951250832002282323e+02,2.250436341068168076e+03,3.804445411704522940e+03
-1.111340052319196957e+03,1.926291281691784206e+03,3.851885640089226854e+03
-1.700176817058057622e+03,1.554726697599119461e+03,3.804486360896332826e+03
-2.247136664350236515e+03,1.144892278335469200e+03,3.663415854605933418e+03
-2.738752156172538889e+03,7.068799230764681170e+02,3.432148826529550206e+03
-3.162918723075128128e+03,2.514752479396698845e+02,3.116380836198002271e+03
-3.509192701186681006e+03,-2.101079879698829416e+02,2.723888044047812855e+03
-3.769048473145272055e+03,-6.665039987989606516e+02,2.264335727640358073e+03
-3.936088380115324526e+03,-1.106474831338030071e+03,1.749040281713565037e+03
-4.006200235028575662e+03,-1.519187075903431833e+03,1.190690562326735289e+03
-3.977658557713548362e+03,-1.894478614303829772e+03,6.030354371047586710e+02
-3.851167038798363137e+03,-2.223108835739733877e+03,5.452362070719217746e-01
-3.629841187111633189e+03,-2.496986158678537777e+03,-6.019445582760695288e+02
-3.319131588884499706e+03,-2.709367255867580752e+03,-1.189598609323987375e+03
-2.926689670191511141e+03,-2.855023076924478119e+03,-1.747947012007416333e+03
-2.462179270381355764e+03,-2.930367581178069486e+03,-2.263241574945416232e+03
-1.937038668958425205e+03,-2.933546012329598852e+03,-2.722794323063606953e+03
-1.364198928271328668e+03,-2.864480543443012721e+03,-3.115289887466043183e+03
-7.577654895578159540e+02,-2.724872170909342913e+03,-3.431064092295793216e+03
-1.326708636636876975e+02,-2.518158813590176123e+03,-3.662341882110487404e+03
4.956930318856713598e+02,-2.249430651468278029e+03,-3.803428735294337002e+03
1.111853838419056046e+03,-1.925304790405246194e+03,-3.850850854974009053e+03
1.700639696727973842e+03,-1.553762339922640194e+03,-3.803440689934647253e+03
2.247552788311984841e+03,-1.143951914810002791e+03,-3.662365683239747341e+03
2.739126286047155190e+03,-7.059643962166289839e+02,-3.431099542215498786e+03
3.163255931663372849e+03,-2.505844936198485300e+02,-3.115336735922064690e+03
3.509498080745820062e+03,2.109747811154664134e+02,-2.722852320785448683e+03
3.769326878694728293e+03,6.673481963340317407e+02,-2.263310537616090642e+03
3.936344232813728922e+03,1.107298148281986869e+03,-1.748026881234073926e+03
4.006437401804757428e+03,1.519991388923670456e+03,-1.189689485249587051e+03
3.977880303777294557e+03,1.895265825198943276e+03,-6.020466584864814195e+02
3.851376012326014461e+03,2.223880816521073939e+03,4.317585812733752415e-01
3.630039362092477404e+03,2.497744755921777141e+03,6.029108295731226690e+02
3.319320152730394057e+03,2.710114255105637312e+03,1.190555807100239463e+03
2.926868944881379775e+03,2.855760084646915402e+03,1.748897267155342433e+03
2.462348737986748802e+03,2.931095885089441254e+03,2.264187267561041608e+03
1.937197111940481363e+03,2.934266483210651131e+03,2.723737813737672695e+03
1.364344663721771894e+03,2.865193611295501796e+03,3.116233278642429013e+03
7.578966587078697330e+02,2.725577885034633709e+03,3.432009067667589534e+03
1.327857267197656483e+02,2.518856977680436557e+03,3.663289653921358877e+03
-4.955958481154239053e+02,2.250121009296198281e+03,3.804380108422356443e+03
-1.111775185363490891e+03,1.925987227092327430e+03,3.851806394460426418e+03
-1.700579870918771803e+03,1.554437059794466904e+03,3.804400959071816033e+03
-2.247511628885586106e+03,1.144619560022543510e+03,3.663331505949691291e+03
-2.739103389246565257e+03,7.066260797126381021e+02,3.432072238248537815e+03
-3.163250948942258219e+03,2.512417338870430115e+02,3.116318281159791240e+03
-3.509511052882307467e+03,-2.103202200249235148e+02,2.723845396620964493e+03
-3.769358551922750394e+03,-6.666945401178795692e+02,2.264318451760406788e+03
-3.936396305701694018e+03,-1.106643889971832323e+03,1.749053365143133760e+03
-4.006512664484562265e+03,-1.519335565169453957e+03,1.190738400273527759e+03
-3.977982656849111208e+03,-1.894608240602497972e+03,6.031216757414431413e+02
-3.851510397498600469e+03,-2.223222170168745379e+03,6.725919205700910952e-01
-3.630211677419100397e+03,-2.497086679494129839e+03,-6.017744854813338407e+02
-3.319537171507746734e+03,-2.709459352656429928e+03,-1.189385509652196788e+03
-2.927138160318685095e+03,-2.855112011826503931e+03,-1.747692010516928121e+03
-2.462678076949347087e+03,-2.930459406873766966e+03,-2.262947334329506248e+03
-1.937594522462787609e+03,-2.933647450245102846e+03,-2.722465096681302384e+03
-1.364817611177186791e+03,-2.864598828135485746e+03,-3.114931519391392612e+03
-7.584515806671563496e+02,-2.725014867727517867e+03,-3.430683965193032236e+03
-1.334275044125688510e+02,-2.518333616361225268e+03,-3.661948816156991597e+03
4.948643445630229394e+02,-2.249645165541908682e+03,-3.803032842131575762e+03
1.110953430160867583e+03,-1.925566304413564922e+03,-3.850463349561118321e+03
1.699669862634726996e+03,-1.554077587887769141e+03,-3.803073660920142174e+03
2.246517904679221374e+03,-1.144326829616545183e+03,-3.662031819933610677e+03
2.738032879269524983e+03,-7.064038565708525539e+02,-3.430811814700737614e+03
3.162112692025003525e+03,-2.510920698725837212e+02,-3.115108025731726229e+03
3.508315804940733415e+03,2.103970719282472430e+02,-2.722695003684754738e+03
3.768118323725464052e+03,6.667001098318064578e+02,-2.263236028064176480e+03
3.935123867278684429e+03,1.106581384239339286e+03,-1.748045159742794340e+03
4.005221050458788795e+03,1.519209687649917896e+03,-1.189808645994628478e+03
3.976684701390141981e+03,1.894424957366633862e+03,-6.022725381948457652e+02
3.850218320454685454e+03,2.222988440476264259e+03,9.578508432963121766e-02
3.628936735551928905e+03,2.496810170400428433e+03,6.024638538861012194e+02
3.318289381501283060e+03,2.709148153247998380e+03,1.189999328383682723e+03
2.925926094256487886e+03,2.854774359267969885e+03,1.748235211680005023e+03
2.461508726709014354e+03,2.930103432725506082e+03,2.263426060121165392e+03
1.936473227278730974e+03,2.933280952218209677e+03,2.722886419755496718e+03
1.363748042261819819e+03,2.864229070177511858e+03,3.115303156306236815e+03
7.574357777797873723e+02,2.724648410213842908e+03,3.431013990028243370e+03
1.324659608619197115e+02,2.517976178268910189e+03,3.662245380160210061e+03
-4.957725507671412970e+02,2.249301521342597880e+03,3.803303905477241187e+03
-1.111810461205075399e+03,1.925240219528502848e+03,3.850716432889641510e+03
-1.700478905757793882e+03,1.553771797060494009e+03,3.803315626576553313e+03
-2.247282924381798694e+03,1.144043061830315764e+03,3.662268694751110615e+03
-2.738758349092041954e+03,7.061429076497402093e+02,3.431048666615071397e+03
-3.162803323010696204e+03,2.508539196645970435e+02,3.115348904397995739e+03
-3.508976291450320787e+03,-2.106131063965965211e+02,2.722942950078389458e+03
-3.768753127834542738e+03,-6.668951997560795917e+02,2.263493149662654560e+03
-3.935737059226416932e+03,-1.106757012883693278e+03,1.748312756580395671e+03
-4.005816213009303283e+03,-1.519367496835144948e+03,1.190087358104913619e+03
-3.977264887559445469e+03,-1.894566642384835859e+03,6.025624666290839286e+02
-3.850786025711389357e+03,-2.223115707221327739e+03,2.049619721875184097e-01
-3.629493834463898565e+03,-2.496924723095464742e+03,-6.021532211184160133e+02
-3.318837033783632705e+03,-2.709251644305086757e+03,-1.189680284180410581e+03
-2.926464687222254724e+03,-2.854868283716913083e+03,-1.747909663162767174e+03
-2.462037904514784714e+03,-2.930189012444401214e+03,-2.263096148276592430e+03
-1.936992014957103947e+03,-2.933359056674226849e+03,-2.722554293130842780e+03
-1.364255047291817846e+03,-2.864300199559052544e+03,-3.114970771142723606e+03
-7.579294369969194349e+02,-2.724712748862338231e+03,-3.430682976578137186e+03
-1.329447909604243705e+02,-2.518033711078200668e+03,-3.661917000344743883e+03
4.953097436300580512e+02,-2.249352192761620699e+03,-3.802979109868017531e+03
1.111364451996938669e+03,-1.925284105327091538e+03,-3.850396006282956478e+03
1.700050027889276407e+03,-1.553809254941283825e+03,-3.803000394268481614e+03
2.246871162207066391e+03,-1.144074829069361385e+03,-3.661959749106026720e+03
2.738363534012215041e+03,-7.061701220514914894e+02,-3.430747568328747093e+03
3.162425403341318543e+03,-2.508780526257680776e+02,-3.115057815805514565e+03
3.508615633171824356e+03,2.105904011008954342e+02,-2.722664668790716860e+03
3.768410797807625386e+03,6.668723032875253693e+02,-2.263231027865742362e+03
3.935415045804752026e+03,1.106732594229314827e+03,-1.748070512758442419e+03
4.005517551940901740e+03,1.519340761871062568e+03,-1.189868812478680184e+03
3.976993685567128068e+03,1.894537536070167107e+03,-6.023712582861830924e+02
3.850547410202927949e+03,2.223085038295253980e+03,-4.431826923455719353e-02
3.629293877032899672e+03,2.496894228494469189e+03,6.022806474318953178e+02
3.318682647706722946e+03,2.709224051323072672e+03,1.189772596971984967e+03
2.926363443020069553e+03,2.854847381755742845e+03,1.747965990272138015e+03
2.461997728115829432e+03,2.930179688199571956e+03,2.263116955691476505e+03
1.937020776795249276e+03,2.933367249257327330e+03,2.722541673523038298e+03
1.364360075082815683e+03,2.864332755814858956e+03,3.114928648791325486e+03
7.581169973041909316e+02,2.724777178538315638e+03,3.430617189101264103e+03
1.332195907181402106e+02,2.518137856649050264e+03,3.661835235129899047e+03
-4.949449850667953683e+02,2.249503840511888029e+03,3.802890691311385126e+03
-1.110909317168127700e+03,1.925490571987850444e+03,3.850311547950197109e+03
-1.699506571947734756e+03,1.554076986827960354e+03,3.802931345447283093e+03
-2.246243926589596867e+03,1.144409048218261205e+03,3.661917875850488599e+03
-2.737659406512804253e+03,7.065745471360747842e+02,3.430744413653628726e+03
-3.161653342854845960e+03,2.513547130140004242e+02,3.115104182393287374e+03
-3.507786288177934694e+03,-2.100412501965406591e+02,2.722770161314000688e+03
-3.767536053820766938e+03,-6.662521664200899068e+02,2.263403682652335647e+03
-3.934507538522927916e+03,-1.106044632104925086e+03,1.748316531584847553e+03
-4.004590180441153734e+03,-1.518589614331285929e+03,1.190192406510714136e+03
-3.976059154580858376e+03,-1.893729090829993766e+03,6.027745985717104986e+02
-3.849617823359360500e+03,-2.222226165432002290e+03,5.275817425581963427e-01
-3.628380395112321821e+03,-2.495992499493245759e+03,-6.017191524791793427e+02
-3.317795218389931961e+03,-2.708287458619120571e+03,-1.189136244248460571e+03
-2.925510602283619846e+03,-2.853884070971167603e+03,-1.747259605838422885e+03
-2.461186468884339320e+03,-2.929197711221805093e+03,-2.262346561328350163e+03
-1.936256478083524598e+03,-2.932374342733461617e+03,-2.721714215837594566e+03
-1.363646484539609446e+03,-2.863336147011544199e+03,-3.114051723124670389e+03
-7.574562614070102882e+02,-2.723783419234114263e+03,-3.429698764217063854e+03
-1.326123290823504988e+02,-2.517152685812875916e+03,-3.660883382878974317e+03
4.954995626573698360e+02,-2.248532077704460335e+03,-3.801913325382050971e+03
1.111413251356766295e+03,-1.924536045159080231e+03,-3.849316177516237985e+03
1.699962953246756797e+03,-1.553142499582607343e+03,-3.801924852378018841e+03
2.246656658054145737e+03,-1.143496391898545653e+03,-3.660906327304156548e+03
2.738032939232150056e+03,-7.056845613495738689e+02,-3.429732923797976127e+03
3.161992400023297705e+03,-2.504873943270015388e+02,-3.114096836484003688e+03
3.508095599034862971e+03,2.108865977077963691e+02,-2.721770011106960283e+03
3.767820121512203968e+03,6.670767522381984236e+02,-2.262412813762439782e+03
3.934770463955537252e+03,1.106849992778201567e+03,-1.747336190678874118e+03
4.004835555085904161e+03,1.519377446595901574e+03,-1.189223158789692889e+03
3.976290015350856720e+03,1.894501134934125048e+03,-6.018164637070690333e+02
3.849836629451973295e+03,2.222984158062160986e+03,4.199155679754588699e-01
3.628588967051883628e+03,2.496738166328977059e+03,6.026570241346004195e+02
3.317994634285984375e+03,2.709022468595625924e+03,1.190066059981318404e+03
2.925701124371158130e+03,2.854609924379083168e+03,1.748183388982505221e+03
2.461367564288442281e+03,2.929915609832128212e+03,2.263266576023373545e+03
1.936426948599445723e+03,2.933085097413043059e+03,2.722632716059660652e+03
1.363804687804518153e+03,2.864040155074407721e+03,3.114970727172593342e+03
7.576003865907232466e+02,2.724480722068227806e+03,3.430619902397862916e+03
1.327406785852660676e+02,2.517843098831882344e+03,3.661807848477397329e+03
-4.953883367188967668e+02,2.249215369277169884e+03,3.802841938252820910e+03
-1.111320000242725200e+03,1.925212130573398781e+03,3.850249547804025042e+03
-1.699888003327716206e+03,1.553811612095644705e+03,3.802863612613674832e+03
-2.246599909880141695e+03,1.144159195853660776e+03,3.661851387876522949e+03
-2.737994080806854981e+03,7.063421814904701250e+02,3.430685701625864112e+03
-3.161971201818901136e+03,2.511413489489561925e+02,3.115059410233413018e+03
-3.508092244277641839e+03,-2.102345563721353017e+02,2.722745167805397614e+03
-3.767835518974849947e+03,-6.664248713092267735e+02,2.263403969749790576e+03
-3.934806493209245218e+03,-1.106196792858430854e+03,1.748347192807520059e+03
-4.004895207385100093e+03,-1.518721993521571676e+03,1.190257998807686590e+03
-3.976377419573344923e+03,-1.893843260934803538e+03,6.028789689831238547e+02
-3.849956993464978041e+03,-2.222324595977428089e+03,6.736658519786941079e-01
-3.628748492554553195e+03,-2.496078612445192903e+03,-6.015295401710601482e+02
-3.318200415771698317e+03,-2.708365641591636631e+03,-1.188902607481076529e+03
-2.925960970756601455e+03,-2.853959642533207898e+03,-1.746982932642818014e+03
-2.461689694757235429e+03,-2.929276837416246963e+03,-2.262029444230156059e+03
-1.936819564978222843e+03,-2.932463908155591980e+03,-2.721360916415520478e+03
-1.364275457509674197e+03,-2.863443586922718168e+03,-3.113668176421062071e+03
-7.581558870241073009e+02,-2.723916520871590819e+03,-3.429292523115784206e+03
-1.333858619084278700e+02,-2.517319367216901355e+03,-3.660463505906935552e+03
4.946506004119791555e+02,-2.248740151310474175e+03,-3.801490212919709393e+03
1.110489253103153487e+03,-1.924792971543019803e+03,-3.848901361131466729e+03
1.698966371498412400e+03,-1.553455134948296063e+03,-3.801530740315555249e+03
2.245592104603414555e+03,-1.143870731879728964e+03,-3.660545906943911632e+03
2.736907235728795058e+03,-7.061254843053624199e+02,-3.429419420400624858e+03
3.160814568878951377e+03,-2.509984098154075696e+02,-3.113843328024240691e+03
3.506876781219716577e+03,2.103035852166485427e+02,-2.721589002653102852e+03
3.766573406832675573e+03,6.664216489032771733e+02,-2.262315782181079612e+03
3.933510622794029587e+03,1.106124669063470947e+03,-1.747333121800371146e+03
4.003578670657283965e+03,1.518585813274082739e+03,-1.189322114927615985e+03
3.975053035964722312e+03,1.893649113709313724e+03,-6.020232399719362775e+02
3.848636893730996235e+03,2.222079531734489137e+03,1.019776886612756145e-01
3.627443774601626046e+03,2.495790343991364807e+03,6.022270563823257135e+02
3.316920879109683938e+03,2.708042250420155597e+03,1.189525631978234742e+03
2.924714929541771198e+03,2.853609301318759663e+03,1.747536524167351217e+03
2.460483864531580366e+03,2.928907558210064963e+03,2.262519805028950941e+03
1.935659015376764955e+03,2.932083321516639899e+03,2.721795101894308573e+03
1.363163622454158258e+03,2.863058754353096901e+03,3.114053804969459179e+03
7.570946247148316388e+02,2.723533781245007958e+03,3.429637493795820774e+03
1.323755586356752190e+02,2.516944217477182974e+03,3.660775729597121881e+03
-4.956108869649275448e+02,2.248377162266924643e+03,3.801777361904151803e+03
-1.111401614607595093e+03,1.924445740556989676e+03,3.849170642892703199e+03
-1.699833838093782560e+03,1.553126277996267390e+03,3.801788702996020220e+03
-2.246418409191328919e+03,1.143561917118878910e+03,3.660798285567033872e+03
-2.737696564091576420e+03,7.058375074178109116e+02,3.429671033483392421e+03
-3.161571310464209546e+03,2.507313078347974908e+02,3.114098032490323021e+03
-3.507605298516022231e+03,-2.105503897059411429e+02,2.721849710404861071e+03
-3.767277841741348311e+03,-6.666491867404656659e+02,2.262584533951519916e+03
-3.934194754660455146e+03,-1.106334265187938399e+03,1.747611203189629578e+03
-4.004245831065059974e+03,-1.518778951245407598e+03,1.189610185832160823e+03
-3.975706067697906292e+03,-1.893827345326397790e+03,6.023214346167247868e+02
-3.849278118057967276e+03,-2.222244437568289413e+03,2.059801173195774382e-01
-3.628074927796794327e+03,-2.495943512879230639e+03,-6.019102150134301610e+02
-3.317543025728630255e+03,-2.708185225213098875e+03,-1.189201299390763552e+03
-2.925328408197296994e+03,-2.853743479708341965e+03,-1.747206503651359526e+03
-2.461088312093088007e+03,-2.929034085231105109e+03,-2.262186128617077884e+03
-1.936253480600591956e+03,-2.932203014963747137e+03,-2.721459820079468955e+03
-1.363746754703415718e+03,-2.863172088418787098e+03,-3.113718798726436944e+03
-7.576649074654739024e+02,-2.723640937021520585e+03,-3.429304348111193576e+03
-1.329315475848992492e+02,-2.517045193993781595e+03,-3.660445693817769097e+03
4.950703644320836361e+02,-2.248471928789109825e+03,-3.801451405442650412e+03
1.110877337025660836e+03,-1.924534401460578238e+03,-3.848849596543496318e+03
1.699326170855264081e+03,-1.553209217272403066e+03,-3.801473459184996955e+03
2.245927397503555767e+03,-1.143639891479478138e+03,-3.660490018512799452e+03
2.737222127133846243e+03,-7.059116646428118429e+02,-3.429371394863005207e+03
3.161113507971063882e+03,-2.508031192215056819e+02,-3.113809280981341999e+03
3.507164628119111967e+03,2.104792794978570498e+02,-2.721574743958567979e+03
3.766855519815468597e+03,6.665771746825847686e+02,-2.262326810521954030e+03
3.933792936734545037e+03,1.106260039731473853e+03,-1.747374556842694801e+03
4.003867740873479306e+03,1.518701738585011753e+03,-1.189398569111924644e+03
3.975356028005458484e+03,1.893747112339916612e+03,-6.021386408304539373e+02
3.848961507639539377e+03,2.222162027421225503e+03,-5.540267245521216660e-02
3.627798100802077442e+03,2.495860729518869903e+03,6.020257791827673373e+02
3.317313191066836225e+03,2.708104907782076680e+03,1.189279865900014101e+03
2.925153424976708720e+03,2.853669571374991392e+03,1.747247181065599307e+03
2.460976371417269092e+03,2.928971658343074978e+03,2.262189431753919962e+03
1.936212680956699842e+03,2.932158214433031844e+03,2.721427952811393425e+03
1.363784603104284315e+03,2.863151974681999945e+03,3.113655850444612497e+03
7.577877920556926483e+02,2.723653228574115928e+03,3.429216364263223568e+03
1.331442337373583484e+02,2.517097924865316600e+03,3.660340598514008434e+03
-4.947651632739530783e+02,2.248573048349029705e+03,3.801338772826342392e+03
-1.110479270223622279e+03,1.924691351685200061e+03,3.848740285917459914e+03
-1.698837413204208815e+03,1.553428525240019553e+03,3.801379144594313402e+03
-2.245352650552133127e+03,1.143926812208913361e+03,3.660422654146239438e+03
-2.736568463508737750e+03,7.062699024568153163e+02,3.429342662279137585e+03
-3.160390078134946179e+03,2.512346460480588348e+02,3.113830062605236435e+03
-3.506382260077308274e+03,-2.099743011713992757e+02,2.721654660848942967e+03
-3.766026248502362705e+03,-6.660003666151341122e+02,2.262473852599350721e+03
-3.932929501332442669e+03,-1.105614691288026961e+03,1.747594822515117812e+03
-4.002983085797191052e+03,-1.517992615465696645e+03,1.189696120021245179e+03
-3.974462837777545246e+03,-1.892980210965091828e+03,6.025154674649056687e+02
-3.848071798428966758e+03,-2.221344296196845789e+03,5.114887306884113860e-01
-3.626922883135701795e+03,-2.494999777013401854e+03,-6.014923111574860286e+02
-3.316462210163050258e+03,-2.707208714875056103e+03,-1.188672547620296200e+03
-2.924334978214277271e+03,-2.852746220471568904e+03,-1.746570950398377136e+03
-2.460197197331778625e+03,-2.928029088319762650e+03,-2.261450361271046859e+03
-1.935477911230963173e+03,-2.931204005958551079e+03,-2.720632969348169354e+03
-1.363097768321830017e+03,-2.862193167389930295e+03,-3.112812455876315198e+03
-7.571508731401535215e+02,-2.722696169778289914e+03,-3.428332364030442932e+03
-1.325577533158045185e+02,-2.516148149128222940e+03,-3.659423841852255919e+03
4.953020128267967834e+02,-2.247635188122610998e+03,-3.800396907837487106e+03
1.110968463630815677e+03,-1.923769080839647586e+03,-3.847780533567125076e+03
1.699281895630060944e+03,-1.552524538872668927e+03,-3.800408098115612574e+03
2.245756111335031164e+03,-1.143042846692869034e+03,-3.659446113159592642e+03
2.736935088499697940e+03,-7.054067985594771244e+02,-3.428365512989012586e+03
3.160724294389846364e+03,-2.503924545818872218e+02,-3.112856215173080727e+03
3.506688491715079181e+03,2.107961770697253030e+02,-2.720687051379206423e+03
3.766308705181103505e+03,6.668030052424755922e+02,-2.261514509317597458e+03
3.933192018741688116e+03,1.106399481764323582e+03,-1.746644983546015283e+03
4.003229028425297656e+03,1.518761108131877563e+03,-1.188756373585787060e+03
3.974695054731378150e+03,1.893734015234620301e+03,-6.015858668418221669e+02
3.848292594327442202e+03,2.222085037356248449e+03,4.084081512853998119e-01
3.627133955069647072e+03,2.495729080150180380e+03,6.024034722058318039e+02
3.316664550492580020e+03,2.707928153212570123e+03,1.189576473260985267e+03
2.924528805529166220e+03,2.853457208519129381e+03,1.747469573091075517e+03
2.460381973718621794e+03,2.928732759984026416e+03,2.262345847722415328e+03
1.935652463068816360e+03,2.931901127102364171e+03,2.721527484737953273e+03
1.363260495795346515e+03,2.862884114217830302e+03,3.113707949992206522e+03
7.573000134228300340e+02,2.723380984171977161e+03,3.429230426347448429e+03
1.326916503817161583e+02,2.516826663849297802e+03,3.660325655673296296e+03
-4.951846817640717404e+02,2.248307199500953629e+03,3.801303313224028443e+03
-1.110868548517825730e+03,1.924434536058185131e+03,3.848692187368859777e+03
-1.699199749465859213e+03,1.553183700825931965e+03,3.801325700380484250e+03
-2.245691690284751985e+03,1.143696402210656288e+03,3.660370656170227903e+03
-2.736888163634436751e+03,7.060558846000552649e+02,3.429298503924445413e+03
-3.160694743434746215e+03,2.510385902517834609e+02,3.113799826800102437e+03
-3.506676625457771479e+03,-2.101512493903146606e+02,2.721644166418045643e+03
-3.766315576931567193e+03,-6.661575508731103810e+02,2.262488641982115496e+03
-3.933219668063962672e+03,-1.105752044407898893e+03,1.747640084596139104e+03
-4.003280623708927578e+03,-1.518110777934613679e+03,1.189776551708021998e+03
-3.974774925273795816e+03,-1.893080649071206608e+03,6.026350860056895726e+02
-3.848406179340162453e+03,-2.221429401757219694e+03,6.734127537628116222e-01
-3.627287716468819781e+03,-2.495072933121547976e+03,-6.012860903850798877e+02
-3.316865855401467797e+03,-2.707274316192076185e+03,-1.188421382565240719e+03
-2.924785728368460241e+03,-2.852809641496914537e+03,-1.746275720852112499e+03
-2.460702976379773190e+03,-2.928096598266401543e+03,-2.261113608686740008e+03
-1.936045954690910776e+03,-2.931282633504082241e+03,-2.720258970599697022e+03
-1.363734305386795995e+03,-2.862290522212520045e+03,-3.112407230841489309e+03
-7.578608265373693484e+02,-2.722820229928692697e+03,-3.427903616578555557e+03
-1.333444694255881302e+02,-2.516307023902596029e+03,-3.658980837877176327e+03
4.944369950343353821e+02,-2.247836865279997255e+03,-3.799950296190569134e+03
1.110025599735211699e+03,-1.924021165315808958e+03,-3.847342116195462040e+03
1.698263775810827838e+03,-1.552833988200247632e+03,-3.799990554479427828e+03
2.244667550218357064e+03,-1.143415707071506404e+03,-3.659062682146938641e+03
2.735783159742495172e+03,-7.058479455910195384e+02,-3.428029633969239057e+03
3.159518301872635220e+03,-2.509053446436072363e+02,-3.112581130108982506e+03
3.505439866303129747e+03,2.102097350991202234e+02,-2.720485373008632450e+03
3.765030815244331279e+03,6.661430431982269056e+02,-2.261397767235484480e+03
3.931899886054246508e+03,1.105668010441729166e+03,-1.746623170797521880e+03
4.001938951184702091e+03,1.517962176550401409e+03,-1.188837531294905148e+03
3.973424159490269176e+03,1.892873667341538749e+03,-6.017757611170941345e+02
3.847058367599329813e+03,2.221171158950368408e+03,1.064622430403419778e-01
3.625953816314781307e+03,2.494771173330093006e+03,6.019886421174045381e+02
3.315555478978631527e+03,2.706937107636829751e+03,1.189050389002962902e+03
2.923506970331705361e+03,2.852445096494688642e+03,1.746836340293799140e+03
2.459462319319244671e+03,2.927712623347527824e+03,2.261612086840142638e+03
1.934848242743179071e+03,2.930886714980391389e+03,2.720702341787313799e+03
1.362582775575729329e+03,2.861889549107004314e+03,3.112803025252749649e+03
7.567571880348639297e+02,2.722420354060688169e+03,3.428259581756361968e+03
1.322890227011785385e+02,2.515913556061549116e+03,3.659304679791252056e+03
-4.954452051946688016e+02,2.247454206717738089e+03,3.800249443958366101e+03
-1.110988601995839872e+03,1.923652774635229662e+03,3.847623514596199129e+03
-1.699184465475957040e+03,1.552482384547409083e+03,3.800260489639191292e+03
-2.245549464126297153e+03,1.143082510514694604e+03,3.659326647159912682e+03
-2.736630242151626589e+03,7.055339542365466059e+02,3.428292241822886808e+03
-3.160334674189368343e+03,2.506106450845395557e+02,3.112846079935617126e+03
-3.506229616211983284e+03,-2.104856316537055250e+02,2.720755471660458170e+03
-3.765797821184471104e+03,-6.664010516922924126e+02,2.261675001123489892e+03
-3.932647689301485116e+03,-1.105909326796953110e+03,1.746908812873827173e+03
-4.002670678480106744e+03,-1.518188156497022419e+03,1.189132255801333031e+03
-3.974142482599459072e+03,-1.893085746514563652e+03,6.020797284182415297e+02
-3.847765467256761895e+03,-2.221370815101212884e+03,2.064197970371019208e-01
-3.626651319133053676e+03,-2.494959900443288006e+03,-6.016676776273629912e+02
-3.316244376053094129e+03,-2.707116359763976561e+03,-1.188722664826607115e+03
-2.924187565597596404e+03,-2.852616193716182352e+03,-1.746503573336179443e+03
-2.460134249846705643e+03,-2.927876650855912430e+03,-2.261276219196358852e+03
-1.935510583671733457e+03,-2.931044452369859755e+03,-2.720365343801421659e+03
-1.363234217720391825e+03,-2.862041454413927113e+03,-3.112466717766823876e+03
-7.573962596621768171e+02,-2.722566611662714422e+03,-3.427925515895260105e+03
-1.329143167394610145e+02,-2.516054182955010219e+03,-3.658974099609489258e+03
4.948348405868838427e+02,-2.247589198865411163e+03,-3.799923340923979595e+03
1.110393947163104940e+03,-1.923782265719057477e+03,-3.847302765030309274e+03
1.698605913268898121e+03,-1.552606785077341556e+03,-3.799946049525343369e+03
2.244987113075382240e+03,-1.143202596956960861e+03,-3.659019766527409047e+03
2.736084088668942968e+03,-7.056508851589321694e+02,-3.427994655416096066e+03
3.159804875977133634e+03,-2.507258932206805184e+02,-3.112560133429154575e+03
3.505716786334555763e+03,2.103704283912586561e+02,-2.720484152852379793e+03
3.765303306630617953e+03,6.662843029469577232e+02,-2.261421862075224453e+03
3.932173791158209042e+03,1.105789736932741562e+03,-1.746677789839261095e+03
4.002220783728267634e+03,1.518064969042496841e+03,-1.188927416699103105e+03
3.973721100646518607e+03,1.892958949140708910e+03,-6.019049970030816894e+02
3.847378191563304426e+03,2.221241285013967627e+03,-6.532433910264143218e-02
3.626304742094022004e+03,2.494829503615656904e+03,6.017722269060856206e+02
3.315945953640594780e+03,2.706988033550114324e+03,1.188788616896200438e+03
2.923945396037727733e+03,2.852494013001498388e+03,1.746530027255025288e+03
2.459956741468186920e+03,2.927765844800696414e+03,2.261263736878716372e+03
1.935406019025497471e+03,2.930951337769564361e+03,2.720316227540956788e+03
1.363210245659411839e+03,2.861973268213943356e+03,3.112385198880703683e+03
7.574593613685395894e+02,2.722531243048517354e+03,3.427817815293231888e+03
1.330692982384227037e+02,2.516059820852241955e+03,3.658848338540120039e+03
-4.945852777019291580e+02,2.247643922822741388e+03,3.799789299061762449e+03
-1.110049513015272623e+03,1.923893615959074168e+03,3.847171501668381097e+03
-1.698168885064278811e+03,1.552781350066634332e+03,3.799829419481911827e+03
-2.244462325874989347e+03,1.143445654092411587e+03,3.658929873183497421e+03
-2.735478766577088209e+03,7.059661230059641639e+02,3.427943287877675630e+03
-3.159128324170035285e+03,2.511152337278101072e+02,3.112558233137925072e+03
-3.504979975589197693e+03,-2.099069002291190600e+02,2.720541348272249706e+03
-3.764518388314967069e+03,-6.657483048778831289e+02,2.261546099977586891e+03
-3.931353582109385570e+03,-1.105184662124079068e+03,1.746875080179657061e+03
-4.001378257835879594e+03,-1.517395683284931238e+03,1.189201696509193880e+03
-3.972868918262288844e+03,-1.892231533739160568e+03,6.022581085120024227e+02
-3.846528290174214362e+03,-2.220462747579108964e+03,4.970942976162455729e-01
-3.625468003110092013e+03,-2.494007477713629669e+03,-6.012638252694639505e+02
-3.315131951688788376e+03,-2.706130485180975029e+03,-1.188207240711486520e+03
-2.923162229764043332e+03,-2.851608967670480070e+03,-1.745880701146796810e+03
-2.459210939243775556e+03,-2.926861144283709109e+03,-2.260552569775864413e+03
-1.934702509608680657e+03,-2.930034431247137945e+03,-2.719550124784082982e+03
-1.362552382829192766e+03,-2.861051038872953541e+03,-3.111571580792329314e+03
-7.568489925700625918e+02,-2.721609869040898957e+03,-3.426964349166963984e+03
-1.325068696471093119e+02,-2.515144668731981710e+03,-3.657962687807621023e+03
4.951005844519731340e+02,-2.246739472266477605e+03,-3.798878891963647220e+03
1.110519615008530764e+03,-1.923003416050655233e+03,-3.846243322074283242e+03
1.698596605098428654e+03,-1.551908009140519880e+03,-3.798889824508021320e+03
2.244851175713607063e+03,-1.142590865968947355e+03,-3.657984444836767580e+03
2.735832713510843860e+03,-7.051307317814140561e+02,-3.426996728077074295e+03
3.159451552894728138e+03,-2.502993364311249991e+02,-3.111614311479715525e+03
3.505276662117880278e+03,2.107038186571677443e+02,-2.719602908701053366e+03
3.764792505153052844e+03,6.665272161539190847e+02,-2.260615125208921199e+03
3.931608751857134394e+03,1.105946837169663695e+03,-1.745952801095010955e+03
4.001617663324758269e+03,1.518142556229626280e+03,-1.188288718327429024e+03
3.973095258637561074e+03,1.892964610173747587e+03,-6.013545103750103635e+02
3.846743747453223023e+03,2.221183563286389472e+03,3.975377861417857539e-01
3.625674178035482782e+03,2.494717576610677952e+03,6.021504208920250676e+02
3.315329771368044931e+03,2.706831364230718464e+03,1.189087242418392407e+03
2.923351882025138366e+03,2.852301974107699607e+03,1.746755967126730638e+03
2.459391887281369236e+03,2.927547359992627662e+03,2.261425187741920581e+03
1.934873605405780609e+03,2.930714589342493582e+03,2.720422188620269480e+03
1.362712066788735683e+03,2.861725502911343028e+03,3.112444986484308174e+03
7.569955459683619665e+02,2.722278686331018889e+03,3.427840656136254893e+03
1.326386742333073414e+02,2.515807691388438798e+03,3.658843075672323266e+03
-4.949848286116936720e+02,2.247396524468624193e+03,3.799764222768549189e+03
-1.110420756122426383e+03,1.923654475532380275e+03,3.847134296990115217e+03
-1.698515018946008695e+03,1.552553366729269783e+03,3.799787205210554021e+03
-2.244786866446484964e+03,1.143231229649792112e+03,3.658889296898975317e+03
-2.735785523809377082e+03,7.057672503311854371e+02,3.427910638421415570e+03
-3.159421452657199097e+03,2.509335306466926454e+02,3.112539535232770049e+03
-3.505264071303859964e+03,-2.100702139688662555e+02,2.720542411768710735e+03
-3.764798600254847315e+03,-6.658924809405107226e+02,2.261572506542114752e+03
-3.931635708327279190e+03,-1.105309533813598136e+03,1.746932101117050934e+03
-4.001668799695491998e+03,-1.517501794931018821e+03,1.189294145671349042e+03
-3.973175073520236310e+03,-1.892320269710552111e+03,6.023901427856922055e+02
-3.846857873727762581e+03,-2.220536441921579808e+03,6.719805141705198492e-01
-3.625829292941366930e+03,-2.494069487964310156e+03,-6.010439544734724677e+02
-3.315533465769643954e+03,-2.706185218051748961e+03,-1.187941618623545310e+03
-2.923612446600078783e+03,-2.851661849394527508e+03,-1.745570124515650605e+03
-2.459717979621995710e+03,-2.926918533858373848e+03,-2.260199544289578171e+03
-1.935273799607653928e+03,-2.930103479799156048e+03,-2.719158945960071378e+03
-1.363194318139574989e+03,-2.861139502404586892e+03,-3.111148343803400621e+03
-7.575666220420595209e+02,-2.721725884336844501e+03,-3.426516886757627617e+03
-1.333036123067780352e+02,-2.515296503182612014e+03,-3.657500440099981461e+03
4.942231789249630083e+02,-2.246935257763293066e+03,-3.798412714733056873e+03
1.109562056246501470e+03,-1.923250875540767765e+03,-3.845785241095918991e+03
1.697561598944523212e+03,-1.552214182392765906e+03,-3.798452742764035975e+03
2.243743705280632184e+03,-1.142961839601767224e+03,-3.657581807757101160e+03
2.734660060400059137e+03,-7.055713782617751804e+02,-3.426642150413800209e+03
3.158223252082342242e+03,-2.508130682158919171e+02,-3.111321169449850458e+03
3.504004381492043649e+03,2.101152704332764642e+02,-2.719383903694173569e+03
3.763489840100702622e+03,6.658639844979826421e+02,-2.260481831664867968e+03
3.930290928718447049e+03,1.105211044797556724e+03,-1.745915221337373168e+03
4.000301155620703867e+03,1.517338361755511642e+03,-1.188354880922611983e+03
3.971797339164325422e+03,1.892098154979578567e+03,-6.015301619302674681e+02
3.845482024489434480e+03,2.220262817089409964e+03,1.091026298521343280e-01
3.624466169470499153e+03,2.493752118432530551e+03,6.017483997300687406e+02
3.314192526529236602e+03,2.705832157528463085e+03,1.188573315285844501e+03
2.922301607844468435e+03,2.851281158096739091e+03,1.746134307231591265e+03
2.458443535864033493e+03,2.926518030407230981e+03,2.260702489782954672e+03
1.934040413963853780e+03,2.929690532124101992e+03,2.719607667747606229e+03
1.362005070531836964e+03,2.860720859222114996e+03,3.111550297669385145e+03
7.564231037523886698e+02,2.721307546258623006e+03,3.426879695528942193e+03
1.322060572166433872e+02,2.514883631321924440e+03,3.657831642899060625e+03
-4.952757337833535303e+02,2.246532117773166192e+03,3.798719543994110609e+03
-1.110571586366719885e+03,1.922860815784350052e+03,3.846074430191286865e+03
-1.698530889135549614e+03,1.551839645878425017e+03,3.798730367921608376e+03
-2.244676133390745690e+03,1.142604409565300784e+03,3.657853169132996300e+03
-2.735559376142788551e+03,7.052318563801125038e+02,3.426911697870483295e+03
-3.159093362154820170e+03,2.504915819737365723e+02,3.111592477513407175e+03
-3.504849154594885022e+03,-2.104191384386822961e+02,2.719659696653559422e+03
-3.764312945755429155e+03,-6.661510570354985248e+02,2.260764053265498205e+03
-3.931095720221800093e+03,-1.105482416132414073e+03,1.746205134221741446e+03
-4.001090598447979119e+03,-1.517595287394076195e+03,1.188653170008021561e+03
-3.972573970879561784e+03,-1.892341979173046639e+03,6.018370084349529634e+02
-3.846247916472278121e+03,-2.220494935993863237e+03,2.060009272750071840e-01
-3.625222864371623928e+03,-2.493973950866010000e+03,-6.014258313728926169e+02
-3.314940960684201855e+03,-2.706045088065200616e+03,-1.188244548099690292e+03
-2.923042061492095854e+03,-2.851486447039793802e+03,-1.745800988977100815e+03
-2.459175650422737817e+03,-2.926716717912314834e+03,-2.260366491234261503e+03
-1.934763289985934534e+03,-2.929883370533213110e+03,-2.719270896362364510e+03
-1.362717436192320520e+03,-2.860908297380299700e+03,-3.111214528147963847e+03
-7.571235268962130931e+02,-2.721489775221620221e+03,-3.426546454737388103e+03
-1.328931635054457558e+02,-2.515060686632567013e+03,-3.657502174363854920e+03
4.946030776984775912e+02,-2.246704020820463029e+03,-3.798394861307526298e+03
1.109914161650030792e+03,-1.923027727419257189e+03,-3.845755451137919408e+03
1.697889111240639068e+03,-1.552002001018466444e+03,-3.798418104671075071e+03
2.244050145318804880e+03,-1.142763003017177653e+03,-3.657548937738045424e+03
2.734949238869297460e+03,-7.053878572012220047e+02,-3.426617304723607504e+03
3.158499315251067401e+03,-2.506464652984400914e+02,-3.111310342790900904e+03
3.504271907438410381e+03,2.102637393135258606e+02,-2.719392884639601107e+03
3.763753954109622100e+03,6.659935614421771106e+02,-2.260516195689796859e+03
3.930557406189013363e+03,1.105321541084159890e+03,-1.745980253166515240e+03
4.000576484463415454e+03,1.517430291005372965e+03,-1.188455428819900135e+03
3.972088720453410133e+03,1.892172868036615910e+03,-6.016704359434608023e+02
3.845797298607567427e+03,2.220322618506093022e+03,-7.423064069098835038e-02
3.624813664258004792e+03,2.493800346980885024e+03,6.015198032388311731e+02
3.314580832729281610e+03,2.705873217342605130e+03,1.188298621973267018e+03
2.922739294651079945e+03,2.851320492448195182e+03,1.745814260865445021e+03
2.458938824752768141e+03,2.926562035815168656e+03,2.260339565134915119e+03
1.934600831835216013e+03,2.929746415899617205e+03,2.719206157297621758e+03
1.362637103401112427e+03,2.860796447863223875e+03,3.111116324110228561e+03
7.571318700983052850e+02,2.721411054954153769e+03,3.426421148911277669e+03
1.329950163606545743e+02,2.515023405939780787e+03,3.657358046164616553e+03
-4.944050273288489734e+02,2.246716360272587735e+03,3.798241853834402718e+03
-1.109619675672609901e+03,1.923097302467486543e+03,3.845604781372759135e+03
-1.697500550587683392e+03,1.552135446010870965e+03,3.798281768763326909e+03
-2.243572452137184428e+03,1.142965610519630218e+03,3.657439154561192936e+03
-2.734389757229199859e+03,7.056633012352765491e+02,3.426545945461314659e+03
-3.157867471572471004e+03,2.509966269034391644e+02,3.111288392521450987e+03
-3.503578783203401599e+03,-2.098388369508011522e+02,2.719429974988114736e+03
-3.763011789763439083e+03,-6.654957115751661831e+02,2.260620237312735298e+03
-3.929779076554832500e+03,-1.104754217685545655e+03,1.746157185028717322e+03
-3.999774983297661947e+03,-1.516798436996799410e+03,1.188709089462053726e+03
-3.971276685917134728e+03,-1.891482629321756804e+03,6.020025514785859286e+02
-3.844986603575825939e+03,-2.219581046747555320e+03,4.845057861783963471e-01
-3.624015086548704858e+03,-2.493015092796699264e+03,-6.010335105457019154e+02
-3.313803811590632904e+03,-2.705052232560654375e+03,-1.187740064845792858e+03
-2.921991772096626846e+03,-2.850471755697560639e+03,-1.745188529261454732e+03
-2.458227164379030455e+03,-2.925693310884226776e+03,-2.259652793701114661e+03
-1.933929804061536288e+03,-2.928865047543231867e+03,-2.718465231861618577e+03
-1.362009924800836643e+03,-2.859909195882496533e+03,-3.110328598739622066e+03
-7.565502853792851283e+02,-2.720523964778210484e+03,-3.425594180788487392e+03
-1.324594139804902113e+02,-2.514141712934167117e+03,-3.656499351923745508e+03
4.948954718556957459e+02,-2.245844425426894759e+03,-3.797358688985242679e+03
1.110066832115832312e+03,-1.922238578570034633e+03,-3.844703944365876850e+03
1.697907144132710528e+03,-1.551292475175576328e+03,-3.797369432849376608e+03
2.243941854365639756e+03,-1.142140055032672308e+03,-3.656520733044812459e+03
2.734725764044799689e+03,-7.048560093719528368e+02,-3.425625998104483187e+03
3.158174078674845987e+03,-2.502077329255465372e+02,-3.110370581094249246e+03
3.503859974135632456e+03,2.106097838176908681e+02,-2.718517073178406918e+03
3.763271353979595460e+03,6.662496003795745310e+02,-2.259714193311316194e+03
3.930020472909475302e+03,1.105492228565382675e+03,-1.745259224084463767e+03
4.000001255470411252e+03,1.517521915387096897e+03,-1.187819829326482022e+03
3.971490418479916571e+03,1.892193001461958147e+03,-6.011220910970525892e+02
3.845189885516841969e+03,2.220279779425224660e+03,3.875459052751787370e-01
3.624209446550054054e+03,2.493703667312754533e+03,6.018980516211358918e+02
3.313990129108680321e+03,2.705732087721040443e+03,1.188598491882572489e+03
2.922170214154449241e+03,2.851144188181334357e+03,1.746042642632035040e+03
2.458397198236301392e+03,2.926359364309136254e+03,2.260504620198577868e+03
1.934090304881956627e+03,2.929525432126009036e+03,2.719316810948126204e+03
1.362159367399808389e+03,2.860564268242655544e+03,3.111181786192809341e+03
7.566869880596771054e+02,2.721173779576773995e+03,3.426450514992347507e+03
1.325817899203161403e+02,2.514786140534477454e+03,3.657360012651510715e+03
-4.947887036512193504e+02,2.246483314744665222e+03,3.798224558984522901e+03
-1.109976518322087031e+03,1.922871933871487954e+03,3.845575763278361592e+03
-1.697833679048100976e+03,1.551920611336802040e+03,3.798248014461651564e+03
-2.243885281134947491e+03,1.142763698293467996e+03,3.657407204081051987e+03
-2.734685983407809545e+03,7.054763189792547564e+02,3.426522011473274233e+03
-3.158151135063337279e+03,2.508262318225487206e+02,3.111278459689331612e+03
-3.503854375552934471e+03,-2.099913661974494516e+02,2.719439851094003188e+03
-3.763284376029816485e+03,-6.656295550270298236e+02,2.260655538766344307e+03
-3.930054400216152317e+03,-1.104869132230646301e+03,1.746223250496032051e+03
-4.000059527075764890e+03,-1.516894894193404753e+03,1.188810825807576748e+03
-3.971577668508405623e+03,-1.891561952717608619e+03,6.021442249547297934e+02
-3.845311900703549782e+03,-2.219645529014830572e+03,6.694979616522932497e-01
-3.624373073652991025e+03,-2.493068075576139563e+03,-6.008029587884308285e+02
-3.314203133991084997e+03,-2.705098136090414755e+03,-1.187463096797340313e+03
-2.922441055680418685e+03,-2.850516050550314048e+03,-1.744865880543518415e+03
-2.458734685094283122e+03,-2.925742429744667788e+03,-2.259286946159331364e+03
-1.934503137288389325e+03,-2.928926240240348307e+03,-2.718060499768003410e+03
-1.362655595890744507e+03,-2.859990335189299003e+03,-3.109891140133476256e+03
-7.572734406325186001e+02,-2.720633313348354022e+03,-3.425131932823473107e+03
-1.332635276214044779e+02,-2.514287662954407097e+03,-3.656021894113543567e+03
4.940088436067449038e+02,-2.246035222183179940e+03,-3.796877041532382918e+03
1.109098243018599305e+03,-1.922482037613562852e+03,-3.844230310167136849e+03
1.696859392184453782e+03,-1.551595700694798325e+03,-3.796916891324155131e+03
2.242820055845029401e+03,-1.142509165340082291e+03,-3.656102892489150690e+03
2.733537364201130003e+03,-7.052958747373666029e+02,-3.425256611698181587e+03
3.156928793854477590e+03,-2.507217320818920427e+02,-3.110063131539381175e+03
3.502569657967425883e+03,2.100199793894691993e+02,-2.718284333240235810e+03
3.761949779740049962e+03,6.655842010694291275e+02,-2.259567775412100218e+03
3.928683027647186918e+03,1.104753442442158985e+03,-1.745209141695987228e+03
3.998664551362096063e+03,1.516713984713814625e+03,-1.187874105621260469e+03
3.970171845198618939e+03,1.891322142848254771e+03,-6.012864610594688202e+02
3.843907149544036656e+03,2.219354028893249051e+03,1.098020460005587756e-01
3.622980145724381146e+03,2.492732665691107286e+03,6.015061549327011790e+02
3.312831370627923661e+03,2.704726858031448501e+03,1.188094161629370092e+03
2.921098237683610023e+03,2.850116924004085377e+03,1.745430105222168322e+03
2.457426964638593290e+03,2.925323205852967476e+03,2.259790629457545947e+03
1.933235040936647010e+03,2.928494196638245285e+03,2.718510638019982707e+03
1.361430085526066250e+03,2.859552114026538220e+03,3.110295131497812235e+03
7.560920195157019634e+02,2.720194800782082893e+03,3.425497304673797316e+03
1.321263806786843418e+02,2.513853907179560338e+03,3.656356058591505189e+03
-4.951026836700210083e+02,2.245610386942065361e+03,3.797187081953168217e+03
-1.110150709976220696e+03,1.922069388843380921e+03,3.844522800133807323e+03
-1.697873185981846291e+03,1.551197624972699487e+03,3.797197748923748804e+03
-2.243798433188314448e+03,1.142127219255033879e+03,3.656377272995350268e+03
-2.734483927328805294e+03,7.049308637473144472e+02,3.425528842927956248e+03
-3.157847287399516517e+03,2.503738153467326129e+02,3.110336695179922117e+03
-3.503463785999726952e+03,-2.103511650498317351e+02,2.718561892339822862e+03
-3.762823055312268480e+03,-6.658994091011785486e+02,2.259851242194433780e+03
-3.929538663727446874e+03,-1.105053691156464765e+03,1.745499771206524656e+03
-3.999505393356761942e+03,-1.517000454933133824e+03,1.188172590820127880e+03
-3.971000331096476202e+03,-1.891596110510472272e+03,6.015929994003636239e+02
-3.844725270235654989e+03,-2.219616828841676579e+03,2.045113335520872266e-01
-3.623789382945270063e+03,-2.492985660435344926e+03,-6.011848270580785538e+02
-3.313632621955543527e+03,-2.704971380687023156e+03,-1.187767041608094132e+03
-2.921891767976979736e+03,-2.850354191224621445e+03,-1.745098788660242008e+03
-2.458212421036783326e+03,-2.925554225600721566e+03,-2.259456933884780028e+03
-1.934011545535181995e+03,-2.928719702737903845e+03,-2.718176424460983071e+03
-1.362196396878392761e+03,-2.859772550636797405e+03,-3.109962141314877954e+03
-7.568467371867930069e+02,-2.720410366374157093e+03,-3.425167048386106217e+03
-1.328681564004694735e+02,-2.514064653692224965e+03,-3.656029781741526676e+03
4.943749685278689867e+02,-2.245816357256294395e+03,-3.796865817624690408e+03
1.109437837083097975e+03,-1.922270766415390199e+03,-3.844207500456708203e+03
1.697175588391739211e+03,-1.551394864950404326e+03,-3.796889471655654233e+03
2.243116288585571056e+03,-1.142321131761644892e+03,-3.656077387200269641e+03
2.733817347017421525e+03,-7.051226268938931980e+02,-3.425239212164503442e+03
3.157196574704012619e+03,-2.505649069111605627e+02,-3.110059798801628858e+03
3.502829725212827270e+03,2.101591146724604471e+02,-2.718300855156880971e+03
3.762207186731410275e+03,6.657048262037279756e+02,-2.259609758704103115e+03
3.928943503436621086e+03,1.104855302267080106e+03,-1.745281930609423171e+03
3.998934568849151219e+03,1.516797529757518532e+03,-1.187982630058961149e+03
3.970458624918576788e+03,1.891388671494697974e+03,-6.014350266125785538e+02
3.844218585966123101e+03,2.219405810404564363e+03,-8.223754010790444713e-02
3.623324652411411989e+03,2.492773025922389934e+03,6.012683437367747956e+02
3.313217649624835758e+03,2.704760213911789833e+03,1.187809668025607152e+03
2.921534986305765869e+03,2.850148758377696595e+03,1.745099621380727740e+03
2.457922538482866003e+03,2.925359980139907748e+03,2.259416611349364757e+03
1.933797095068570798e+03,2.928543204412726027e+03,2.718097396525155546e+03
1.362065216198388725e+03,2.859621283192419469e+03,3.109848845949617044e+03
7.568054267426396109e+02,2.720292455143059669e+03,3.425025957433490021e+03
1.329215682113610342e+02,2.513988499563346068e+03,3.655869294563114636e+03
-4.942241590892730869e+02,2.245790215750518200e+03,3.796696000561089022e+03
-1.109189432558431690e+03,1.922302308444646997e+03,3.844039688871817361e+03
-1.696832013774375810e+03,1.551490758350814531e+03,3.796735767409536493e+03
-2.242682567028753510e+03,1.142486679759777871e+03,3.655950095311063706e+03
-2.733300912721203076e+03,7.053614922291242237e+02,3.425150264947440064e+03
-3.156606944765951539e+03,2.508789399887341176e+02,3.110020213912731379e+03
-3.502178063671155542e+03,-2.097699365271652709e+02,2.718320266925067699e+03
-3.761505800390899367e+03,-6.652423519805240630e+02,2.259696051650249046e+03
-3.928205310455537983e+03,-1.104323065364359763e+03,1.745440992088989788e+03
-3.998172578275507476e+03,-1.516200529653849117e+03,1.188218227020141740e+03
-3.969685459421923042e+03,-1.890733101350850347e+03,6.017488008669168948e+02
-3.843446072003927839e+03,-2.218698754056643338e+03,4.738053459505058851e-01
-3.622563493075208044e+03,-2.492022146453667574e+03,-6.008012078552789035e+02
-3.312477186441939921e+03,-2.703973452908971467e+03,-1.187270786448335002e+03
-2.920823048293967531e+03,-2.849334060526169651e+03,-1.744494131007575788e+03
-2.457245370523472047e+03,-2.924525052801237507e+03,-2.258750664996822707e+03
-1.933159353744546934e+03,-2.927695316891682069e+03,-2.717377865431236842e+03
-1.361470019774386856e+03,-2.858767106282688474e+03,-3.109083035808447221e+03
-7.562544467762629665e+02,-2.719437938731599843e+03,-3.424221345464259230e+03
-1.324151527456368171e+02,-2.513138784824412141e+03,-3.655033291112900315e+03
4.946868375549861412e+02,-2.244949578776268481e+03,-3.795835736404805630e+03
1.109610208219722153e+03,-1.921474133526935702e+03,-3.843161828907221661e+03
1.697213540078597362e+03,-1.550677540987520388e+03,-3.795846352836279948e+03
2.243028113408468471e+03,-1.141690060709231830e+03,-3.655054418678263119e+03
2.733614150879034241e+03,-7.045823239062638095e+02,-3.424252784665265153e+03
3.156891734058875954e+03,-2.501173843727723636e+02,-3.109124515251252433e+03
3.502438249375953546e+03,2.105142834159378253e+02,-2.717429074022040368e+03
3.761745040977543340e+03,6.659703196653736086e+02,-2.258811288548713947e+03
3.928426948008414001e+03,1.105035769099887830e+03,-1.744563880236824161e+03
3.998379557496348752e+03,1.516899251733051415e+03,-1.187349393164642606e+03
3.969880283603750740e+03,1.891419211417483211e+03,-6.008883584577022248e+02
3.843630764558916326e+03,2.219373669415322183e+03,3.786192474479346814e-01
3.622739532503784631e+03,2.492687303560483542e+03,6.016464888982873163e+02
3.312645419668498107e+03,2.704630249347555946e+03,1.188110286858148584e+03
2.920983629027497500e+03,2.849983757598472948e+03,1.745329609621436248e+03
2.457397770480429699e+03,2.925168667833534528e+03,2.259584105311096209e+03
1.933302466152935267e+03,2.928333545023717761e+03,2.718211268648029090e+03
1.361602345383969350e+03,2.859400300643108039e+03,3.109918230009670879e+03
7.563743314069615735e+02,2.720066160805062736e+03,3.425059855438645172e+03
1.325210326922867239e+02,2.513761919601060072e+03,3.655876298554287587e+03
-4.945962295626614491e+02,2.245567494357495434e+03,3.796684140953507267e+03
-1.109535718062200203e+03,1.922086854494605177e+03,3.844016399989980528e+03
-1.697155576050939544e+03,1.551285400554090984e+03,3.796707943865662855e+03
-2.242986747683296016e+03,1.142293799085601677e+03,3.655924202473971945e+03
-2.733589327167762804e+03,7.051831085383048503e+02,3.425132463648750218e+03
-3.156883551774379612e+03,2.507167402823583870e+02,3.110016463049460526e+03
-3.502447281339567780e+03,-2.099146302092974850e+02,2.718336375741860593e+03
-3.761772635694412202e+03,-6.653686677160685576e+02,2.259737664198401035e+03
-3.928475470412346112e+03,-1.104430705249891844e+03,1.745513497646275255e+03
-3.998452535314444503e+03,-1.516289913695772839e+03,1.188326600864943657e+03
-3.969982450532409985e+03,-1.890805510702042511e+03,6.018973886864018823e+02
-3.843768019798329078e+03,-2.218756453448178036e+03,6.660712272915515486e-01
-3.622918845955590314e+03,-2.492068468249406578e+03,-6.005629459271681299e+02
-3.312874683765932332e+03,-2.704012829439281631e+03,-1.186985608463287235e+03
-2.921271423875581149e+03,-2.849371996691084405e+03,-1.744162730610833705e+03
-2.457753013263033154e+03,-2.924568036682545880e+03,-2.258375509310279540e+03
-1.933733947183037344e+03,-2.927750671572933697e+03,-2.716963284938456582e+03
-1.362118182752141593e+03,-2.858842790594494090e+03,-3.108635236671626444e+03
-7.569813954321660958e+02,-2.719542307698312925e+03,-3.423748342911018881e+03
-1.332244003448928424e+02,-2.513280322001218337e+03,-3.654544767899201361e+03
4.937937310680919722e+02,-2.245136612405392043e+03,-3.795342833942538618e+03
1.108633829565515043e+03,-1.921714546997686284e+03,-3.842676880395092212e+03
1.696156754936008383e+03,-1.550978485950525965e+03,-3.795382567500947061e+03
2.241896135382683951e+03,-1.142057679362958652e+03,-3.654625524931997916e+03
2.732414544618936816e+03,-7.050214860620963009e+02,-3.423872638403230667e+03
3.155634348273922114e+03,-2.506314457000662230e+02,-3.108806679210064885e+03
3.501135073526709220e+03,2.099236930589519829e+02,-2.717186376166476293e+03
3.760409979043569820e+03,6.653034650236594416e+02,-2.258655372960748991e+03
3.927075506131485326e+03,1.104294918497879735e+03,-1.744504773142677550e+03
3.997028452043934976e+03,1.516088707033423134e+03,-1.187395118569103033e+03
3.968546993725048651e+03,1.890545243882701016e+03,-6.010446468543110541e+02
3.842333073377079472e+03,2.218444364666204820e+03,1.084956536191720028e-01
3.621495101629396231e+03,2.491712349808885847e+03,6.012617670212564462e+02
3.311471404365048329e+03,2.703620716027467097e+03,1.187612713955337995e+03
2.919896298954758095e+03,2.848951881563654752e+03,1.744723451034500158e+03
2.456412098891693404e+03,2.924127626044578392e+03,2.258876159263119916e+03
1.932431677679927134e+03,2.927297182475923819e+03,2.717410849765286912e+03
1.360857440352285039e+03,2.858382793461012170e+03,3.109037075917373386e+03
7.557636242229576737e+02,2.719081611576170417e+03,3.424111919530977048e+03
1.320497527238701707e+02,2.512823899050445107e+03,3.654877408153308352e+03
-4.949262245140323557e+02,2.244688557883196154e+03,3.795651520253048602e+03
-1.109726073410691015e+03,1.921278071676377522e+03,3.842968078330178741e+03
-1.697211390664109558e+03,1.550555938967647080e+03,3.795662088358903020e+03
-2.242916336743743614e+03,1.141650600112340953e+03,3.654898426351724083e+03
-2.733403813253335102e+03,7.046306834087943116e+02,3.424143166191883665e+03
-3.156596318622332547e+03,2.502571009972740228e+02,3.109078252915287976e+03
-3.502073338060282367e+03,-2.102819057332215493e+02,2.717461618076540162e+03
-3.761327945051109964e+03,-6.656462518888203022e+02,2.258936174545349331e+03
-3.927976291968846454e+03,-1.104623246372696940e+03,1.744792384748975792e+03
-3.997914822357450248e+03,-1.516403706178637321e+03,1.187690239059945043e+03
-3.969421319766130182e+03,-1.890848143867998488e+03,6.013474854390234441e+02
-3.843197292490700875e+03,-2.218736458609520469e+03,2.017991382382405552e-01
-3.622350655522809575e+03,-2.491994962055451651e+03,-6.009447539852106956e+02
-3.312319165667920061e+03,-2.703895145175750713e+03,-1.187290174853028020e+03
-2.920736523320716060e+03,-2.849219315354375794e+03,-1.744396946074880134e+03
-2.457244438400964100e+03,-2.924389051493315037e+03,-2.258547470276712374e+03
-1.933255269905034766e+03,-2.927553321847628013e+03,-2.717081807033616769e+03
-1.361671065088223941e+03,-2.858634088785058793e+03,-3.108709399212971675e+03
-7.565659029222937306e+02,-2.719328267396134834e+03,-3.423787109526384029e+03
-1.328393548969460767e+02,-2.513065979411906483e+03,-3.654556713154733188e+03
4.941504076851110199e+02,-2.244926121139779298e+03,-3.795335988055411235e+03
1.108964824349366381e+03,-1.921511317394400976e+03,-3.842658685881498968e+03
1.696465154960316340e+03,-1.550785336680726004e+03,-3.795359925851825665e+03
2.242185316346066429e+03,-1.141876970888444930e+03,-3.654604900280841321e+03
2.732688154439731534e+03,-7.048552119739553063e+02,-3.423860180326552381e+03
3.155896368867969159e+03,-2.504812673312057427e+02,-3.108808328147533302e+03
3.501389933450682292e+03,2.100564728479268979e+02,-2.717207921651426204e+03
3.760662684295232339e+03,6.654179831993955077e+02,-2.258702444864754398e+03
3.927331756098956248e+03,1.104390874773126598e+03,-1.744582757711355953e+03
3.997294711450124851e+03,1.516166509519960300e+03,-1.187509002249053310e+03
3.968830498400682245e+03,1.890606156170885015e+03,-6.011988006731176029e+02
3.842641756522903961e+03,2.218490633233649987e+03,-8.942894121718222844e-02
3.621837436799905845e+03,2.491747293173747039e+03,6.010177111143860884e+02
3.311856170644952272e+03,2.703648761402828768e+03,1.187321564645360468e+03
2.920332281720820902e+03,2.848978540317524676e+03,1.744385867014283122e+03
2.456907745461955983e+03,2.924159405297045851e+03,2.258494585620763246e+03
1.932994730391948906e+03,2.927341435920191998e+03,2.716989611979330675e+03
1.361494570211879818e+03,2.858447519287672549e+03,3.108582394013380053e+03
7.564800862338701108e+02,2.719175208656440645e+03,3.423631840849036507e+03
1.328490802381076605e+02,2.512954894070726368e+03,3.654381662750490705e+03
-4.940424739274660055e+02,2.244865315932691828e+03,3.795151306868733627e+03
-1.108758512669335460e+03,1.921508501361918661e+03,3.842475790676771794e+03
-1.696162934119831789e+03,1.550847201071547488e+03,3.795190991512662549e+03
-2.241792264782980510e+03,1.142008827080675474e+03,3.654462291930524316e+03
-2.732211767999983749e+03,7.050607161778328873e+02,3.423755873873577912e+03
-3.155346227017509136e+03,2.507622504537655459e+02,3.108753366013189861e+03
-3.500777257635833848e+03,-2.097000632580366357e+02,2.717211943216396321e+03
-3.759999828487586910e+03,-6.649880326875130550e+02,2.258773320664111907e+03
-3.926631670921985915e+03,-1.103890956056814957e+03,1.744726344237754802e+03
-3.996570420439891222e+03,-1.515601659897994978e+03,1.187729022267407117e+03
-3.968094618939127031e+03,-1.889982600974494744e+03,6.014968431598730376e+02
-3.841906089880361378e+03,-2.217815479077076361e+03,4.650541750285640541e-01
-3.621112642626702836e+03,-2.491028213549156135e+03,-6.005667818440086876e+02
-3.311151532142138876e+03,-2.702893693994839850e+03,-1.186799198377504581e+03
-2.919655559589668428e+03,-2.848195410945542335e+03,-1.743797231513189899e+03
-2.456265112334710466e+03,-2.923355888245161168e+03,-2.257845846656445246e+03
-1.932390773375041135e+03,-2.926524755382047260e+03,-2.716287633291548900e+03
-1.360932347586811829e+03,-2.857624292355773832e+03,-3.107834452691487968e+03
-7.559612251274757000e+02,-2.718351327343755202e+03,-3.422845365779231543e+03
-1.323739045563812056e+02,-2.512135442456161854e+03,-3.653563999540280292e+03
4.944747926482479556e+02,-2.244054518752319382e+03,-3.794309510092903110e+03
1.109149785721736180e+03,-1.920709701712890364e+03,-3.841616443606424582e+03
1.696515769771470787e+03,-1.550062866785455981e+03,-3.794320054721170891e+03
2.242109868664184432e+03,-1.141240586713408447e+03,-3.653584984409119443e+03
2.732497734644405227e+03,-7.043094256858461222e+02,-3.422876592514252934e+03
3.155604331423180156e+03,-2.500280897264393616e+02,-3.107875649894404887e+03
3.501011259844387496e+03,2.104174687686963239e+02,-2.716338486807478148e+03
3.760213306481160544e+03,6.656894754978461606e+02,-2.257906033814195780e+03
3.926827895226248529e+03,1.104577511342558637e+03,-1.743866446541469941e+03
3.996752275226913298e+03,1.516274571044649974e+03,-1.186877146412785123e+03
3.968264557931269792e+03,1.890643202680135801e+03,-6.006531120857008545e+02
3.842066096723990086e+03,2.218465157988607189e+03,3.708942011247270965e-01
3.621264165681036502e+03,2.491668378429159475e+03,6.013958063497010471e+02
3.311295399022525544e+03,2.703525717229801103e+03,1.187622640856561247e+03
2.919791916318890344e+03,2.848820532461636958e+03,1.744616825395750993e+03
2.456393433578723943e+03,2.923975109683960454e+03,2.258663549357481770e+03
1.932509963368746412e+03,2.927138763092868430e+03,2.717105423295510263e+03
1.361040922624309133e+03,2.858233437722309191e+03,3.108654142000600132e+03
7.560575472983554164e+02,2.718955676323682383e+03,3.423668471802192471e+03
1.324564235599868880e+02,2.512734889173809734e+03,3.654391706063366655e+03
-4.944073365159094351e+02,2.244648943133977809e+03,3.795142727941145040e+03
-1.109098238682174497e+03,1.921299140790451929e+03,3.842455961177016434e+03
-1.696480549439766719e+03,1.550647665002629537e+03,3.795166750344963020e+03
-2.242091065611668910e+03,1.141821492882713073e+03,3.654440059741896221e+03
-2.732495319391724934e+03,7.048876124189225720e+02,3.423741780943690173e+03
-3.155618437451076716e+03,2.506050835809041644e+02,3.108753356854543199e+03
-3.501042500045180986e+03,-2.098399434852260299e+02,2.717231829540345188e+03
-3.760263074452844194e+03,-6.651097215288162943e+02,2.258818765095512845e+03
-3.926898605708589912e+03,-1.103994121313924552e+03,1.744802768658539662e+03
-3.996847511119867704e+03,-1.515686689599902365e+03,1.187841445282557970e+03
-3.968389114959944891e+03,-1.890050750281480532e+03,6.016496602348438500e+02
-3.842225944026469278e+03,-2.217868995968888612e+03,6.617806532352630278e-01
-3.621466349526876002e+03,-2.491070425436897040e+03,-6.003237805144668755e+02
-3.311547890249031298e+03,-2.702929041667875481e+03,-1.186508963697390755e+03
-2.920103370175052987e+03,-2.848229421644672129e+03,-1.743460432218857704e+03
-2.456772834596815301e+03,-2.923395085494835257e+03,-2.257464942153818356e+03
-1.932966157924220624e+03,-2.926576508780569839e+03,-2.715866965752875785e+03
-1.361582071017958242e+03,-2.857696615170855239e+03,-3.107380259917303192e+03
-7.566905465131388837e+02,-2.718452632951497890e+03,-3.422365713343337575e+03
-1.331863609034808178e+02,-2.512274272177262901e+03,-3.653068636285876892e+03
4.935776396004424669e+02,-2.244239253475890564e+03,-3.793809654847777438e+03
1.108168543693233232e+03,-1.920948268252438311e+03,-3.841124512891802169e+03
1.695453347058302825e+03,-1.550362447790527312e+03,-3.793849341169634954e+03
2.240971540071868276e+03,-1.141607340984493248e+03,-3.653149294336913499e+03
2.731291140085476854e+03,-7.047482247397138053e+02,-3.422489849554954617e+03
3.154339403502001460e+03,-2.505422770326148907e+02,-3.107551471139906880e+03
3.499700074928022786e+03,2.098262871083265964e+02,-2.716089739851479408e+03
3.758869853380761924e+03,6.650215961531336006e+02,-2.257744388317526500e+03
3.925467759047844993e+03,1.103835238812304169e+03,-1.743801942853844821e+03
3.995392243493543901e+03,1.515462243929016495e+03,-1.186917815055185656e+03
3.966922173171529266e+03,1.889767127262934764e+03,-6.008046859079134947e+02
3.840759198522167935e+03,2.217533453284824645e+03,1.051441882804291378e-01
3.620010464848396168e+03,2.490690766038007041e+03,6.010151245327851939e+02
3.310112090783433814e+03,2.702513300558218361e+03,1.187128790844748664e+03
2.918695299291694482e+03,2.847785581534853463e+03,1.744014097209447073e+03
2.455398498818762619e+03,2.922930831679484072e+03,2.257958771128002354e+03
1.931629943508253291e+03,2.926099028570978135e+03,2.716307941067696447e+03
1.360286818473337235e+03,2.857212442867900791e+03,3.107775723070829372e+03
7.554376689072443014e+02,2.717967538250797134e+03,3.422723095126823409e+03
1.319759937332729862e+02,2.511793188185269628e+03,3.653395219015193106e+03
-4.947464664476560756e+02,2.243766240227360413e+03,3.794112368717294885e+03
-1.109297718780220976e+03,1.920486508269980732e+03,3.841409767228766668e+03
-1.696545480264666594e+03,1.549914271313368772e+03,3.794122891554924081e+03
-2.242029760531825559e+03,1.141174279217040748e+03,3.653416147486861973e+03
-2.732318895516318662e+03,7.043310892382588690e+02,3.422754208614807794e+03
-3.155340269443983289e+03,2.501412617337752238e+02,3.107816723523249948e+03
-3.500677584349669814e+03,-2.102114876534633936e+02,2.716358487025359864e+03
-3.759827357317905353e+03,-6.653916625146657680e+02,2.258018511509105792e+03
-3.926408325648697883e+03,-1.104191109980667761e+03,1.744082690671492401e+03
-3.996318594670730818e+03,-1.515805022858734219e+03,1.187205890312876818e+03
-3.967836645026443875e+03,-1.890098018423531812e+03,6.011003050244200949e+02
-3.841663700435233295e+03,-2.217853727192930819e+03,1.977665841566580984e-01
-3.620906417870866790e+03,-2.491001726502548081e+03,-6.007056471515398925e+02
-3.311000354860801053e+03,-2.702816227834665824e+03,-1.186813922503254844e+03
-2.919576125550462621e+03,-2.848081648203243731e+03,-1.743695379295620342e+03
-2.456271542014091210e+03,-2.923221013926730848e+03,-2.257637966913117452e+03
-1.932494349135030461e+03,-2.926384042809620951e+03,-2.715986865193619906e+03
-1.361141376977310983e+03,-2.857492730194865089e+03,-3.107456084687750717e+03
-7.562810124712526658e+02,-2.718243306490935993e+03,-3.422406390536433719e+03
-1.328068002594399957e+02,-2.512064507720270285e+03,-3.653082698760403673e+03
4.939293016479455787e+02,-2.244033177406074174e+03,-3.793805089009721087e+03
1.108494979518673972e+03,-1.920749270924700568e+03,-3.841108718617732848e+03
1.695757619582404004e+03,-1.550173336329217136e+03,-3.793829181713214894e+03
2.241256993812586188e+03,-1.141430473261587167e+03,-3.653131202943588050e+03
2.731561387903534978e+03,-7.045856004665846513e+02,-3.422479954621016077e+03
3.154598391946722586e+03,-2.503955713635776874e+02,-3.107555703208702198e+03
3.499952200512771469e+03,2.099557514947255754e+02,-2.716113890433218330e+03
3.759120096791830292e+03,6.651329326650732128e+02,-2.257794100700731633e+03
3.925721803929677662e+03,1.103928122481156834e+03,-1.743882626671740127e+03
3.995656550433621760e+03,1.515537059815650991e+03,-1.187034487749736854e+03
3.967203986503218403e+03,1.889825120201245682e+03,-6.009617540049239324e+02
3.841066472507338403e+03,2.217576857637982357e+03,-9.585635906328210387e-02
3.620351705434194628e+03,2.490722896676677010e+03,6.007677974747942926e+02
3.310496118452138489e+03,2.702538590640026086e+03,1.186834148250709404e+03
2.919130946565414433e+03,2.847809558256098626e+03,1.743672780685184534e+03
2.455894261945266408e+03,2.922960027263014581e+03,2.257573221041398483e+03
1.932193611232087505e+03,2.926140829594139632e+03,2.715882492034226289e+03
1.360925101407626698e+03,2.857274885915942377e+03,3.107316618407060105e+03
7.561558510581215842e+02,2.718059063254297598e+03,3.422238418644820285e+03
1.327776238963065225e+02,2.511922362409620291e+03,3.652894748266091938e+03
-4.938598306021516464e+02,2.243941465746034737e+03,3.793607357829193461e+03
-1.108326705853085741e+03,1.920715724324277062e+03,3.840912669447909593e+03
-1.695493035142269264e+03,1.550204660879165203e+03,3.793647031691534266e+03
-2.240901206856877252e+03,1.141531987267431759e+03,3.652975353410443404e+03
-2.731121928341665807e+03,7.047609593304191549e+02,3.422362409772302726e+03
-3.154084874797695647e+03,2.506465981723372067e+02,3.107487524525633489e+03
-3.499375881462198322e+03,-2.096291228000997648e+02,2.716104726536675116e+03
-3.758493360104690510e+03,-6.647326054067987116e+02,2.257851821695596755e+03
-3.925057624313240922e+03,-1.103457689425508306e+03,1.744013079834897326e+03
-3.994967967591685010e+03,-1.515001578565456157e+03,1.187241379391405872e+03
-3.966503625043050306e+03,-1.889230834651489431e+03,6.012466515132201721e+02
-3.840366131747195595e+03,-2.216930889426213071e+03,4.582957871279606521e-01
-3.619662034472907635e+03,-2.490032929312350461e+03,-6.003301190009241282e+02
-3.309826382720085348e+03,-2.701812565836437443e+03,-1.186325119203106624e+03
-2.918488883841213465e+03,-2.847055399461497473e+03,-1.743097585123361114e+03
-2.455286019382204813e+03,-2.922185400224807836e+03,-2.256938033995362275e+03
-1.931623750770460902e+03,-2.925352944651328471e+03,-2.715194178256392661e+03
-1.360396659351195240e+03,-2.856480342406409818e+03,-3.106582447387929278e+03
-7.556704383112511323e+02,-2.717263733346272602e+03,-3.421465803552942816e+03
-1.323355558871965911e+02,-2.511131310294630566e+03,-3.652091012219696950e+03
4.942593818793476430e+02,-2.243158898242857504e+03,-3.792779528130576637e+03
1.108685542027629936e+03,-1.919944970370527471e+03,-3.840067299760237347e+03
1.695813746279525049e+03,-1.549448179224480100e+03,-3.792790053201646970e+03
2.241186973327602573e+03,-1.140791403204905691e+03,-3.652111958339817647e+03
2.731376314459877449e+03,-7.040371314389795998e+02,-3.421496972775836184e+03
3.154311622789885860e+03,-2.499397142862446799e+02,-3.106623568217860793e+03
3.499578718466857026e+03,2.103194250772718306e+02,-2.715244935119857018e+03
3.758675833181782309e+03,6.654071037275958815e+02,-2.256998100534758123e+03
3.925222976589398968e+03,1.104117443059683637e+03,-1.743166648655263771e+03
3.995119060127894045e+03,1.515647815489302502e+03,-1.186402873980212462e+03
3.966642892722669330e+03,1.889864875658415940e+03,-6.004161993511985429e+02
3.840495543237863330e+03,2.217554108929703034e+03,3.644598296480358601e-01
3.619783026882228569e+03,2.490646725135542056e+03,6.011460302355745853e+02
3.309939776394092860e+03,2.702418300619441197e+03,1.187135519575293301e+03
2.918594821568623502e+03,2.847654305012485565e+03,1.743904198686492464e+03
2.455383976095162780e+03,2.922778472243242049e+03,2.257742809021120138e+03
1.931712633451383226e+03,2.925940866014216681e+03,2.715999085641011789e+03
1.360474988275229407e+03,2.857063463426752151e+03,3.107389294080443051e+03
7.557365795314765364e+02,2.717842120959801377e+03,3.422276104996333288e+03
1.323879619335597226e+02,2.511704861094192893e+03,3.652905953451579080e+03
-4.942219698717348706e+02,2.243727495476687636e+03,3.793600024232341184e+03
-1.108663972003512072e+03,1.920508654614455509e+03,3.840894145937282246e+03
-1.695808440392836246e+03,1.550007298154029741e+03,3.793624136563325919e+03
-2.241198029504278111e+03,1.141346708165358905e+03,3.652954490710401842e+03
-2.731403713185516153e+03,7.045897966633125407e+02,3.422349698604769401e+03
-3.154355509836460897e+03,2.504912669999256991e+02,3.107488904585740329e+03
-3.499639721060425472e+03,-2.097672607591520091e+02,2.716126011392763303e+03
-3.758755361150587760e+03,-6.648526314307523535e+02,2.257898682221231411e+03
-3.925323462865265356e+03,-1.103559256829446213e+03,1.744090951668251591e+03
-3.995244108128404150e+03,-1.515085061954782077e+03,1.187355299027229421e+03
-3.966797321575839305e+03,-1.889297478331213597e+03,6.014010346520328767e+02
-3.840685348701644216e+03,-2.216982934396593919e+03,6.566783235384324735e-01
-3.620015284469507151e+03,-2.490073700892112356e+03,-6.000853528995174884e+02
-3.310222487238076610e+03,-2.701846508220459782e+03,-1.186032996204007077e+03
-2.918936670380537180e+03,-2.847088048949100539e+03,-1.742758764836238015e+03
-2.455793974383951536e+03,-2.922223294710219307e+03,-2.256554973788076040e+03
-1.932199650720898944e+03,-2.925403472603657065e+03,-2.714771226197767191e+03
-1.361047203014128172e+03,-2.856551539233773383e+03,-3.106125855290605159e+03
-7.564009011122099082e+02,-2.717364036305756144e+03,-3.420983658650018697e+03
-1.331494837169427115e+02,-2.511269284630913717e+03,-3.651593091546681080e+03
4.933604269423678375e+02,-2.243342947119396740e+03,-3.792277083633121038e+03
1.107702176284762118e+03,-1.920183039699071514e+03,-3.839572784038518421e+03
1.694748895219934866e+03,-1.549747466363998001e+03,-3.792316795842088140e+03
2.240045936624327169e+03,-1.141158076486382015e+03,-3.651673801490345340e+03
2.730166763139171053e+03,-7.044760664224417042e+02,-3.421107873080165064e+03
3.153043525114977456e+03,-2.504542531634353963e+02,-3.106297171732759580e+03
3.498264189228037594e+03,2.097276822121411044e+02,-2.714994133702639829e+03
3.757328900786041686e+03,6.647384633876031330e+02,-2.256834583372679390e+03
3.923859265680373937e+03,1.103374222370215648e+03,-1.743100471398929812e+03
3.993755397033868121e+03,1.514834367512011568e+03,-1.186442079064519021e+03
3.965296857886282396e+03,1.888987522477701987e+03,-6.005665287595800237e+02
3.839185013239766249e+03,2.216620986928737693e+03,9.972909897385860700e-02
3.618525748045113687e+03,2.489667575461167417e+03,6.007661411365941149e+02
3.308752976764007144e+03,2.701404248550935790e+03,1.186642240101391053e+03
2.917494828692983447e+03,2.846617644159501197e+03,1.743301829181300263e+03
2.454385805305186750e+03,2.921732434123985968e+03,2.257038193103760022e+03
1.930829536658185134e+03,2.924899345353162516e+03,2.715201588906418237e+03
1.359717980501906823e+03,2.856040679628768430e+03,3.106510706346026836e+03
7.551139800338895611e+02,2.716852212772474559e+03,3.421330429696587544e+03
1.319049979031222222e+02,2.510761428355589942e+03,3.651909063463113853e+03
-4.945634473002901927e+02,2.242843116178013588e+03,3.792569183412276288e+03
-1.108865617306165632e+03,1.919694415164295151e+03,3.839847416716694170e+03
-1.695875362326456752e+03,1.549272377935639724e+03,3.792579712330292296e+03
-2.241138552825877923e+03,1.140698055977693457e+03,3.651930004114441999e+03
-2.731228968887141036e+03,7.040319271972826982e+02,3.421361561404165514e+03
-3.154078888126211041e+03,2.500261920563344233e+02,3.106551730742040036e+03
-3.499276234677926368e+03,-2.101399668977107069e+02,2.715252163743751680e+03
-3.758320972427712604e+03,-6.651356479215107811e+02,2.257097965815966745e+03
-3.924834425264493802e+03,-1.103757241227549230e+03,1.743370456085423939e+03
-3.994716361153722119e+03,-1.515204319213823737e+03,1.186719370851822532e+03
-3.966245958468268327e+03,-1.889345607363121871e+03,6.008513466461960206e+02
-3.840124156594304168e+03,-2.216968471822187439e+03,1.923655636771073874e-01
-3.619456353160936942e+03,-2.490005761004570104e+03,-6.004674917805037921e+02
-3.309675902367780964e+03,-2.701734412434104797e+03,-1.186338208907473927e+03
-2.918410325274776369e+03,-2.846940957044364495e+03,-1.742993955211784851e+03
-2.455293527247824841e+03,-2.922049870890354214e+03,-2.256728237991414971e+03
-1.931728629042802140e+03,-2.925211621611995270e+03,-2.714891366449239285e+03
-1.360607233074082615e+03,-2.856348236016094233e+03,-3.106201925609129830e+03
-7.559920238647863471e+02,-2.717155256838841069e+03,-3.421024587532894202e+03
-1.327705093296825112e+02,-2.511060030254197045e+03,-3.651607411428390606e+03
4.937115749083847049e+02,-2.243137342003302365e+03,-3.792272779018037454e+03
1.108028169967319172e+03,-1.919984472444396488e+03,-3.839557251967073171e+03
1.695052795415507262e+03,-1.549558743235990505e+03,-3.792296896439658212e+03
2.240331084079351967e+03,-1.140981555692409074e+03,-3.651655965239227953e+03
2.730436765777483743e+03,-7.043137493162549845e+02,-3.421098226564704419e+03
3.153302323988607895e+03,-2.503078177818568122e+02,-3.106301645059427301e+03
3.498516175484646283e+03,2.098569093152330822e+02,-2.715018519547631058e+03
3.757579050511072182e+03,6.648495911245499883e+02,-2.256884527784061447e+03
3.924113259231681241e+03,1.103466921114933029e+03,-1.743181388149585700e+03
3.994019693389402164e+03,1.514909017987281686e+03,-1.186558990709634372e+03
3.965578701626170187e+03,1.889045365953325017e+03,-6.007238473847855857e+02
3.839492360693102000e+03,2.216664255357053207e+03,-1.015389609313958469e-01
3.618867108821483725e+03,2.489699582728938367e+03,6.005185249339506299e+02
3.309137176221885056e+03,2.701429428406472653e+03,1.186347283394054102e+03
2.917930704945860271e+03,2.846641525979416201e+03,1.742960172003374510e+03
2.454881860356315883e+03,2.921761553794432530e+03,2.256652276333386453e+03
1.931393564622409485e+03,2.924941094392353534e+03,2.714775749919741429e+03
1.360356696468037853e+03,2.856103100565165732e+03,3.106051193498150042e+03
7.558326711781131735e+02,2.716943752178896375e+03,3.420845334017797995e+03
1.327072145542171597e+02,2.510890660528907574e+03,3.651408171723902797e+03
-4.936761478007362598e+02,2.243018450331537224e+03,3.792063760735184132e+03
-1.107893865917163112e+03,1.919923797528567320e+03,3.839349928874063608e+03
-1.694822108448280005e+03,1.549562998099711876e+03,3.792103497961264566e+03
-2.240009126884178386e+03,1.141056064928499836e+03,3.651488905983446784e+03
-2.730031075119331490e+03,7.044621736816383191e+02,3.420969524696789904e+03
-3.152822524273889940e+03,2.505319844866879748e+02,3.106222376374999385e+03
-3.497973534356007804e+03,-2.095570637131172020e+02,2.714998346948187191e+03
-3.756985966706635736e+03,-6.644759690995762185e+02,2.256931335180305723e+03
-3.923482724319198496e+03,-1.103023116575280937e+03,1.743301035706880839e+03
-3.993364766089706336e+03,-1.514400091853293361e+03,1.186755196231447599e+03
-3.964912027409724033e+03,-1.888477567746028399e+03,6.009981878882398405e+02
-3.838825761166469420e+03,-2.216044714726814163e+03,4.535577820750559264e-01
-3.618211256277945722e+03,-2.489035993594730826e+03,-6.000911261964811274e+02
-3.308501359546590265e+03,-2.700729745202186223e+03,-1.185848391980580118e+03
-2.917322684877031406e+03,-2.845913686997238983e+03,-1.742394974355626800e+03
-2.454307805640352399e+03,-2.921013241411151739e+03,-2.256026953725742715e+03
-1.930858056489470300e+03,-2.924179536889881547e+03,-2.714097177313091834e+03
-1.359862787248529912e+03,-2.855334915886355702e+03,-3.105326654411192521e+03
-7.553819836477093759e+02,-2.716174830993771593e+03,-3.420082259090658226e+03
-1.323000711230969557e+02,-2.510126084537179850e+03,-3.650613904290678875e+03
4.940405735157839331e+02,-2.242262441971089629e+03,-3.791245350121518641e+03
1.108217379402243523e+03,-1.919179698605540580e+03,-3.838513951386069948e+03
1.695107308806838546e+03,-1.548833276797687176e+03,-3.791255906763908115e+03
2.240259207989255174e+03,-1.140342352095399292e+03,-3.650634913323833189e+03
2.730249618141440351e+03,-7.037653294773982680e+02,-3.420113522199345425e+03
3.153013290280193360e+03,-2.498521946272574326e+02,-3.105367899793554898e+03
3.498140269819018613e+03,2.102201667794445257e+02,-2.714148089495452041e+03
3.757132237134933348e+03,6.651231702440885556e+02,-2.256087207370177566e+03
3.923611789337391201e+03,1.103655483182692024e+03,-1.742464259380259136e+03
3.993479500786925200e+03,1.515018859794861783e+03,-1.185926407481581464e+03
3.965014878273163049e+03,1.889084064789184595e+03,-6.001775137840451180e+02
3.838918706348976229e+03,2.216640321362138820e+03,3.593592817020857533e-01
3.618295740145515538e+03,2.489622113335271933e+03,6.008971406318742083e+02
3.308578206808226241e+03,2.701307746199988742e+03,1.186648841796494025e+03
2.917392039123897121e+03,2.846484805940455772e+03,1.743191590230806241e+03
2.454369138952397407e+03,2.921578477496319010e+03,2.256821691647076022e+03
1.930910269885884645e+03,2.924739574481217005e+03,2.714892015572381297e+03
1.359904392982412446e+03,2.855890104506562693e+03,3.106123405718954018e+03
7.554113390284219349e+02,2.716725234624314453e+03,3.420882442031037954e+03
1.323156206264937396e+02,2.510671595127894761e+03,3.651418703911759167e+03
-4.940400948437319926e+02,2.242802937150209345e+03,3.792055678348040601e+03
-1.108232822668623612e+03,1.919715213186237634e+03,3.839330597518118338e+03
-1.695139095846883492e+03,1.549364153345820569e+03,3.792079749970332614e+03
-2.240307432823456111e+03,1.140869338148723955e+03,3.651467156335330401e+03
-2.730314254058987899e+03,7.042895971522400487e+02,3.420955900058202133e+03
-3.153094473155431842e+03,2.503752708258150221e+02,3.106222820523636074e+03
-3.498238615012714035e+03,-2.096965566795949769e+02,2.715018674081383779e+03
-3.757249141331884857e+03,-6.645973274575974301e+02,2.256977213554283935e+03
-3.923749671505872811e+03,-1.103125998766098064e+03,1.743377895465782785e+03
-3.993641949626218775e+03,-1.514484877288974076e+03,1.186868066062056869e+03
-3.965206697117053864e+03,-1.888545504573542757e+03,6.011514740992421366e+02
-3.839145873756014680e+03,-2.216098046220507058e+03,6.507861761536863909e-01
-3.618565313384186993e+03,-2.489078045265635410e+03,-5.998475812545490271e+02
-3.308898168957029156e+03,-2.700764959005025503e+03,-1.185557565654938116e+03
-2.917771058563545921e+03,-2.845947594414294599e+03,-1.742057532478399025e+03
-2.454816213815241099e+03,-2.921052373073769559e+03,-2.255645356824723422e+03
-1.931434260034061481e+03,-2.924231271971048955e+03,-2.713675773027398463e+03
-1.360513471327559500e+03,-2.855407279177826695e+03,-3.104871690406058406e+03
-7.561124133956067226e+02,-2.716276248763674630e+03,-3.419601815028154761e+03
-1.331137864749042308e+02,-2.510265111787207843e+03,-3.650117746999606879e+03
4.931420114803082697e+02,-2.242447473517296203e+03,-3.790744719891231398e+03
1.107234582977652053e+03,-1.919418674954541984e+03,-3.838021289239127327e+03
1.694043195034481187e+03,-1.549133393620633569e+03,-3.790784532438983661e+03
2.239119064839824205e+03,-1.140709780130416220e+03,-3.650198662444999172e+03
2.729041103388295141e+03,-7.042049506481205299e+02,-3.419726349478307839e+03
3.151746359408120497e+03,-2.503673607712988769e+02,-3.105043454689499413e+03
3.496827027420831200e+03,2.096278438437837792e+02,-2.713899272620863030e+03
3.755786705867998535e+03,6.644539848255628840e+02,-2.255925721239213999e+03
3.922249593888714116e+03,1.102911741548825376e+03,-1.742400175967584573e+03
3.992117473868216166e+03,1.514204907235465271e+03,-1.185967786408436268e+03
3.963670612728171818e+03,1.888206219933431385e+03,-6.003301129562802316e+02
3.837610096311317648e+03,2.215706721819367885e+03,9.224950380593795185e-02
3.617040553880295647e+03,2.488642505841393358e+03,6.005147525832175006e+02
3.307393698255445997e+03,2.700293265757869904e+03,1.186152935630920865e+03
2.916294565005646291e+03,2.845447760190508689e+03,1.742586462072383938e+03
2.453373745697698723e+03,2.920532116525207584e+03,2.256114186035732018e+03
1.930030240380747728e+03,2.923697815968365830e+03,2.714091505710558522e+03
1.359150770622437676e+03,2.854867194493831448e+03,3.105241696808519009e+03
7.547924662693449136e+02,2.715735340937551427e+03,3.419933561031915815e+03
1.318367403305768448e+02,2.509728347464995295e+03,3.650418554919079725e+03
-4.943771252151009890e+02,2.241918942280752617e+03,3.791021562907325915e+03
-1.108429661696923858e+03,1.918901583362393239e+03,3.838280620381315657e+03
-1.695200867047405836e+03,1.548630089271845691e+03,3.791032149288244455e+03
-2.240242485774060242e+03,1.140221804262188925e+03,3.650439609710816967e+03
-2.730133753342530326e+03,7.037331175176911984e+02,3.419964862400525362e+03
-3.152811849616961808e+03,2.499118603554598792e+02,3.105282945654143987e+03
-3.497868927197248922e+03,-2.100673262964781429e+02,2.714142360616319365e+03
-3.756808400861250448e+03,-6.648781427309038463e+02,2.256174298200366593e+03
-3.923254183408465906e+03,-1.103321528265239749e+03,1.742655495937540991e+03
-3.993107706724030322e+03,-1.514601439796955219e+03,1.186230554374894837e+03
-3.964648847728769852e+03,-1.888590715581528457e+03,6.006005458456323822e+02
-3.838578261639713674e+03,-2.216080462643603369e+03,1.855950292958373216e-01
-3.618000085081031102e+03,-2.489006806717698510e+03,-6.002302255021146493e+02
-3.308345464292744964e+03,-2.700649417604663995e+03,-1.185862909834353104e+03
-2.917238819594633242e+03,-2.845796944992311182e+03,-1.742292490813287714e+03
-2.454310139748860365e+03,-2.920875317362673286e+03,-2.255818046255760692e+03
-1.930957910156788103e+03,-2.924035752661625793e+03,-2.713795025158150111e+03
-1.360068493760081537e+03,-2.855200307643995984e+03,-3.104946594982925944e+03
-7.556988608245854948e+02,-2.716063834195133495e+03,-3.419641340207647318e+03
-1.327304711018638272e+02,-2.510052284126944869e+03,-3.650130466359925776e+03
4.934971728720691999e+02,-2.242238379864804301e+03,-3.790738658200201826e+03
1.107564276780313776e+03,-1.919216720464288301e+03,-3.838003880712322825e+03
1.694350502070142511e+03,-1.548941394414382103e+03,-3.790762669329233631e+03
2.239407349635110677e+03,-1.140530097654750534e+03,-3.650178800687710464e+03
2.729313999161921402e+03,-7.040395833652530655e+02,-3.419714633226551996e+03
3.152007831686011286e+03,-2.502179785740604245e+02,-3.105045823028679933e+03
3.497081488693387655e+03,2.097599265654176293e+02,-2.713921518464650035e+03
3.756039148318241132e+03,6.645678916473558502e+02,-2.255973482581429380e+03
3.922505706944658414e+03,1.103007158290673942e+03,-1.742478851267598657e+03
3.992383717257369426e+03,1.514282229040517677e+03,-1.186082377239454217e+03
3.963954222775804283e+03,1.888266699701905964e+03,-6.004850068096940277e+02
3.837919012105510319e+03,2.215752598744109036e+03,-1.064640344839725278e-01
3.617383259600624115e+03,2.488677095381504387e+03,6.002698450335569760e+02
3.307778987204120767e+03,2.700320996727553847e+03,1.185860862068199140e+03
2.916731238912793742e+03,2.845474150272063071e+03,1.742247876497956668e+03
2.453870268726351242e+03,2.920563683546118227e+03,2.255731535010720563e+03
1.930594370585557726e+03,2.923741928118541182e+03,2.713669122847490598e+03
1.359789192105793290e+03,2.854931867439328926e+03,3.104785817003857574e+03
7.555104432818916393e+02,2.715828993106332291e+03,3.419452252952887648e+03
1.326378106669393730e+02,2.509859526279400598e+03,3.649921575879146530e+03
-4.934914050287417240e+02,2.242096033910589540e+03,3.790520144170049207e+03
-1.107459911595675976e+03,1.919132517092303488e+03,3.837787192753177806e+03
-1.694150014758189855e+03,1.548922045484936916e+03,3.790560018829778073e+03
-2.239115831776068717e+03,1.140580933278649809e+03,3.650002592252006707e+03
-2.728938966964646170e+03,7.041642757428221557e+02,3.419576884382878234e+03
-3.151558892543619095e+03,2.504183709758756891e+02,3.104957618929402088e+03
-3.496569899666092624e+03,-2.094838786893400027e+02,2.713892541184907259e+03
-3.755477306556174426e+03,-6.642180711911898925e+02,2.256011644026821614e+03
-3.921906613435120562e+03,-1.102587141246837291e+03,1.742590046634753662e+03
-3.991760452437704771e+03,-1.513797062483308764e+03,1.186270363908152603e+03
-3.963319466539324367e+03,-1.887722625656602077e+03,6.007514028515402060e+02
-3.837284632611671896e+03,-2.215156747701274071e+03,4.508518414331976198e-01
-3.616759986201655920e+03,-2.488037171933508944e+03,-5.998497304585742995e+02
-3.307176173686819766e+03,-2.699644976661887085e+03,-1.185368883789324855e+03
-2.916156715152495053e+03,-2.844770003943290703e+03,-1.741689209176294526e+03
-2.453330272489368781e+03,-2.919839135226035978e+03,-2.255112362989772464e+03
-1.930093547218027197e+03,-2.923004255988374098e+03,-2.712996340411251822e+03
-1.359330648326275650e+03,-2.854187744652160745e+03,-3.104066743384850270e+03
-7.550958421343588043e+02,-2.715084367453503546e+03,-3.418694369599845686e+03
-1.322674972209186137e+02,-2.509119534681503865e+03,-3.649132289333917925e+03
4.938182542638848531e+02,-2.241364948259160428e+03,-3.789706575433746366e+03
1.107745119502494163e+03,-1.918413719372937976e+03,-3.836955993466793643e+03
1.694396216879289796e+03,-1.548218032047722545e+03,-3.789717215965295054e+03
2.239326274532962543e+03,-1.139893349492245761e+03,-3.649153465345911627e+03
2.729117295873259536e+03,-7.034939823515468333e+02,-3.418725881661054245e+03
3.151708939624523737e+03,-2.497655414569431684e+02,-3.104108319234830560e+03
3.496695483533692823e+03,2.101196345221645743e+02,-2.713047666255241438e+03
3.755582061123563562e+03,6.648375677780045407e+02,-2.255173119263208719e+03
3.921993859290671480e+03,1.103191478445443636e+03,-1.741759097964125885e+03
3.991833116333126782e+03,1.514387507707260738e+03,-1.185447624851702358e+03
3.963380037448004714e+03,1.888300534797268028e+03,-5.999369950862966334e+02
3.837335123048255355e+03,2.215723525821497333e+03,3.555893381719186230e-01
3.616801866728653749e+03,2.488594245033596053e+03,6.006490705084014508e+02
3.307210285412380472e+03,2.700193733873828023e+03,1.186162477986437352e+03
2.916183206871882703e+03,2.845311700090068825e+03,1.742478810894481285e+03
2.453348610638189257e+03,2.920374782710201998e+03,2.255899952913372545e+03
1.930102618452433489e+03,2.923534545911044461e+03,2.713783919375819096e+03
1.359328945164999141e+03,2.854713026313718274e+03,3.104856140858119034e+03
7.550817007076194614e+02,2.715604698251031095e+03,3.419487112630989486e+03
1.322393433026826415e+02,2.509634795103430406e+03,3.649929561975216075e+03
-4.938616984571839907e+02,2.241875001659593181e+03,3.790509279309457270e+03
-1.107804709545848482e+03,1.918918585756332504e+03,3.837764899533243806e+03
-1.694472369355286446e+03,1.548718040761386419e+03,3.790533179014565121e+03
-2.239419068276841244e+03,1.140389238113273677e+03,3.649977660016932077e+03
-2.729226679834670449e+03,7.039869172914598039e+02,3.419560013360321136e+03
-3.151835017640370097e+03,2.502570484065894050e+02,3.104954766423881210e+03
-3.496838832955307225e+03,-2.096278273923176982e+02,2.713909521190824307e+03
-3.755744036170942763e+03,-6.643437559386267139e+02,2.256054111527996611e+03
-3.922176832848083905e+03,-1.102694245551777385e+03,1.742663407053565834e+03
-3.992040627154794038e+03,-1.513885989193803425e+03,1.186379612264908246e+03
-3.963616833808102911e+03,-1.887794641887753642e+03,6.009009061138284551e+02
-3.837607122273730511e+03,-2.215214108662468334e+03,6.440946394419235776e-01
-3.617116059945895358e+03,-2.488083205967400318e+03,-5.996104126012784263e+02
-3.307574588731586573e+03,-2.699684118090022366e+03,-1.185082558381613126e+03
-2.916606225868162255e+03,-2.844807765696011302e+03,-1.741356564106236874e+03
-2.453839288958713041e+03,-2.919882019037213922e+03,-2.254735867513143148e+03
-1.930669772733801665e+03,-2.923059603442032312e+03,-2.712580335656847183e+03
-1.359980718178746201e+03,-2.854263536912336349e+03,-3.103617454768767857e+03
-7.558249840456709308e+02,-2.715188984585387061e+03,-3.418219839879560823e+03
-1.330792299612019747e+02,-2.509261486863051687e+03,-3.648642236432105165e+03
4.929223722038410642e+02,-2.241552590897478694e+03,-3.789212182768415005e+03
1.106765683898397128e+03,-1.918654962634327148e+03,-3.836469642244359420e+03
1.693336110579866045e+03,-1.548520053138601270e+03,-3.789252168615599658e+03
2.238190736943819047e+03,-1.140262314135088218e+03,-3.648723507910991430e+03
2.727913926664813971e+03,-7.039347809777627845e+02,-3.418344931295732295e+03
3.150447632428623820e+03,-2.502815464328878932e+02,-3.103790002625057696e+03
3.495388283347140714e+03,2.095267817943317539e+02,-2.712804876777681329e+03
3.754242938663544919e+03,6.641681270789518976e+02,-2.255017566242544945e+03
3.920638398924946614e+03,1.102447721289277752e+03,-1.741700870587833606e+03
3.990478123919036534e+03,1.513573748903324940e+03,-1.185494805205068133e+03
3.962043091971263948e+03,1.887423069811110054e+03,-6.000953638192011113e+02
3.836034116052353056e+03,2.214790476942096120e+03,8.272112802308818902e-02
3.615554574199181843e+03,2.487615350230743388e+03,6.002609153205950179e+02
3.306033979673466547e+03,2.699180125280747689e+03,1.185660775749436880e+03
2.915094273594865172e+03,2.844275689361003970e+03,1.741867838681710737e+03
2.452362133791513315e+03,2.919329632272243998e+03,2.255186541265903543e+03
1.929231923272215909e+03,2.922494194756779962e+03,2.712977436789442436e+03
1.358585117314973104e+03,2.853691750140452314e+03,3.103968400412385108e+03
7.544731195961877575e+02,2.714616701028754051e+03,3.418532163500287425e+03
1.317712785546511896e+02,2.508693746370704503e+03,3.648923344838538924e+03
-4.941873767069818086e+02,2.240993548422382901e+03,3.789469145091409246e+03
-1.107989663803211215e+03,1.918107877558825521e+03,3.836709012322397484e+03
-1.694521744570731926e+03,1.547987309738065733e+03,3.789479842670493781e+03
-2.239341252356467066e+03,1.139745472132396344e+03,3.648944620481753191e+03
-2.729032890728879011e+03,7.034346547094899051e+02,3.418563793198725307e+03
-3.151538751974121624e+03,2.497983091997438123e+02,3.104010084020308113e+03
-3.496455224642838857e+03,-2.099934748601274634e+02,2.713028835445409641e+03
-3.755289179369249723e+03,-6.646190084043274737e+02,2.255247315284095293e+03
-3.921667120803199396e+03,-1.102883787049740022e+03,1.741937671227136434e+03
-3.991492146389712616e+03,-1.513996158132569690e+03,1.185739360580710809e+03
-3.963044832577001671e+03,-1.887833078113817919e+03,6.003478841777116486e+02
-3.837025550599663802e+03,-2.215189400952099732e+03,1.775003611306989193e-01
-3.616537174236314968e+03,-2.488004536793433999e+03,-5.999937385706055011e+02
-3.307008636665456834e+03,-2.699560894777335307e+03,-1.185387852279071694e+03
-2.916061249074064563e+03,-2.844649248862233435e+03,-1.741590752603731744e+03
-2.453321072783226100e+03,-2.919696983137950156e+03,-2.254907102036871038e+03
-1.930181945478900161e+03,-2.922856066630229634e+03,-2.712697501234546507e+03
-1.359524977488485774e+03,-2.854048584640400350e+03,-3.103689709376039900e+03
-7.554014114773284518e+02,-2.714968694937653709e+03,-3.418256230012441847e+03
-1.326866459472492465e+02,-2.509040950161471756e+03,-3.648651419108904065e+03
4.932860621123614351e+02,-2.241336003371120569e+03,-3.789202266178772788e+03
1.107103194483711832e+03,-1.918445765312679896e+03,-3.836448139002817243e+03
1.693650564848325985e+03,-1.548321083609204379e+03,-3.789226039706320080e+03
2.238485551123552796e+03,-1.140075940698824297e+03,-3.648699264325642162e+03
2.728192790224308283e+03,-7.037629951400435857e+02,-3.418328755465864560e+03
3.150714566334866049e+03,-2.501259991162541780e+02,-3.103787853194044601e+03
3.495647749355740416e+03,2.096648044884483966e+02,-2.712822546891295133e+03
3.754499967060526615e+03,6.642877829007003356e+02,-2.255060675631289541e+03
3.920898701881968918e+03,1.102548732194464492e+03,-1.741774783203515426e+03
3.990748165475141832e+03,1.513656543978272111e+03,-1.185604475440208716e+03
3.962330092696902739e+03,1.887488929647389568e+03,-6.002451239839830350e+02
3.836345979216695014e+03,2.214841658515098970e+03,-1.105879354057152097e-01
3.615899729865372592e+03,2.487655173954056409e+03,6.000217373304905095e+02
3.306421152246867678e+03,2.699213010209697131e+03,1.185374801858543378e+03
2.915532186234733672e+03,2.844307128117814500e+03,1.741535753346259753e+03
2.452859168777866671e+03,2.919366103199329245e+03,2.254810802731778949e+03
1.929795760560448116e+03,2.922543014514303650e+03,2.712562369010594921e+03
1.359222373868871955e+03,2.853760874582270390e+03,3.103520206710708408e+03
7.551890099791595503e+02,2.714714485331367996e+03,3.418058860696279226e+03
1.325693133844579847e+02,2.508828676720140265e+03,3.648434621927009175e+03
-4.933056426069699114e+02,2.241173957237440845e+03,3.788976154184003008e+03
-1.107024826146199530e+03,1.918341652695805124e+03,3.836224101106366561e+03
-1.693476683142302136e+03,1.548281606063851768e+03,3.789016237413620729e+03
-2.238221200604994010e+03,1.140106432226014931e+03,3.648516067351851689e+03
-2.727845438352308520e+03,7.038671448784159566e+02,3.418184164528219299e+03
-3.150293775949048722e+03,2.503056780447799667e+02,3.103692956423111355e+03
-3.495164742989413298e+03,-2.094096057076796455e+02,2.712787049279019357e+03
-3.753967122644202846e+03,-6.639589084771902208e+02,2.255092530465753498e+03
-3.920329020780791325e+03,-1.102149720481595978e+03,1.741879942467239971e+03
-3.990154751032933746e+03,-1.513192410144130690e+03,1.185786764209496141e+03
-3.961725671493991285e+03,-1.886965894058744652e+03,6.005062332506425946e+02
-3.835742489235933590e+03,-2.214266844236365159e+03,4.501716992366518455e-01
-3.615307990748923658e+03,-2.487036295473929840e+03,-5.996058807174505318e+02
-3.305850623868397179e+03,-2.698558072389375866e+03,-1.184886487197396946e+03
-2.914990813872693707e+03,-2.843624149886837131e+03,-1.740980128218129948e+03
-2.452353307024959122e+03,-2.918662875516685290e+03,-2.254194050336634518e+03
-1.929330164294127371e+03,-2.921826897208382888e+03,-2.711891411246255757e+03
-1.358800243261319338e+03,-2.853038632649710507e+03,-3.102802419641788219e+03
-7.548120774585521531e+02,-2.713992162553788148e+03,-3.417301809668267651e+03
-1.322379629996510175e+02,-2.508111503360532879e+03,-3.647645819738426781e+03
4.935922297019516236e+02,-2.240466288994522529e+03,-3.788162843524260552e+03
1.107268503517852423e+03,-1.917646939600898577e+03,-3.835393062258186092e+03
1.693680150197993044e+03,-1.547602391890238550e+03,-3.788173623792261878e+03
2.238387795701002688e+03,-1.139444386246864497e+03,-3.647667273968415884e+03
2.727978919498756568e+03,-7.032231276654255225e+02,-3.417333736772533939e+03
3.150398099199405806e+03,-2.496798407109514812e+02,-3.102844547007319306e+03
3.495243853122759447e+03,2.100176937570976747e+02,-2.711943428590144322e+03
3.754024773308323347e+03,6.645501142014376228e+02,-2.254255648818968893e+03
3.920368639385822007e+03,1.102725201408456087e+03,-1.741051031795272138e+03
3.990179354917633191e+03,1.513753489782118322e+03,-1.184966452341799595e+03
3.961737824155280123e+03,1.887513978309026015e+03,-5.996946313886201096e+02
3.835744263578402297e+03,2.214803381722848371e+03,3.530979048337853921e-01
3.615300903693222608e+03,2.487562751937102348e+03,6.004017029824852898e+02
3.305835546172806062e+03,2.699075874025472785e+03,1.185676247319058120e+03
2.914967905077675368e+03,2.844134583670481788e+03,1.741765618492149088e+03
2.452322026224627280e+03,2.919166977621581736e+03,2.254977293461628960e+03
1.929289376460267249e+03,2.922325371642682967e+03,2.712674446197992438e+03
1.358748410511665270e+03,2.853531830048220854e+03,3.103587104217500837e+03
7.547475032678711386e+02,2.714480131132404040e+03,3.418089685425748939e+03
1.321590445933669287e+02,2.508594106377176558e+03,3.648438069608027490e+03
-4.936867890877342120e+02,2.240943367891139587e+03,3.788960352699456507e+03
-1.107379564901671984e+03,1.918118491460211544e+03,3.836196572026922695e+03
-1.693808119911192534e+03,1.548068725535119484e+03,3.788983949282147023e+03
-2.238532726293644373e+03,1.139906223789138721e+03,3.648485543856840650e+03
-2.728140718816341177e+03,7.036816267032102132e+02,3.418161607648505651e+03
-3.150576817419121198e+03,2.501365251644170087e+02,3.103684348205909373e+03
-3.495440004034136564e+03,-2.095610911961948659e+02,2.712798204103649368e+03
-3.754239639967161111e+03,-6.640918798266429803e+02,2.255129080366139988e+03
-3.920604517097102871e+03,-1.102263907077277281e+03,1.741947249382195196e+03
-3.990439697866517236e+03,-1.513288258028375822e+03,1.185889763579843475e+03
-3.962027286755355362e+03,-1.887044705737044978e+03,6.006492222118099562e+02
-3.836068657988636460e+03,-2.214330897863823338e+03,6.365616838125586208e-01
-3.615667106581909138e+03,-2.487088926146986978e+03,-5.993738232927704530e+02
-3.306251356905592729e+03,-2.698603702525762856e+03,-1.184607887411526235e+03
-2.915441818736488131e+03,-2.843668261004044780e+03,-1.740655713224665305e+03
-2.452862889337731758e+03,-2.918711919404614946e+03,-2.253826304940348109e+03
-1.929905927087839473e+03,-2.921888149843438441e+03,-2.711484664992851776e+03
-1.359448734837914799e+03,-2.853119998536487856e+03,-3.102362858292546662e+03
-7.555384601426777635e+02,-2.714101940056867988e+03,-3.416837410065565109e+03
-1.330457183942915265e+02,-2.508258122764733798e+03,-3.647166212152858861e+03
4.927015478934568478e+02,-2.240658034610597497e+03,-3.787679108875544898e+03
1.106295462396644098e+03,-1.917891665633557523e+03,-3.834917472977281250e+03
1.692627572709183141e+03,-1.547907239639213685e+03,-3.787719336570964515e+03
2.237260835495212632e+03,-1.139815508439540963e+03,-3.647247981090162284e+03
2.726785072586479600e+03,-7.036654250189068307e+02,-3.416963281048494537e+03
3.149147147209731429e+03,-2.501967169105310802e+02,-3.102536505104779735e+03
3.493947730672532089e+03,2.094245496307786425e+02,-2.711710669811233402e+03
3.752697351381488261e+03,6.638809044834890756e+02,-2.254109882285712501e+03
3.919025420002839837e+03,1.101982138076179126e+03,-1.741002364685266684e+03
3.988837082255833138e+03,1.512940833440109145e+03,-1.185022994630889571e+03
3.960414035626078658e+03,1.886637980651672478e+03,-5.998621933791232550e+02
3.834456826566633481e+03,2.213872132478652475e+03,7.117719661360331906e-02
3.614067586224532079e+03,2.486585965272314752e+03,6.000046072441202796e+02
3.304673630061932272e+03,2.698064665772410081e+03,1.185165683808339963e+03
2.913893803470683451e+03,2.843101258504602811e+03,1.741145830021134771e+03
2.451350865928693565e+03,2.918124803051062372e+03,2.254255081093363060e+03
1.928434535358551784e+03,2.921288305265035433e+03,2.711859160741807500e+03
1.358021029417393265e+03,2.852514179143113779e+03,3.102690558365713059e+03
7.541560113816140074e+02,2.713496141773933687e+03,3.417125948387676090e+03
1.317087486320360199e+02,2.507657496829602223e+03,3.647423123028400369e+03
-4.939940005347868350e+02,2.240066835804984294e+03,3.787911607487703805e+03
-1.107545358423388052e+03,1.917313234153038593e+03,3.835132267467752172e+03
-1.693837668672259724e+03,1.547344015833547019e+03,3.787922474707504989e+03
-2.238434469930900832e+03,1.139269080068104813e+03,3.647444735769069666e+03
-2.727925948137768501e+03,7.031366059559725272e+02,3.417158079664065099e+03
-3.150259119562541855e+03,2.496856539311254437e+02,3.102732906941447254e+03
-3.495034617351820998e+03,-2.099182489555121833e+02,2.711911392299509771e+03
-3.753762773845031461e+03,-6.643580341993671254e+02,2.254316870631173970e+03
-3.920072689054801231e+03,-1.102443762112264494e+03,1.741216890234637049e+03
-3.989869127910191310e+03,-1.513388177362846591e+03,1.185245756501218239e+03
-3.961433367497156269e+03,-1.887072360723506335e+03,6.000933905666130386e+02
-3.835465495361826470e+03,-2.214294919752042006e+03,1.681746940534834811e-01
-3.615067120566573067e+03,-2.486998556922287207e+03,-5.997578725868085030e+02
-3.305664957761803635e+03,-2.698468428721509554e+03,-1.184912813260529674e+03
-2.914877199952452429e+03,-2.843497439706906789e+03,-1.740888455489484386e+03
-2.452325969335381615e+03,-2.918514433364056458e+03,-2.253995062241346204e+03
-1.929400442487677083e+03,-2.921672130994658801e+03,-2.711598399224722925e+03
-1.358976462723391251e+03,-2.852892645280695888e+03,-3.102430828057470080e+03
-7.550995302568926490e+02,-2.713869436632769975e+03,-3.416868779360989265e+03
-1.326389675178483287e+02,-2.508025653487254203e+03,-3.647169764828651296e+03
4.930782284327801790e+02,-2.240429873003183729e+03,-3.787663081380589119e+03
1.106644829045973211e+03,-1.917671309861846794e+03,-3.834889499713269288e+03
1.692952812658407311e+03,-1.547697562127861829e+03,-3.787686486362289997e+03
2.237565445169016130e+03,-1.139618889400709577e+03,-3.647216852247700899e+03
2.727072829927217299e+03,-7.034838459482525650e+02,-3.416940117609667141e+03
3.149422161475344183e+03,-2.500317994313955410e+02,-3.102527298226436869e+03
3.494214543149099882e+03,2.095715638803168588e+02,-2.711721214819680881e+03
3.752961055098205179e+03,6.640092275347362829e+02,-2.254145771826678356e+03
3.919291766254105823e+03,1.102091549786600808e+03,-1.741068909739433138e+03
3.989112545536366724e+03,1.513031817828086560e+03,-1.185125076247571997e+03
3.960705815510039884e+03,1.886711863777960161e+03,-6.000040574816240451e+02
3.834772773712640173e+03,2.213931201460295597e+03,-1.138375856163208466e-01
3.614416049112731798e+03,2.486633550622098028e+03,5.997742075552317829e+02
3.305063227975086193e+03,2.698105173528168052e+03,1.184889043752029011e+03
2.914333138858170969e+03,2.843140144126966334e+03,1.740823682848430735e+03
2.451848194703993158e+03,2.918168484857694693e+03,2.253889904449869391e+03
1.928997416541088114e+03,2.921344020669568181e+03,2.711455264445140983e+03
1.358655975666609493e+03,2.852589791330983644e+03,3.102254097065658698e+03
7.548681597359068292e+02,2.713599907309670016e+03,3.416664858125198862e+03
1.325015668932753101e+02,2.507797805773512209e+03,3.646946985689447956e+03
-4.931189609155906624e+02,2.240251935401429819e+03,3.787431450342814060e+03
-1.106588656205909047e+03,1.917550945548449363e+03,3.834660306136674535e+03
-1.692802109502174744e+03,1.547641451287079917e+03,3.787471807339388761e+03
-2.237325182751741067e+03,1.139632366699174099e+03,3.647028994838428844e+03
-2.726750397432572299e+03,7.035706218151619851e+02,3.416791046678712974e+03
-3.149027047633323491e+03,2.501937836114674099e+02,3.102428095871967798e+03
-3.493757909469894003e+03,-2.093343291788418128e+02,2.711681610505554090e+03
-3.752455239767621151e+03,-6.636985281171789666e+02,2.254173772027017094e+03
-3.918749758967292109e+03,-1.101710865483759335e+03,1.741170544114180757e+03
-3.988547470840692768e+03,-1.512586112244165861e+03,1.185304265581962454e+03
-3.960130456375008180e+03,-1.886207319567232389e+03,6.002625981703704383e+02
-3.834199159146396596e+03,-2.213374923978970855e+03,4.514890212563690275e-01
-3.613855120815354439e+03,-2.486033261504742768e+03,-5.993595520345370460e+02
-3.304524592269321602e+03,-2.697468912650607308e+03,-1.184401124640161697e+03
-2.913824902486162955e+03,-2.842475994039100442e+03,-1.740267603325822392e+03
-2.451376877216071989e+03,-2.917484326920583044e+03,-2.253271840461990450e+03
-1.928567928497276171e+03,-2.920647327456125822e+03,-2.710782172181615806e+03
-1.358271650757326370e+03,-2.851887456081381060e+03,-3.101533429326000714e+03
-7.545308300020097931e+02,-2.712898108816441436e+03,-3.415904296504364083e+03
-1.322116727558021125e+02,-2.507101906226741448e+03,-3.646154192056684224e+03
4.933622310091637360e+02,-2.239566409357703833e+03,-3.786613839358222776e+03
1.106787199194150844e+03,-1.916879339772111507e+03,-3.833824840743728601e+03
1.692958715884885123e+03,-1.546986377068570619e+03,-3.786624821117447482e+03
2.237443322487208206e+03,-1.138995527322266753e+03,-3.646176047785178525e+03
2.726833989975397344e+03,-7.029528774032413594e+02,-3.415936823326437207e+03
3.149080227472010392e+03,-2.495952529002360620e+02,-3.101576354896392786e+03
3.493784803351044502e+03,2.099141353324074544e+02,-2.710835192059411384e+03
3.752459774499973719e+03,6.642605530300335204e+02,-2.253334661851327837e+03
3.918735516836403349e+03,1.102256350896935146e+03,-1.740339981947262913e+03
3.988517600753391889e+03,1.513116463843001839e+03,-1.184482869929293656e+03
3.960087630228208582e+03,1.886724016422800105e+03,-5.994504643559445185e+02
3.834145538091828257e+03,2.213879478081599245e+03,3.517793281208232981e-01
3.613792290268806937e+03,2.486527196310314594e+03,6.001548670923372129e+02
3.304453467864078448e+03,2.697953708494395414e+03,1.185189913947923969e+03
2.913745661928093796e+03,2.842952985308456391e+03,1.741051714566250439e+03
2.451288972412871317e+03,2.917954585527265408e+03,2.254053356164522938e+03
1.928470197280646062e+03,2.921111578020210800e+03,2.711563185743933900e+03
1.358162516007954764e+03,2.852346053792817656e+03,3.102315839358546327e+03
7.544085527398858630e+02,2.713351091873938003e+03,3.416689666305812807e+03
1.320746132081713711e+02,2.507549116685333956e+03,3.646943704794719451e+03
-4.935153937439449123e+02,2.240007660848748401e+03,3.787408359414058395e+03
-1.106957332031327041e+03,1.917314599933919908e+03,3.834625070345453878e+03
-1.693146209873793850e+03,1.547415928252997219e+03,3.787431522451572619e+03
-2.237648193209839519e+03,1.139420071744291590e+03,3.646990287668506880e+03
-2.727056088191774052e+03,7.033735615143673385e+02,3.416760192190644375e+03
-3.149319529104190224e+03,2.500135987949894059e+02,3.102411115031156896e+03
-3.494041734236625871e+03,-2.094963884173272675e+02,2.711684321105961317e+03
-3.752735519033693890e+03,-6.638416786320169649e+02,2.254201775219508818e+03
-3.919032262461796563e+03,-1.101834904677740724e+03,1.741229140526107130e+03
-3.988838683660715105e+03,-1.512691550933399185e+03,1.185398305248160113e+03
-3.960437573205035733e+03,-1.886295514203965695e+03,6.003962771920040495e+02
-3.834530004671340066e+03,-2.213448188936152746e+03,6.281122148123470250e-01
-3.614217994000393901e+03,-2.486094944756826408e+03,-5.991378195160651785e+02
-3.304928040529911414e+03,-2.697523422419314102e+03,-1.184133492850540733e+03
-2.914277438774759958e+03,-2.842528769193676908e+03,-1.739954858135723043e+03
-2.451886657996812573e+03,-2.917541749448544124e+03,-2.252916491147448596e+03
-1.929142413041845430e+03,-2.920716580418098147e+03,-2.710388533414896756e+03
-1.358917262144595270e+03,-2.851976334534702346e+03,-3.101107631143765047e+03
-7.552526359210038436e+02,-2.713014793740134792e+03,-3.415454221627452625e+03
-1.330131004291283432e+02,-2.507254712403219855e+03,-3.645689344597073614e+03
4.924796358851328932e+02,-2.239763517511866212e+03,-3.786145151790798536e+03
1.105823963587371509e+03,-1.917128521573559283e+03,-3.833364426940599515e+03
1.691917577382061836e+03,-1.547294719492800596e+03,-3.786185682361488034e+03
2.236329311528876133e+03,-1.139369161254286382e+03,-3.645771736893198522e+03
2.725654452512775151e+03,-7.033967150087094069e+02,-3.415581070327291854e+03
3.147844781559610510e+03,-2.501127397467515152e+02,-3.101282657621153248e+03
3.492505220495343565e+03,2.093212441050164045e+02,-2.710616377641213603e+03
3.751149775832302566e+03,6.635923785370252972e+02,-2.253202431465537302e+03
3.917410477519241340e+03,1.101515019420644194e+03,-1.740304461452024725e+03
3.987194166074123586e+03,1.512306156436852689e+03,-1.184552202986227712e+03
3.958783266128733885e+03,1.885850918975408376e+03,-5.996304980811024734e+02
3.832878064068072035e+03,2.212951629498513284e+03,5.767115670077376660e-02
3.612579448440806573e+03,2.485554270958461530e+03,5.997458308981624668e+02
3.303312538431070607e+03,2.696946791229943756e+03,1.184667611923949380e+03
2.912693081988627910e+03,2.841924361349537321e+03,1.740420339594769530e+03
2.450339914958901318e+03,2.916917518577279679e+03,2.253319663604509969e+03
1.927638101233544830e+03,2.920080039851055972e+03,2.710736494805380971e+03
1.357458588387984719e+03,2.851334383378405619e+03,3.101407952938249764e+03
7.538412837365398218e+02,2.712373581477147582e+03,3.415714670078403742e+03
1.316493556071028195e+02,2.506619540299386699e+03,3.645917624101477486e+03
-4.937967280732498807e+02,2.239138775370803160e+03,3.786348673873240386e+03
-1.107096414422244834e+03,1.916517659285229229e+03,3.833550108256170915e+03
-1.693148248520613606e+03,1.546700253788281998e+03,3.786359776274400247e+03
-2.237521692491296562e+03,1.138792718264603081e+03,3.645939704613118920e+03
-2.726812430522732029e+03,7.028391081115279349e+02,3.415747498355166499e+03
-3.148972415887462830e+03,2.495740794316874656e+02,3.101451227122528962e+03
-3.493606536194170531e+03,-2.098414157141109229e+02,2.710789887600342809e+03
-3.752228592265039879e+03,-6.640949407325631455e+02,2.253382870609001202e+03
-3.918470283538696094e+03,-1.102001130318016294e+03,1.740493114042092202e+03
-3.988238044552861538e+03,-1.512777134307712913e+03,1.184749761460781201e+03
-3.959813854193136649e+03,-1.886308164352338963e+03,5.998371454603163784e+02
-3.833897516776431075e+03,-2.213396588602001430e+03,1.577621316814800390e-01
-3.613589374892769683e+03,-2.485988410521838432e+03,-5.995224182800903918e+02
-3.304313918929748979e+03,-2.697371543009516245e+03,-1.184437518642597070e+03
-2.913686214095065679e+03,-2.842341028474265386e+03,-1.740185262648373055e+03
-2.451324431066822854e+03,-2.917327174288100650e+03,-2.253081531210847061e+03
-1.928613071037389318e+03,-2.920483455760581819e+03,-2.710497270051771011e+03
-1.358422694749419861e+03,-2.851732012152654988e+03,-3.101169455498670231e+03
-7.547930436356149357e+02,-2.712765603417416514e+03,-3.415478454737904940e+03
-1.325873474332934734e+02,-2.507005968628055143e+03,-3.645684941844455807e+03
4.928736731683485459e+02,-2.239519602073919486e+03,-3.786120524931216096e+03
1.106189095100518898e+03,-1.916893013857575397e+03,-3.833327378532731927e+03
1.692257076076668000e+03,-1.547070542734403261e+03,-3.786143431717973726e+03
2.236646783188741210e+03,-1.139158714806396347e+03,-3.645731005743788501e+03
2.725953797500926612e+03,-7.032019688628109861e+02,-3.415548191472779308e+03
3.148130232930580405e+03,-2.499352767234794896e+02,-3.101263671224923200e+03
3.492781432723834769e+03,2.094802429899475555e+02,-2.710617086120526892e+03
3.751421933198565057e+03,6.637322004864728342e+02,-2.253228393734376368e+03
3.917684390867008005e+03,1.101635525481031209e+03,-1.740360918279238376e+03
3.987476330414170661e+03,1.512407908656831069e+03,-1.184643936142575058e+03
3.959080858299109877e+03,1.885935309179979186e+03,-5.997616351537585615e+02
3.833198868184468665e+03,2.213020990007682940e+03,-1.161125939818134917e-01
3.612931705996202709e+03,2.485611950191184860e+03,5.995272857558168198e+02
3.303704728568313385e+03,2.696997181369410555e+03,1.184403550511182630e+03
2.913133644685946365e+03,2.841972870608497942e+03,1.740111564995565686e+03
2.450836934930451207e+03,2.916970486212357628e+03,2.252968683135399260e+03
1.928198972807001837e+03,2.920144597248816353e+03,2.710347601871300412e+03
1.358089681456127664e+03,2.851418268571111184e+03,3.100987238098015951e+03
7.545476285068261859e+02,2.712484916912142126e+03,3.415269960715997968e+03
1.324343599865553358e+02,2.506766584444750151e+03,3.645458356584835656e+03
-4.929315189019579861e+02,2.239329657979098556e+03,3.785885704663791330e+03
-1.106151510380060699e+03,1.916760108434088806e+03,3.833095471074790566e+03
-1.692126355242020963e+03,1.547001320932025919e+03,3.785926391450799656e+03
-2.236427796651166773e+03,1.139158506371853264e+03,3.645541045187414966e+03
-2.725653824836454078e+03,7.032745081482670457e+02,3.415397216453087822e+03
-3.147758656369008804e+03,2.500825223646018856e+02,3.101162744944833776e+03
-3.492349322603176461e+03,-2.092581809675665738e+02,2.710575960812375342e+03
-3.750941563240693995e+03,-6.634370289552264239e+02,2.253255138444515069e+03
-3.917168722632202844e+03,-1.101270643256378889e+03,1.740461659824757589e+03
-3.986938503647686048e+03,-1.511978205863365019e+03,1.184822718690371858e+03
-3.958533718169878739e+03,-1.885446911998656560e+03,6.000203936743984059e+02
-3.832654552698176303e+03,-2.212480972881889102e+03,4.547472438704560083e-01
-3.612401308263713872e+03,-2.485028036245730618e+03,-5.991107527480799035e+02
-3.303198040201653839e+03,-2.696377448759327763e+03,-1.183912756593180347e+03
-2.912658979294699748e+03,-2.841325478269141513e+03,-1.739551548773649529e+03
-2.450401025276608379e+03,-2.916303427859072144e+03,-2.252345604439455656e+03
-1.927806932034093052e+03,-2.919465488104596716e+03,-2.709668455423629894e+03
-1.357745018038384160e+03,-2.850734165919264797e+03,-3.100259571395895364e+03
-7.542523057767261889e+02,-2.711802173520834003e+03,-3.414501602615617685e+03
-1.321888936368463874e+02,-2.506090733446607373e+03,-3.644657160182242933e+03
4.931279291099839384e+02,-2.238665328641119686e+03,-3.785059306886535978e+03
1.106300816386424231e+03,-1.916110974001324166e+03,-3.832251072220091828e+03
1.692231465284402930e+03,-1.546370081457835113e+03,-3.785070560206408572e+03
2.236492351983240951e+03,-1.138546910339236547e+03,-3.644679557695948461e+03
2.725681956043133596e+03,-7.026834157655397348e+02,-3.414534940218521115e+03
3.147754732252318718e+03,-2.495120103196216235e+02,-3.100303578492624183e+03
3.492317709847576680e+03,2.098086788147602135e+02,-2.709722836592151452e+03
3.750886417934287692e+03,6.639685572035123187e+02,-2.252410088835838451e+03
3.917093832911180471e+03,1.101784556239844505e+03,-1.739625933948671218e+03
3.986847193743355092e+03,1.512476019772635937e+03,-1.183996921129489920e+03
3.958428804699153716e+03,1.885930204181504905e+03,-5.992045976692787690e+02
3.832538315315309319e+03,2.212951339681588706e+03,3.514674818925958011e-01
3.612275425644219467e+03,2.485487077747396143e+03,5.999083325469543979e+02
3.303063490716453998e+03,2.696826717828278561e+03,1.184703183469062651e+03
2.912515968777334365e+03,2.841766373634286538e+03,1.740336742562413519e+03
2.450249001186210535e+03,2.916737071021858810e+03,2.253127725908082084e+03
1.927644702281724449e+03,2.919892634092579101e+03,2.710449669492403245e+03
1.357570960091170946e+03,2.851155179996655534e+03,3.101041831115999230e+03
7.540646308504798299e+02,2.712217085496765321e+03,3.415286501833197690e+03
1.319859185336119936e+02,2.506499362721909165e+03,3.645445885690931391e+03
-4.933475531720092135e+02,2.239067457582557381e+03,3.785852700315689162e+03
-1.106537961974091104e+03,1.916506536496996205e+03,3.833049790066914738e+03
-1.692486503177741270e+03,1.546759329308466704e+03,3.785875301276915252e+03
-2.236765250834946983e+03,1.138930522867306991e+03,3.645491313826362330e+03
-2.725972494798901153e+03,7.030625269339190027e+02,3.415355220914468191e+03
-3.148062793599874567e+03,2.498881409380589957e+02,3.101134563373186666e+03
-3.492643609059815390e+03,-2.094337806316143258e+02,2.710567420863896587e+03
-3.751231215062042338e+03,-6.635931484996804102e+02,2.253271804963374052e+03
-3.917459579036684772e+03,-1.101407172015787864e+03,1.740508755720779163e+03
-3.987237075426135107e+03,-1.512095743448861413e+03,1.184904983056910851e+03
-3.958847176984358612e+03,-1.885546890265581396e+03,6.001418895703912995e+02
-3.832990650635598740e+03,-2.212565758800812091e+03,6.186377174538316703e-01
-3.612768225632438316e+03,-2.485100999864499045e+03,-5.989024384138268715e+02
-3.303604167637753108e+03,-2.696442984620269272e+03,-1.183659343707964126e+03
-2.913112646771304753e+03,-2.841388973730587622e+03,-1.739253904406205947e+03
-2.450910195189764181e+03,-2.916371177056207216e+03,-2.252006274155698065e+03
-1.928378875520392512e+03,-2.919544555064619090e+03,-2.709291738274999716e+03
-1.358385993370838833e+03,-2.850832204015743173e+03,-3.099851527619507124e+03
-7.549672551685059716e+02,-2.711927210627767181e+03,-3.414069993940314816e+03
-1.329811710677891767e+02,-2.506250932679854941e+03,-3.644211326650070987e+03
4.922567906638541899e+02,-2.238868733692230762e+03,-3.784609986438641499e+03
1.105351293441251073e+03,-1.916365246204034747e+03,-3.831810169532162035e+03
1.691206185241521325e+03,-1.546682233708157355e+03,-3.784650870018763726e+03
2.235396184573663504e+03,-1.138923041574578292e+03,-3.644294445725466630e+03
2.724522049953011447e+03,-7.031284497796964388e+02,-3.414197983099706107e+03
3.146540488762738732e+03,-2.500294446408045985e+02,-3.100028164266169370e+03
3.491060682235442073e+03,2.092170044108158322e+02,-2.709521730352854775e+03
3.749600124359481470e+03,6.633026578038737853e+02,-2.252294975022789913e+03
3.915793473864593125e+03,1.101046444425891877e+03,-1.739606957701408874e+03
3.985549275198920441e+03,1.511669769362072884e+03,-1.184082266313812170e+03
3.957150688309378893e+03,1.885061911106007301e+03,-5.994001560199876621e+02
3.831297746083689617e+03,2.212028972340383461e+03,4.228094003871123163e-02
3.611090098751103596e+03,2.484520253474027868e+03,5.994846193381284820e+02
3.301950670606632684e+03,2.695826474183436858e+03,1.184166548486747615e+03
2.911492110105941265e+03,2.840744961883625820e+03,1.739691312555733703e+03
2.449329323653553729e+03,2.915707739958906586e+03,2.252380193420049181e+03
1.926842711404832698e+03,2.918869362827244458e+03,2.709609307067394184e+03
1.356897937418149240e+03,2.850152336734073742e+03,3.100120420954285237e+03
7.535291362967777786e+02,2.711249010073133377e+03,3.414298140584944122e+03
1.315933579474186104e+02,2.505579889146664755e+03,3.644406642768165511e+03
-4.935952411575886458e+02,2.238209407996534537e+03,3.784780130024379105e+03
-1.106642454708232663e+03,1.915721227904768057e+03,3.831962320540850669e+03
-1.692453050562306544e+03,1.546056137440387602e+03,3.784791542660040250e+03
-2.236602434182229445e+03,1.138316543318447884e+03,3.644429341145593753e+03
-2.725691805533183469e+03,7.025423632360514148e+02,3.414331891332887153e+03
-3.147678069408641932e+03,2.494638346040328827e+02,3.100164922949089032e+03
-3.492170379064599274e+03,-2.097626795115037055e+02,2.709664243346218882e+03
-3.750686011556302674e+03,-6.638293873310344679e+02,2.252445286630139435e+03
-3.916859270388341884e+03,-1.101555509095207526e+03,1.739766367562073128e+03
-3.986598261938074302e+03,-1.512162608680465610e+03,1.184251456500562654e+03
-3.958185667959938655e+03,-1.885540035446607135e+03,5.995792881790871434e+02
-3.832321010167864188e+03,-2.212493925017900892e+03,1.464627355786562168e-01
-3.612103363177925075e+03,-2.484973591063412641e+03,-5.992871129878275269e+02
-3.302954987197214450e+03,-2.696269713075857453e+03,-1.183961643144494474e+03
-2.912487809571597154e+03,-2.841179479564497797e+03,-1.739480788045248801e+03
-2.450316036581801200e+03,-2.916134667043236277e+03,-2.252166065584614898e+03
-1.927819479106826520e+03,-2.919289507195800070e+03,-2.709393617976703354e+03
-1.357863398783060575e+03,-2.850566165558415378e+03,-3.099905050122412376e+03
-7.544817605481756573e+02,-2.711656698810836133e+03,-3.414084676889525781e+03
-1.325316830263313364e+02,-2.505981431492947195e+03,-3.644196342932310017e+03
4.926724080549325322e+02,-2.238604767690302197e+03,-3.784573972654678073e+03
1.105735913303194820e+03,-1.916110503687139271e+03,-3.831761146328062296e+03
1.691563187039356308e+03,-1.546439708086680639e+03,-3.784596254212669010e+03
2.235729313206155439e+03,-1.138695161446053589e+03,-3.644241123391145720e+03
2.724835364152005241e+03,-7.029171742578703288e+02,-3.414152407872662025e+03
3.146838384146420594e+03,-2.498363094134854805e+02,-3.099996446395002295e+03
3.491347964404374579e+03,2.093908949644679467e+02,-2.709509688178574379e+03
3.749882102311804829e+03,6.634566878585357017e+02,-2.252308130010816058e+03
3.916076043684437082e+03,1.101180581368556886e+03,-1.739650464929740338e+03
3.985838967634125765e+03,1.511784679035141380e+03,-1.184160782812587740e+03
3.957454660422734833e+03,1.885159074608935498e+03,-5.995176583378032547e+02
3.831623705437911212e+03,2.212110785754478911e+03,-1.172880201749505052e-01
3.611446157400785069e+03,2.484590094426911492e+03,5.992810249315932651e+02
3.302345134409456477e+03,2.695888723397054946e+03,1.183918306633057909e+03
2.911933215622742864e+03,2.840804972996600554e+03,1.739399320641895883e+03
2.449824939420463124e+03,2.915771756264401120e+03,2.252047002033807530e+03
1.927400022367527754e+03,2.918944384336752591e+03,2.709239193880152925e+03
1.357523130741887144e+03,2.850245944547798899e+03,3.099719399374239401e+03
7.542271042198934765e+02,2.711369157037347577e+03,3.413873903078819239e+03
1.323674294955950757e+02,2.505734666090279461e+03,3.643968442558588777e+03
-4.927435317226065195e+02,2.238406793804132121e+03,3.784338606728437753e+03
-1.105713557943659225e+03,1.915968829851700775e+03,3.831529275265635533e+03
-1.691449546991177840e+03,1.546360926479265345e+03,3.784379666632937642e+03
-2.235529130451831861e+03,1.138684588168866412e+03,3.644051900124720760e+03
-2.724555775156207801e+03,7.029785678824092656e+02,3.414002367136491557e+03
-3.146488628703902577e+03,2.499716862651291365e+02,3.099896614574134219e+03
-3.490938986856498559e+03,-2.091813409773884871e+02,2.709469834213307877e+03
-3.749426081756788335e+03,-6.631745632152830012e+02,2.252336391590226413e+03
-3.915585891280472879e+03,-1.100829179402192949e+03,1.739753083445726361e+03
-3.985327826579138218e+03,-1.511368791630533224e+03,1.184341952780756856e+03
-3.956935438613067163e+03,-1.884684749254701956e+03,5.997794870917828121e+02
-3.831108663333844106e+03,-2.211585048988888047e+03,4.598536224207225298e-01
-3.610946565358181942e+03,-2.484020661381460741e+03,-5.988595347638397470e+02
-3.301871005742393208e+03,-2.695283710168434936e+03,-1.183421394260467196e+03
-2.911493114893544771e+03,-2.840172624512651510e+03,-1.738831936327488620e+03
-2.449425860551219557e+03,-2.915120197985166669e+03,-2.251415277053833961e+03
-1.927047328556471712e+03,-2.918281402179520228e+03,-2.708550162444437774e+03
-1.357220547753556502e+03,-2.849578794504182497e+03,-3.098980718863462243e+03
-7.539767600607640361e+02,-2.710704404408030314e+03,-3.413093578536338100e+03
-1.321699359569047942e+02,-2.505078054208132471e+03,-3.643154559156955202e+03
4.928889576253409359e+02,-2.237763143314620265e+03,-3.783499073520306865e+03
1.105808933112617979e+03,-1.915341971451315658e+03,-3.830671584984266701e+03
1.691497922853022601e+03,-1.545753671711275729e+03,-3.783510679206239729e+03
2.235534358749201147e+03,-1.138098743392481765e+03,-3.643177660798484794e+03
2.724522247646949381e+03,-7.024149951915204610e+02,-3.413127972425415010e+03
3.146421005699239686e+03,-2.494304113737339321e+02,-3.099026138997123780e+03
3.490841935213334637e+03,2.097009797023124804e+02,-2.708606326937308950e+03
3.749304046020808073e+03,6.636737376710464105e+02,-2.251481943859228522e+03
3.915442919913278274e+03,1.101309387121307736e+03,-1.738908955030855168e+03
3.985167466307074847e+03,1.511831690696360965e+03,-1.183508728112856488e+03
3.956760690022342715e+03,1.885132043258522799e+03,-5.989572093672088613e+02
3.830921957630837369e+03,2.212018441263979639e+03,3.519266720525514036e-01
3.610749702364492805e+03,2.484441848652284534e+03,5.996618040236759271e+02
3.301665047567767033e+03,2.695694337789353085e+03,1.184215700703186712e+03
2.911278308544181527e+03,2.840574174485558160e+03,1.739620289042483819e+03
2.449201655054251205e+03,2.915513857520008514e+03,2.252199934011962341e+03
1.926812502637087164e+03,2.918667969061319127e+03,2.709333377978636236e+03
1.356973430841540448e+03,2.849958652458306460e+03,3.099764515318031499e+03
7.537155095049839701e+02,2.711077579592127677e+03,3.413879590930444010e+03
1.318928214007603401e+02,2.505444345129226804e+03,3.643943983783976819e+03
-4.931833147280322009e+02,2.238122300722915952e+03,3.784292730361464692e+03
-1.106121409885150115e+03,1.915693893974454795e+03,3.831470081592080533e+03
-1.691828864991161709e+03,1.546098578818059423e+03,3.784314644165227037e+03
-2.235883679118779128e+03,1.138437290223783293e+03,3.643988001359549799e+03
-2.724889640489842350e+03,7.027483029595016433e+02,3.413946105612599240e+03
-3.146806243786867071e+03,2.497600006901665779e+02,3.099854148942162738e+03
-3.491245203136526925e+03,-2.093733493268229040e+02,2.709447012766713215e+03
-3.749726256258838475e+03,-6.633463029855018931e+02,2.252338740679417697e+03
-3.915885961045976273e+03,-1.100980657851359410e+03,1.739785733811616183e+03
-3.985634345958696485e+03,-1.511500724131333982e+03,1.184409507599004428e+03
-3.957255561707550441e+03,-1.884798668064756839e+03,5.998858436088601138e+02
-3.831450061837111207e+03,-2.211683393902429088e+03,6.079960287522381268e-01
-3.611317280289931659e+03,-2.484106837565748265e+03,-5.986677504915987811e+02
-3.302279239138582852e+03,-2.695362102585658249e+03,-1.183185442394527627e+03
-2.911946973564973177e+03,-2.840248563242484124e+03,-1.738552791283051874e+03
-2.449933067992928954e+03,-2.915199873711811051e+03,-2.251095536114291463e+03
-1.927614922601094122e+03,-2.918371735484789951e+03,-2.708194111540662107e+03
-1.357854580816965608e+03,-2.849687265779905374e+03,-3.098594337037422974e+03
-7.546820161373392466e+02,-2.710838852880308423e+03,-3.412684481566169779e+03
-1.329496748249455891e+02,-2.505246454660255040e+03,-3.642731886167098310e+03
4.920332224573385247e+02,-2.237973367869507456e+03,-3.783073321958234828e+03
1.104877619120828058e+03,-1.915601541796155743e+03,-3.830254398925736496e+03
1.690493523605646487e+03,-1.546069505151420799e+03,-3.783114594102688443e+03
2.234461546184519193e+03,-1.138476895050004714e+03,-3.642815805350322080e+03
2.723387925441731568e+03,-7.028603991640112554e+02,-3.412813726538356605e+03
3.145234303579168227e+03,-2.499466262699620813e+02,-3.098772747158758648e+03
3.489614130455222949e+03,2.091120109886747116e+02,-2.708426469896508479e+03
3.748048397151140307e+03,6.630118983832697950e+02,-2.251387278971528303e+03
3.914174400840131966e+03,1.100576545887081920e+03,-1.738909647139664457e+03
3.983902399171140587e+03,1.511031783241169478e+03,-1.183613009018225512e+03
3.955516295695300869e+03,1.884271048315615644e+03,-5.991710246820257453e+02
3.829715876450474298e+03,2.211104235060483916e+03,2.511430802827107830e-02
3.609599557663560972e+03,2.483483972738092234e+03,5.992210446814226543e+02
3.300588070044995675e+03,2.694703764044708350e+03,1.183662529980036652e+03
2.910290960320031445e+03,2.839563103190650054e+03,1.738958750744616964e+03
2.448319199266007672e+03,2.914495508625038383e+03,2.251436639800019748e+03
1.926048513065955603e+03,2.917656319077240823e+03,2.708477537379345904e+03
1.356339268083088427e+03,2.848968092968954807e+03,3.098827877142957277e+03
7.532198085450934286e+02,2.710122495812394391e+03,3.412876254884789887e+03
1.315410454589072629e+02,2.504538631748913303e+03,3.642890060615592574e+03
-4.933891985120023378e+02,2.237278847676311671e+03,3.783205851378669195e+03
-1.106183086795132795e+03,1.914924084750510247e+03,3.830368781527036390e+03
-1.691751632871094444e+03,1.545411846845299124e+03,3.783217661228120051e+03
-2.235676206984123382e+03,1.137840774368965867e+03,3.642913551438134164e+03
-2.724563543970381488e+03,7.022466323106690425e+02,3.412911191769214838e+03
-3.146375516186476943e+03,2.493552237529142985e+02,3.098873962492235478e+03
-3.490725555059587805e+03,-2.096816927110772895e+02,2.708534469254675514e+03
-3.749134422734543932e+03,-6.635609847222639246e+02,2.251504175207424396e+03
-3.915239032038877667e+03,-1.101106470954651968e+03,1.739036757202279205e+03
-3.984949163458944440e+03,-1.511544139519762211e+03,1.183750999065555561e+03
-3.956548202349417352e+03,-1.884767484473050445e+03,5.993200278228879370e+02
-3.830735388528406475e+03,-2.211586415010544442e+03,1.345391260519055443e-01
-3.610608527532342123e+03,-2.483953564330308836e+03,-5.990516385317290542e+02
-3.301587643350711005e+03,-2.695162389842178527e+03,-1.183484812800755890e+03
-2.911281515147048140e+03,-2.840012235384714131e+03,-1.738774603391676919e+03
-2.449300371794357943e+03,-2.914936352623970379e+03,-2.251248185463371101e+03
-1.927019318662130672e+03,-2.918089732701855155e+03,-2.708286915507997492e+03
-1.357298301073340781e+03,-2.849394567765669308e+03,-3.098637042405530792e+03
-7.541654885708788925e+02,-2.710542208850715724e+03,-3.412686841516188906e+03
-1.324718685633480675e+02,-2.504951560933839573e+03,-3.642703337938105960e+03
4.924744488951161543e+02,-2.237684930330980478e+03,-3.783022778954381010e+03
1.105285208729117812e+03,-1.915323389615240558e+03,-3.830190153609461049e+03
1.690870981678946009e+03,-1.545804725355380469e+03,-3.783044312688969512e+03
2.234812786791334020e+03,-1.138227959115549083e+03,-3.642746584736981276e+03
2.723717203653064189e+03,-7.026292586191044620e+02,-3.412752179017020808e+03
3.145546219951644161e+03,-2.497347629189549423e+02,-3.098725079634667509e+03
3.489913684562664002e+03,2.093035850844758272e+02,-2.708398530219657914e+03
3.748341061998405166e+03,6.631826870824362459e+02,-2.251384551115304930e+03
3.914466189721075352e+03,1.100726650162952637e+03,-1.738937187309490810e+03
3.984199900051200075e+03,1.511162001550104833e+03,-1.183675324874602438e+03
3.955826654614088966e+03,1.884382978313906960e+03,-5.992719083925495624e+02
3.830046719372582629e+03,2.211200359298808507e+03,-1.172177096936236895e-01
3.609958848618528464e+03,2.483567713565599206e+03,5.990355008283319194e+02
3.300983911102282036e+03,2.694779497081708996e+03,1.183433321124274244e+03
2.910731345055355177e+03,2.839636123641200356e+03,1.738686897052020868e+03
2.448811735275251976e+03,2.914571949699171000e+03,2.251124752714933493e+03
1.926600130423938026e+03,2.917743026033108436e+03,2.708129883168119250e+03
1.356955929677734503e+03,2.849072459313798390e+03,3.098450382053848898e+03
7.539062353779806926e+02,2.710252269569201417e+03,3.412476452444978804e+03
1.323004662928105404e+02,2.504701699540990830e+03,3.642476984569385877e+03
-4.925552673502212429e+02,2.237483002952767492e+03,3.782789878722243884e+03
-1.105275028024473841e+03,1.915176784561632758e+03,3.829961429280198900e+03
-1.690771878240854676e+03,1.545719959971306935e+03,3.782831338517868517e+03
-2.234629345921120148e+03,1.138210323208527598e+03,3.642561266422751487e+03
-2.723456382849702550e+03,7.026825322888273604e+02,3.412606212079959732e+03
-3.145217076529722362e+03,2.498610271895010158e+02,3.098629429475741745e+03
-3.489526996491576028e+03,-2.091040367918388085e+02,2.708362970965556542e+03
-3.747908877001813380e+03,-6.629113384499656831e+02,2.251417290877827782e+03
-3.914001339157005532e+03,-1.100386662340849853e+03,1.739044596645003139e+03
-3.983715511655086175e+03,-1.510758040113694506e+03,1.183861774372885293e+03
-3.955335692795758860e+03,-1.883920985729971790e+03,5.995397118614907868e+02
-3.829561574583040056e+03,-2.210687292626541421e+03,4.666700058348731139e-01
-3.609490989460241508e+03,-2.483011265742457908e+03,-5.986060070098732240e+02
-3.300543605433554148e+03,-2.694187817260593420e+03,-1.182927117287149940e+03
-2.910327450200832573e+03,-2.839017548231446654e+03,-1.738108817142058342e+03
-2.448451553251137739e+03,-2.913934751812659670e+03,-2.250480882667859532e+03
-1.926289322063961663e+03,-2.917095187610175344e+03,-2.707427293469166671e+03
-1.356698481614569346e+03,-2.848421467860232042e+03,-3.097696851436354791e+03
-7.537044754824584061e+02,-2.709604940488943157e+03,-3.411680188019579873e+03
-1.321551255924009354e+02,-2.504064025503517314e+03,-3.641646342251865008e+03
4.926449461172018118e+02,-2.236860033299301449e+03,-3.781933088332464195e+03
1.105311134220929716e+03,-1.914572539726273590e+03,-3.829086330910525703e+03
1.690757629859714370e+03,-1.545137387476541335e+03,-3.781945140315690423e+03
2.234568842999732169e+03,-1.137651301949262916e+03,-3.641670337466862748e+03
2.723354327933808690e+03,-7.021479299051767384e+02,-3.411715926354738713e+03
3.145078479356518073e+03,-2.493508108904534595e+02,-3.097744076354283152e+03
3.489356886267251411e+03,2.095906421102966704e+02,-2.707485743212162106e+03
3.747712048962590416e+03,6.633756587467352119e+02,-2.250550352350529920e+03
3.913782160388299872e+03,1.100830371308583153e+03,-1.738189218811734008e+03
3.983477802459399300e+03,1.511182972999140475e+03,-1.183018512842537348e+03
3.955082680248096040e+03,1.884329004497572214e+03,-5.987085684165530211e+02
3.829295877421972364e+03,2.211080232626213729e+03,3.528404848720176901e-01
3.609214559925679623e+03,2.483390941536830724e+03,5.994149157009346709e+02
3.300257613768944339e+03,2.694555988400132264e+03,1.183727050043281224e+03
2.910032201081694438e+03,2.839375801140131443e+03,1.738901889742705180e+03
2.448146507230191673e+03,2.914284358027714916e+03,2.251269469594082238e+03
1.925973233823759983e+03,2.917437002917170503e+03,2.708213756875512900e+03
1.356369634450066769e+03,2.848755906166782552e+03,3.098483298894603195e+03
7.533609730093616008e+02,2.709932032727868318e+03,3.412468308245931894e+03
1.317951899890218783e+02,2.504383554876237213e+03,3.642437349687264941e+03
-4.930227227346460950e+02,2.237171722292500363e+03,3.782727785969924753e+03
-1.105707631445716970e+03,1.914876253484196241e+03,3.829885278216605911e+03
-1.691173163851797426e+03,1.545433313998239328e+03,3.782748893091517402e+03
-2.235003263572933065e+03,1.137940072740247842e+03,3.642479712905658289e+03
-2.723807234273353970e+03,7.024306541771489947e+02,3.412532241158278339e+03
-3.145549520768779530e+03,2.496290104349576495e+02,3.098569309500293457e+03
-3.489846099868799229e+03,-2.093151940407347524e+02,2.708322586723475979e+03
-3.748220179643967185e+03,-6.631011750511632954e+02,2.251402131972401548e+03
-3.914310911015621514e+03,-1.100555331711304234e+03,1.739059689683180522e+03
-3.984029975263687902e+03,-1.510906403619871753e+03,1.183911562587233448e+03
-3.955662196430922904e+03,-1.884050705038098840e+03,5.996278933417805774e+02
-3.829907707192852740e+03,-2.210800904997982343e+03,5.960110818497487140e-01
-3.609864636460989914e+03,-2.483112228998554201e+03,-5.984338640995368905e+02
-3.300952751510531471e+03,-2.694280515146437665e+03,-1.182711833219395885e+03
-2.910779940587889541e+03,-2.839107251552002253e+03,-1.737851503952732401e+03
-2.448954828259780243e+03,-2.914027535294897916e+03,-2.250184208948819105e+03
-1.926850140506718162e+03,-2.917197806256339845e+03,-2.707095538420077901e+03
-1.357322647556626407e+03,-2.848541199173894711e+03,-3.097335904844851029e+03
-7.543965798434413728e+02,-2.709749399997840555e+03,-3.411297497324144842e+03
-1.329183104644757520e+02,-2.504240962613330794e+03,-3.641250810429652574e+03
4.918091960870901289e+02,-2.237077112876730098e+03,-3.781534926941282720e+03
1.104403171353307926e+03,-1.914837112702241484e+03,-3.828696871465424010e+03
1.689779792204168871e+03,-1.545456251831243662e+03,-3.781576604597264122e+03
2.233525568772216957e+03,-1.138030454724140327e+03,-3.641335564645036811e+03
2.722252228117008144e+03,-7.025923119462908062e+02,-3.411428052977554216e+03
3.143926356099954319e+03,-2.498640493224869772e+02,-3.097516165993731192e+03
3.488165680474576220e+03,2.090064835247080168e+02,-2.707330366612952275e+03
3.746494698984741717e+03,6.627203049327043800e+02,-2.250479127065461398e+03
3.912553356852286925e+03,1.100105514299853439e+03,-1.738212329246381842e+03
3.982253634145603428e+03,1.510392375498264528e+03,-1.183144248235596251e+03
3.953880186295795738e+03,1.883478496293969783e+03,-5.989429404111522217e+02
3.828132559160443179e+03,2.210177573224844309e+03,6.314549988465864745e-03
3.608107939299245572e+03,2.482445576120832357e+03,5.989552291517812819e+02
3.299224865160104855e+03,2.693578802280134369e+03,1.183155657394260970e+03
2.909089779439254926e+03,2.838378923501069949e+03,1.738222734367539488e+03
2.447309710991574775e+03,2.913280962637756147e+03,2.250489063309401899e+03
1.925255701547683202e+03,2.916441049922889306e+03,2.707341228563208460e+03
1.355782805262160764e+03,2.847781800442457552e+03,3.097530349292396295e+03
7.529135578240390032e+02,2.708994198129778397e+03,3.411449029265325407e+03
1.314927102319781511e+02,2.503495942851919608e+03,3.641367886804519912e+03
-4.931782718173236049e+02,2.236347288759915045e+03,3.781625845128181481e+03
-1.105717945619933289e+03,1.914126447997637797e+03,3.828769502323657889e+03
-1.691043594243475127e+03,1.544767627954440968e+03,3.781638153453453469e+03
-2.234742575412184124e+03,1.137365688625859548e+03,3.641392374164400735e+03
-2.723427179279332449e+03,7.019522265499256264e+02,3.411485462437786282e+03
-3.145064263197888522e+03,2.492485938373614260e+02,3.097578439220000746e+03
-3.489271550641587964e+03,-2.095980722174916480e+02,2.707400695231696773e+03
-3.747573298850173614e+03,-6.632893149764823875e+02,2.250559706883952913e+03
-3.913609036000588731e+03,-1.100653566462439812e+03,1.738304495963177033e+03
-3.983290218972516413e+03,-1.510921251113543576e+03,1.183248643605960751e+03
-3.954900936780176380e+03,-1.883990015072325605e+03,5.990596580940178910e+02
-3.829140147891020661e+03,-2.210673545442953127e+03,1.223245600964307372e-01
-3.609104388203109920e+03,-2.482927803516729000e+03,-5.988156201813059170e+02
-3.300211439379133026e+03,-2.694049036994503240e+03,-1.183006611129210569e+03
-2.910066922144902946e+03,-2.838838755097685862e+03,-1.738066251356250177e+03
-2.448277075420744950e+03,-2.913731691305084951e+03,-2.250327394140192155e+03
-1.926212284157233171e+03,-2.916883600067385487e+03,-2.707176628939264447e+03
-1.356727159943308607e+03,-2.848216701265020220e+03,-3.097364865382311564e+03
-7.538440572208495496e+02,-2.709421638552578315e+03,-3.411284353783680672e+03
-1.324078106742175578e+02,-2.503915892660147620e+03,-3.641205311286867527e+03
4.922798079596379353e+02,-2.236759664520071510e+03,-3.781466316243243455e+03
1.104836910859053205e+03,-1.914531292632955910e+03,-3.828613770792096147e+03
1.690180307532316192e+03,-1.545165268742741546e+03,-3.781486986413291561e+03
2.233896972914983053e+03,-1.137756840699989198e+03,-3.641246789031582921e+03
2.722599012182392016e+03,-7.023380174175988486e+02,-3.411346934994767253e+03
3.144253371564568624e+03,-2.496304974573293407e+02,-3.097449041895780738e+03
3.488478168922420991e+03,2.092183880258330646e+02,-2.707283132795640086e+03
3.746798343070476676e+03,6.629102091158017629e+02,-2.250457234282770969e+03
3.912854326047097402e+03,1.100273682086075496e+03,-1.738220724535510044e+03
3.982558602233168131e+03,1.510539770038880988e+03,-1.183187266535846447e+03
3.954196303776679997e+03,1.883606863181411654e+03,-5.990241558490155285e+02
3.828467371279100917e+03,2.210289508792553988e+03,-1.157378986991143693e-01
3.608469248280307511e+03,2.482544567709116563e+03,5.987908137779929802e+02
3.299620542272198236e+03,2.693669231340804345e+03,1.182948634554291175e+03
2.909527537827975266e+03,2.838466027056544135e+03,1.737974279815399768e+03
2.447796853311934228e+03,2.913370753110492842e+03,2.250201871393993315e+03
1.925798857057065106e+03,2.916540197009285293e+03,2.707019562723319268e+03
1.356387669502531026e+03,2.847897480996830836e+03,3.097180042326081548e+03
7.535846449670225411e+02,2.709133920742593091e+03,3.411077434670570710e+03
1.322331245366167707e+02,2.503667352998477327e+03,3.640983784427213777e+03
-4.923670420400160879e+02,2.236557958622158822e+03,3.781239304326090860e+03
-1.104836209677943089e+03,1.914383652969131845e+03,3.828391704055706214e+03
-1.690093613816310608e+03,1.545078110466502949e+03,3.781281170038524124e+03
-2.233728686969862792e+03,1.137735409977598692e+03,3.641068903044423678e+03
-2.722355874355203923e+03,7.023861095182970757e+02,3.411208509610848068e+03
-3.143944212203387906e+03,2.497502627949526754e+02,3.097360950041615524e+03
-3.488113553011510703e+03,-2.090265416657769890e+02,2.707255135694252203e+03
-3.746390142642389947e+03,-6.626476193933397099e+02,2.250497606925905075e+03
-3.912415254913561967e+03,-1.099943348946231254e+03,1.738335977489760808e+03
-3.982101745192273484e+03,-1.510146201057291137e+03,1.183381970204711251e+03
-3.953734667301895570e+03,-1.883155864864673731e+03,5.993008644096455555e+02
-3.828013475880215537e+03,-2.209787941890514503e+03,4.750033058816631737e-01
-3.608034775458155764e+03,-2.482000083219774297e+03,-5.983503515450016721e+02
-3.299216042251393446e+03,-2.693090001094347826e+03,-1.182430096478662335e+03
-2.909162198939967766e+03,-2.837860479286718601e+03,-1.737382350918471957e+03
-2.447478330500784978e+03,-2.912747319931869242e+03,-2.249542570472374791e+03
-1.925533155688231545e+03,-2.915907077947615562e+03,-2.706299988266198397e+03
-1.356179081256550035e+03,-2.847262425037973117e+03,-3.096408101107746916e+03
-7.534357344896983477e+02,-2.708504029148966310e+03,-3.410261557536382043e+03
-1.321447678228966822e+02,-2.503048906155929672e+03,-3.640132633322001311e+03
4.923955648697150309e+02,-2.235956272176037146e+03,-3.780361476151981606e+03
1.104807064526432441e+03,-1.913802970610623561e+03,-3.827495440076338582e+03
1.690010205357592667e+03,-1.544521542192702327e+03,-3.780374083783682636e+03
2.233595398659244893e+03,-1.137204924374921120e+03,-3.640157743577316523e+03
2.722177767428293919e+03,-7.018825860668806627e+02,-3.410298979310428422e+03
3.143726703313130201e+03,-2.492736049899655768e+02,-3.096457595109622616e+03
3.487862096933598423e+03,2.094772388612846612e+02,-2.706361322549430042e+03
3.746109950053419652e+03,6.630738626361351180e+02,-2.249615588161712367e+03
3.912111073536085769e+03,1.100347022946514699e+03,-1.737467037688889604e+03
3.981777724164387564e+03,1.510529357935117105e+03,-1.182526624446462392e+03
3.953394306141608467e+03,1.883520563070337403e+03,-5.984590556898807563e+02
3.827659619540187123e+03,2.210136177588256032e+03,3.537988209200728096e-01
3.607669563189188466e+03,2.482333811292836344e+03,5.991672267575082742e+02
3.298840780119588999e+03,2.693411118860573424e+03,1.183236759667220667e+03
2.908777269416314084e+03,2.838170701018583713e+03,1.738181042262616529e+03
2.447083220231731502e+03,2.913048022653340922e+03,2.250335800084701532e+03
1.925126605839616559e+03,2.916199193750763698e+03,2.707090244467573029e+03
1.355759336485572248e+03,2.847546413405860676e+03,3.097197593294350099e+03
7.530008499910767341e+02,2.708779938368642888e+03,3.411052042389316284e+03
1.316929222196118587e+02,2.503316514069513687e+03,3.640925354963410882e+03
-4.928658055865157053e+02,2.236215280565679677e+03,3.781157229143123459e+03
-1.105296579215756310e+03,1.914053216601597114e+03,3.828294741219278421e+03
-1.690519276812958651e+03,1.544763186029144208e+03,3.781177418351034248e+03
-2.234123808542637562e+03,1.137438576292515336e+03,3.640965837836405171e+03
-2.722725012900147249e+03,7.021093447633830920e+02,3.411113045835913454e+03
-3.144292300779463858e+03,2.494949945966250766e+02,3.097279501293901831e+03
-3.488445923590165421e+03,-2.092594298474209324e+02,2.707193644786373170e+03
-3.746712567285774185e+03,-6.628578206501026671e+02,2.250461532972913119e+03
-3.912733978897614634e+03,-1.100131193273540248e+03,1.738330234065588456e+03
-3.982423491327911506e+03,-1.510312729404827905e+03,1.183410818010645016e+03
-3.954066596904590369e+03,-1.883302901534068269e+03,5.993677688737556082e+02
-3.828363099141942712e+03,-2.209918151003572348e+03,5.824722624866933707e-01
-3.608409811138936675e+03,-2.482116997721810094e+03,-5.982009328713867262e+02
-3.299624232906107409e+03,-2.693198016666179228e+03,-1.182238616359631806e+03
-2.909611092412547805e+03,-2.837964809836908444e+03,-1.737150093592910480e+03
-2.447975040861752404e+03,-2.912853915442949528e+03,-2.249272299947897864e+03
-1.926084116947800339e+03,-2.916022508604216455e+03,-2.705995987803810294e+03
-1.356789805413431168e+03,-2.847393737489290288e+03,-3.096076167150285073e+03
-7.541105823466433549e+02,-2.708658581091795440e+03,-3.409908950062822441e+03
-1.328867374065987121e+02,-2.503234184439597357e+03,-3.639767986239181027e+03
4.915850304798529464e+02,-2.236179697580929314e+03,-3.779994670887093434e+03
1.103928249729520076e+03,-1.914071690162998266e+03,-3.827137443465552678e+03
1.689065274003745571e+03,-1.544842208071071354e+03,-3.780036748044007254e+03
2.232588521524692624e+03,-1.137583458126091955e+03,-3.639853563027061682e+03
2.721115216154452355e+03,-7.023239285514865742e+02,-3.410040796641466386e+03
3.142616895983690483e+03,-2.497814565359972221e+02,-3.096258251088197085e+03
3.486715575547718799e+03,2.089006776599726720e+02,-2.706233247705243684e+03
3.744939268393779912e+03,6.624281321442941817e+02,-2.249570343842480725e+03
3.910930577001142410e+03,1.099633603973888739e+03,-1.737514826159681434e+03
3.980603212755096138e+03,1.509751800486928687e+03,-1.182675803901472136e+03
3.952242591034324960e+03,1.882684509735896199e+03,-5.987157211509274930e+02
3.826548024081122549e+03,2.209249242071599838e+03,-1.393454821641174936e-02
3.606615473132319039e+03,2.481405319580163905e+03,5.986873579556247478e+02
3.297861285778248657e+03,2.692451845775688980e+03,1.182646117022151429e+03
2.907888798553687138e+03,2.837192680954346542e+03,1.737483450503817267e+03
2.446301092292483190e+03,2.912064361887160885e+03,2.249537651599654509e+03
1.924464514033996693e+03,2.915223817764866453e+03,2.706200568812183519e+03
1.355228791427864508e+03,2.846593725126510890e+03,3.096228026373152716e+03
7.526106336535594892e+02,2.707864388006162244e+03,3.410016654106857914e+03
1.314486106867602757e+02,2.502452100262803015e+03,3.639840314247365768e+03
-4.929621919328606623e+02,2.235415018092371156e+03,3.780040308457672836e+03
-1.105246749718706269e+03,1.913328616061558705e+03,3.827164686798918410e+03
-1.690328639718214390e+03,1.544123793512628026e+03,3.780053233009308315e+03
-2.233801230493462754e+03,1.136891615963225604e+03,3.639866036557114057e+03
-2.722282388847439961e+03,7.016594955645387017e+02,3.410054948363578205e+03
-3.143743975630678960e+03,2.491443162989633038e+02,3.096278620338898691e+03
-3.487808021420868954e+03,-2.095114235804050793e+02,2.706263214703157246e+03
-3.746002289727965945e+03,-6.630139609018294777e+02,2.249612204186524195e+03
-3.911968931006651019e+03,-1.100196358092383434e+03,1.737569935928637278e+03
-3.981621080978839473e+03,-1.510293490762500369e+03,1.182744768227580835e+03
-3.953243531308468846e+03,-1.883207166087338919e+03,5.987985763286277461e+02
-3.827534958975320933e+03,-2.209754850605429965e+03,1.102324375118737959e-01
-3.607590630432713624e+03,-2.481895839730816533e+03,-5.985786271865612207e+02
-3.298826078849882833e+03,-2.692929184638718652e+03,-1.182526590007264758e+03
-2.908843756954051969e+03,-2.837658570397925814e+03,-1.737355266434913347e+03
-2.447245902532756645e+03,-2.912520219373705459e+03,-2.249403208159638780e+03
-1.925398166252240799e+03,-2.915670653964327812e+03,-2.706062256572076421e+03
-1.356149808979141426e+03,-2.847032123837593190e+03,-3.096087999843039597e+03
-7.535173501019401101e+02,-2.708294564382290901e+03,-3.409876679192723714e+03
-1.323394491805052837e+02,-2.502874027992034826e+03,-3.639701717074894077e+03
4.920884844615695783e+02,-2.235828602851065625e+03,-3.779904032730066319e+03
1.104390955122703417e+03,-1.913733882836594603e+03,-3.827031447100912374e+03
1.689491035599382940e+03,-1.544521051479130165e+03,-3.779923733513805928e+03
2.232981679780011291e+03,-1.137281567201040616e+03,-3.639741211676365765e+03
2.721480538923702170e+03,-7.020432627817468756e+02,-3.409936176785508451e+03
3.142959534808099306e+03,-2.495233781671664417e+02,-3.096167867461083461e+03
3.487041067074788771e+03,2.091353852964389546e+02,-2.706163070181857620e+03
3.745253557009474207e+03,6.626392832552566006e+02,-2.249525799101171742e+03
3.911240034647849370e+03,1.099821656707654483e+03,-1.737500745242476796e+03
3.980914635286158500e+03,1.509917917939735389e+03,-1.182696327545472286e+03
3.952563156335667827e+03,1.882830620960346096e+03,-5.987741720085718953e+02
3.826885204322730260e+03,2.209378089278726293e+03,-1.126703921957501603e-01
3.606976900691000083e+03,2.481520480436321122e+03,5.985470937922008261e+02
3.298254578567754834e+03,2.692557723511145923e+03,1.182464332078705638e+03
2.908321354877626618e+03,2.837294459318148711e+03,1.737261513284419834e+03
2.446779867432312130e+03,2.912167925848269078e+03,2.249278366107524107e+03
1.924995790606191804e+03,2.915335643848497966e+03,2.705908208929520242e+03
1.355817953351673850e+03,2.846720746678587602e+03,3.095908329508176848e+03
7.532619503141467021e+02,2.708013840653262378e+03,3.409676776303629595e+03
1.321650343388248245e+02,2.502631351299821745e+03,3.639488749720266696e+03
-4.921792148766406854e+02,2.235631381354779478e+03,3.779686775330018463e+03
-1.104397453509934167e+03,1.913589151577307803e+03,3.826819977980407202e+03
-1.689415098232666423e+03,1.544435090094605812e+03,3.779729027748344834e+03
-2.232827494215411662e+03,1.137259555470056284e+03,3.639574665463981546e+03
-2.721254588153403347e+03,7.020890004302848411e+02,3.409809104151233441e+03
-3.142670373242026926e+03,2.496390867673579237e+02,3.096091009099482108e+03
-3.486698993467070068e+03,-2.089491699850415216e+02,2.706146148714552055e+03
-3.744870215095905223e+03,-6.623837291335920554e+02,2.249577146448359599e+03
-3.910827973578263027e+03,-1.099499571285526144e+03,1.737627018021302774e+03
-3.980486859609288786e+03,-1.509533615410861557e+03,1.182902316735492832e+03
-3.952132690407806876e+03,-1.882389736029247842e+03,5.990627049764445928e+02
-3.826464689664785965e+03,-2.208887353799974790e+03,4.845972340977224291e-01
-3.606578238250761842e+03,-2.480987477463797859e+03,-5.980928411341977835e+02
-3.297888621979207983e+03,-2.691990630767589209e+03,-1.181930620665734523e+03
-2.907997656468987770e+03,-2.836701790965560122e+03,-1.736652841800583928e+03
-2.446506476303572072e+03,-2.911558278589748170e+03,-2.248600658882578045e+03
-1.924779101642354590e+03,-2.914717451306202747e+03,-2.705168578263634572e+03
-1.355662607233175095e+03,-2.846102045188101783e+03,-3.095114810957576537e+03
-7.531707867178532751e+02,-2.707402050121982029e+03,-3.408838040497098973e+03
-1.321391026979947014e+02,-2.502033076517630434e+03,-3.638613795006633154e+03
4.921405815712680578e+02,-2.235052241516660160e+03,-3.778784608148954248e+03
1.104296497245060209e+03,-1.913033648103092673e+03,-3.825899292079032421e+03
1.689255425738408348e+03,-1.543906524065938356e+03,-3.778797898269066081e+03
2.232613803076550084e+03,-1.136760005337558823e+03,-3.638640278310484973e+03
2.720992342654981712e+03,-7.016193673372183639e+02,-3.408877543247971971e+03
3.142365452226481466e+03,-2.491992088456732972e+02,-3.095167122871345327e+03
3.486357339951541235e+03,2.093603411656062008e+02,-2.705233511319963327e+03
3.744497521208111721e+03,6.627679058037813320e+02,-2.248678119068411434e+03
3.910429432650616491e+03,1.099858884458194325e+03,-1.736742901694511147e+03
3.980067008907841227e+03,1.509870377761953932e+03,-1.182033571835604107e+03
3.951695351261926589e+03,1.882706248735838017e+03,-5.982091891057264093e+02
3.826012973847409739e+03,2.209185809303362930e+03,3.542833943403645436e-01
3.606114509391591582e+03,2.481269995042172468e+03,5.989182184744834103e+02
3.297414352364836304e+03,2.692259271079040445e+03,1.182744310666992078e+03
2.907513330197438790e+03,2.836958421677520619e+03,1.737457226723406166e+03
2.446011626096496911e+03,2.911804405707908245e+03,2.249398402410211474e+03
1.924272472144074527e+03,2.914954104585712685e+03,2.705962312198716063e+03
1.355142418692907768e+03,2.846329748934936106e+03,3.095906863068457369e+03
7.526350574325301750e+02,2.707620887035148371e+03,3.409630251037390281e+03
1.315859766615033095e+02,2.502242833781462195e+03,3.639407452101476338e+03
-4.927125580054638476e+02,2.235252612355091060e+03,3.779580510528947798e+03
-1.104888197779389202e+03,1.913224451044026864e+03,3.826697924184595649e+03
-1.689867096874918161e+03,1.544087898244907365e+03,3.779599682280498655e+03
-2.233245156055506868e+03,1.136932543721981347e+03,3.639445853605649518e+03
-2.721642769975981082e+03,7.017841598539419010e+02,3.409688018606359037e+03
-3.143034333216412506e+03,2.493577821292773251e+02,3.095984250726012306e+03
-3.487044384980708855e+03,-2.092061837680674046e+02,2.706059745865229161e+03
-3.745203097464323037e+03,-6.626163238215654019e+02,2.249516539003920570e+03
-3.911154817253651345e+03,-1.099708285743499800e+03,1.737597001260488241e+03
-3.980814527605949024e+03,-1.509719706883134222e+03,1.182906948336197956e+03
-3.952468383640946740e+03,-1.882555228797027212e+03,5.991051846925523705e+02
-3.826815850679192863e+03,-2.209035073015579655e+03,5.671327699859897153e-01
-3.606952414276522177e+03,-2.481121058780585827e+03,-5.979691671655837126e+02
-3.298293293652073316e+03,-2.692114500083719122e+03,-1.181765968690828913e+03
-2.908440042052274293e+03,-2.836821112528365575e+03,-1.736448706991396648e+03
-2.446993322747338880e+03,-2.911678873171302712e+03,-2.248359929367040877e+03
-1.925316473065897071e+03,-2.914845688597706612e+03,-2.704895556896834933e+03
-1.356255679124266408e+03,-2.846244715624353375e+03,-3.094815201287998661e+03
-7.538236506690707301e+02,-2.707566220928287748e+03,-3.408518899939488620e+03
-1.328545831382913605e+02,-2.502225935080134150e+03,-3.638283458613248058e+03
4.913610997992563512e+02,-2.235280926710709537e+03,-3.778452584923680206e+03
1.103453232209134057e+03,-1.913305067706442742e+03,-3.825576132540822528e+03
1.688350352670097891e+03,-1.544227154742965695e+03,-3.778495028015202479e+03
2.231650795210781325e+03,-1.137135671741384385e+03,-3.638369788640422939e+03
2.719977288081477582e+03,-7.020549992834633031e+02,-3.408651928120556477e+03
3.141306329260193252e+03,-2.496985804051814455e+02,-3.094998952815941720e+03
3.485264227966360977e+03,2.087948799717223665e+02,-2.705135040362442396e+03
3.743382521726207415e+03,6.621356863976441218e+02,-2.248660830301081205e+03
3.909306478620588223e+03,1.099161141189284763e+03,-1.736817009880589239e+03
3.978951549553017230e+03,1.509110403804956150e+03,-1.182207516632934585e+03
3.950603917420016842e+03,1.881889452301605161e+03,-5.984891743236464663e+02
3.824962667142425289e+03,2.208319621438814920e+03,-3.540611441804594750e-02
3.605122538937806439e+03,2.480363596699502978e+03,5.984176925732604104e+02
3.296497691142312760e+03,2.691323298979495576e+03,1.182134204423252640e+03
2.906688352433281580e+03,2.836004787676686192e+03,1.736741227423472083e+03
2.445293650193786561e+03,2.910846122838608608e+03,2.248582763477315893e+03
1.923675227411223659e+03,2.914005040109455422e+03,2.705055944595256278e+03
1.354677471983166470e+03,2.845404282515373779e+03,3.094921319101028075e+03
7.523112497625926380e+02,2.706733476325108768e+03,3.408579560640535874e+03
1.314089298646816815e+02,2.501407508309785499e+03,3.638307790917667717e+03
-4.927408044174892439e+02,2.234482432307076579e+03,3.778449702567337681e+03
-1.104769370233316977e+03,1.912530977651557805e+03,3.825554806422324418e+03
-1.689606662359966322e+03,1.543480724986455243e+03,3.778463379486849135e+03
-2.232852083242848494e+03,1.136418932124020102e+03,3.638335025167341428e+03
-2.721129097751774680e+03,7.013688115248884287e+02,3.408620142917496651e+03
-3.142414589188908394e+03,2.490427622252646529e+02,3.094975006798458708e+03
-3.486334911077735342e+03,-2.094213744077619310e+02,2.705122537482236567e+03
-3.744421345366332389e+03,-6.627345471236430967e+02,2.248662186874483268e+03
-3.910318672719791721e+03,-1.099734467509204705e+03,1.736833606204373382e+03
-3.979941710619735659e+03,-1.509660480583968592e+03,1.182239906102031910e+03
-3.951575951056483063e+03,-1.882418567859088171e+03,5.985373068099346483e+02
-3.825919787602469569e+03,-2.208829974279480211e+03,9.876748608142289776e-02
-3.606067218555434465e+03,-2.480857329248400220e+03,-5.983401748493027981e+02
-3.297431522456899529e+03,-2.691802500786305700e+03,-1.182044285492186873e+03
-2.907611976434919598e+03,-2.836471359796602883e+03,-1.736641203754383241e+03
-2.446206808533319418e+03,-2.911301624672728394e+03,-2.248475197908604514e+03
-1.924576923190504431e+03,-2.914450591198408347e+03,-2.704943379777343125e+03
-1.355566214772407420e+03,-2.845840541945684890e+03,-3.094806034413709313e+03
-7.531853482421593071e+02,-2.707160704215574242e+03,-3.408463410987323186e+03
-1.322667855753410890e+02,-2.501825698897385791e+03,-3.638192151960922729e+03
4.919004510718921210e+02,-2.234891494681276527e+03,-3.778335528783196878e+03
1.103947284117174149e+03,-1.912930930555284704e+03,-3.825442788317236591e+03
1.688803075661208368e+03,-1.543871868325183868e+03,-3.778354167999708807e+03
2.232066783239481083e+03,-1.136801960814404310e+03,-3.638229478450408806e+03
2.720361626311221244e+03,-7.017448465907691570e+02,-3.408519545752019894e+03
3.141664520622225609e+03,-2.494132879309941302e+02,-3.094881216923596639e+03
3.485602161507958044e+03,2.090546626992935444e+02,-2.705038025302900223e+03
3.743706461613279771e+03,6.623699646506022418e+02,-2.248589953093148324e+03
3.909623052709222065e+03,1.099370600027770934e+03,-1.736776982825989762e+03
3.979267719782071254e+03,1.509296444260503449e+03,-1.182202267399894254e+03
3.950926919832830208e+03,1.882054226230065751e+03,-5.985217417259347030e+02
3.825299915931436317e+03,2.208466053637718232e+03,-1.078238345229137335e-01
3.605481495238064326e+03,2.480495385569637619e+03,5.983045106035909839e+02
3.296885702499768740e+03,2.691444890712255528e+03,1.181980564329878462e+03
2.907112472077967141e+03,2.836121322719875934e+03,1.736548731601714053e+03
2.445760446266647705e+03,2.910963356670969006e+03,2.248354356968194679e+03
1.924190591099276162e+03,2.914129242370871452e+03,2.704795929941339637e+03
1.355246430713329346e+03,2.845542119116442336e+03,3.094635341288605105e+03
7.529377880137453758e+02,2.706891878124461982e+03,3.408274565297526351e+03
1.320958168833571449e+02,2.501593527767974592e+03,3.637991958497315863e+03
-4.919921825239474060e+02,2.234703086780021749e+03,3.778132358699086581e+03
-1.103959176065815427e+03,1.912793075657322561e+03,3.825246304699916891e+03
-1.688736769257808191e+03,1.543790670818594890e+03,3.778174948710012359e+03
-2.231926226989006409e+03,1.136782505358781236e+03,3.638078569983403668e+03
-2.720153004272408452e+03,7.017909216533627159e+02,3.408407986360509312e+03
-3.141396058145769985e+03,2.495271844324372239e+02,3.094819566351188769e+03
-3.485283831242826182e+03,-2.088722692782283445e+02,2.705035933338099312e+03
-3.743349617746941021e+03,-6.621200487228622933e+02,2.248655791131323440e+03
-3.909240022527717883e+03,-1.099055743630420693e+03,1.736917553554222650e+03
-3.978871379361038635e+03,-1.508920729339308764e+03,1.182422598908732198e+03
-3.950530276088751634e+03,-1.881623074954069352e+03,5.988249650815208724e+02
-3.824915711517003729e+03,-2.207986030366199429e+03,4.951279588750563954e-01
-3.605121847048634208e+03,-2.479973972617445270e+03,-5.978338556435585360e+02
-3.296561779750593814e+03,-2.690890247665179686e+03,-1.181429125088707906e+03
-2.906834216721029861e+03,-2.835542036432645546e+03,-1.735920778378715113e+03
-2.445536337199041100e+03,-2.910368186896870611e+03,-2.247655686452812461e+03
-1.924027454105621018e+03,-2.913526866791117300e+03,-2.704033647352356184e+03
-1.355149297919305809e+03,-2.844940881613161309e+03,-3.093817604500976358e+03
-7.529098130077327369e+02,-2.706299545574474450e+03,-3.407410293538423502e+03
-1.321382536485732828e+02,-2.501017063038926608e+03,-3.637090510087012717e+03
4.918799282406943689e+02,-2.234148448511875358e+03,-3.777203186235954036e+03
1.103779416163491078e+03,-1.912265057830371461e+03,-3.824298601317494558e+03
1.688493321431092681e+03,-1.543292796233275112e+03,-3.777217304829567183e+03
2.231624127127497559e+03,-1.136316985942172323e+03,-3.637118664703943978e+03
2.719798158150497329e+03,-7.013586945270176329e+02,-3.407452339914883396e+03
3.140994857421913366e+03,-2.491280257358456822e+02,-3.093873378287425112e+03
3.484842766958739503e+03,2.092395598639173215e+02,-2.704103024584691866e+03
3.742874928690295292e+03,6.624574096881614196e+02,-2.247738656901597096e+03
3.908737413980642032e+03,1.099365585119282514e+03,-1.736017519551002806e+03
3.978345839234135838e+03,1.509205669503630361e+03,-1.181540057561437379e+03
3.949986000128127216e+03,1.881885712796786720e+03,-5.979596515084452903e+02
3.824356119174650303e+03,2.208228802826045921e+03,3.536519153548013383e-01
3.604549565066226478e+03,2.480199190463521518e+03,5.986672931479959061e+02
3.295978478609666581e+03,2.691100162771039322e+03,1.182249151353803427e+03
2.906240510097824426e+03,2.835738697009030602e+03,1.736729934261190238e+03
2.444931830404991160e+03,2.910553253311065873e+03,2.248456804314688725e+03
1.923410919940803751e+03,2.913701490681491123e+03,2.704829517437103277e+03
1.354518954290032980e+03,2.845105675237209198e+03,3.094610688533112807e+03
7.522636600332934904e+02,2.706454647747586023e+03,3.408202531688686122e+03
1.314744153657995014e+02,2.501162289986849828e+03,3.637883251325717083e+03
-4.925629149035200953e+02,2.234283501861354580e+03,3.777997250060626357e+03
-1.104482414053885350e+03,1.912389751024834140e+03,3.825094455141078015e+03
-1.689216539053806628e+03,1.543407256815948585e+03,3.778015320537346270e+03
-2.232367206568168513e+03,1.136421794929136695e+03,3.637919403857040834e+03
-2.720560389950281660e+03,7.014549344291696116e+02,3.408256811870493948e+03
-3.141775486144034403e+03,2.492172238621915881e+02,3.094683219781352363e+03
-3.485641336123507699e+03,-2.091555889840755071e+02,2.704920562087976123e+03
-3.743691607157835278e+03,-6.623768022067046104e+02,2.248566832423397500e+03
-3.909573248956428870e+03,-1.099286712130600336e+03,1.736859683356429287e+03
-3.979202893691546251e+03,-1.509127425631083952e+03,1.182399654302802219e+03
-3.950867353352832652e+03,-1.881807764242862049e+03,5.988398486218496828e+02
-3.825265745441375202e+03,-2.208151737438845885e+03,5.497056203794072893e-01
-3.605492215553801543e+03,-2.480124468391542450e+03,-5.977388507706838254e+02
-3.296959687894393483e+03,-2.691030011773843853e+03,-1.181294172691006906e+03
-2.907266525905472463e+03,-2.835676195899555751e+03,-1.735747626842871114e+03
-2.446009389816649673e+03,-2.910502433715656935e+03,-2.247447381096993468e+03
-1.924546901134714062e+03,-2.913667358779754977e+03,-2.703794531012198604e+03
-1.355719933991700373e+03,-2.845094131056816877e+03,-3.093553293331449822e+03
-7.535354198107567072e+02,-2.706472298863108790e+03,-3.407127632087273469e+03
-1.328214492601449876e+02,-2.501216172102451765e+03,-3.636797508926926184e+03
4.911378384048825865e+02,-2.234380731891125379e+03,-3.776908942655091778e+03
1.102978590850004366e+03,-1.912537146548602550e+03,-3.824013199329368945e+03
1.687635538535958631e+03,-1.543610958110579986e+03,-3.776951685867441029e+03
2.230712937585187774e+03,-1.136686922533215920e+03,-3.636884456299204885e+03
2.718839026548730089e+03,-7.017853079596181942e+02,-3.407261627731180397e+03
3.139995269167845436e+03,-2.496151585457002682e+02,-3.093738408680858811e+03
3.483812275446348394e+03,2.086894010486573166e+02,-2.704035830979621096e+03
3.741825113382325071e+03,6.618433272521124309e+02,-2.247750613829686245e+03
3.907681723514418081e+03,1.098688533867941487e+03,-1.736118841665731452e+03
3.977299303262614558e+03,1.508468639706685735e+03,-1.181739275519542844e+03
3.948964809732055528e+03,1.881093821110234558e+03,-5.982631122133899453e+02
3.823377106315668698e+03,2.207389246473132516e+03,-5.783260750646195686e-02
3.603629716415602616e+03,2.479320974530985495e+03,5.981465815478391050e+02
3.295134611067440346e+03,2.690193753616919366e+03,1.181620348351414123e+03
2.905488910205033790e+03,2.834815851918454428e+03,1.735996571226157812e+03
2.444287783623223731e+03,2.909626861509374066e+03,2.247624977486387706e+03
1.922888162643094347e+03,2.912785331692426098e+03,2.703908000053335400e+03
1.354129084322549943e+03,2.844214077140924928e+03,3.093610928684698138e+03
7.520155568400334687e+02,2.705602049026735131e+03,3.407138497275532700e+03
1.313737312695375294e+02,2.500362726923846822e+03,3.636771101716399244e+03
-4.925141307537782041e+02,2.233550059257830981e+03,3.776854837842294273e+03
-1.104285908915676373e+03,1.911734024136081416e+03,3.823940686366285718e+03
-1.688877837270024429e+03,1.542838874709657148e+03,3.776869423028846995e+03
-2.231895373488349833e+03,1.135948049761093444e+03,3.636800166671506759e+03
-2.719967600782642876e+03,7.010805485744600674e+02,3.407181862610068038e+03
-3.141076443355411811e+03,2.489442699766322278e+02,3.093668400139477853e+03
-3.484852593587864249e+03,-2.093276182113810080e+02,2.703979447174105644e+03
-3.742830864595373896e+03,-6.624507944754800519e+02,2.247710419094847566e+03
-3.908658676088595712e+03,-1.099267638558540511e+03,1.736096250377556999e+03
-3.978252531103129513e+03,-1.509021985549916280e+03,1.181734776280177812e+03
-3.949898618613553936e+03,-1.881624012466177874e+03,5.982765273931320280e+02
-3.824295042604451737e+03,-2.207898745866639729e+03,8.853966238711560854e-02
-3.604534536124400802e+03,-2.479812136022589129e+03,-5.980997269317962264e+02
-3.296028117934062266e+03,-2.690668879107499379e+03,-1.181559236942539883e+03
-2.906371886383618858e+03,-2.835277039692066865e+03,-1.735923673084986831e+03
-2.445160054788330399e+03,-2.910075839193974389e+03,-2.247543035025316385e+03
-1.923748772015184613e+03,-2.913223353011507243e+03,-2.703819722452837595e+03
-1.354976552294448993e+03,-2.844641900858412555e+03,-3.093518735468371233e+03
-7.528481884715635033e+02,-2.706020003397391520e+03,-3.407044348686617923e+03
-1.321899236530470603e+02,-2.500770848102751188e+03,-3.636676440146261029e+03
4.917156313067209794e+02,-2.233948278573599055e+03,-3.776760646009954598e+03
1.103505842841947469e+03,-1.912122369537695477e+03,-3.823847647432226495e+03
1.688116388665345994e+03,-1.543217648205621344e+03,-3.776778149437465345e+03
2.231152255223771590e+03,-1.136317945966967955e+03,-3.636711451685177508e+03
2.719242252951475166e+03,-7.014426892167508640e+02,-3.407096903925231800e+03
3.140368310622743593e+03,-2.493001434445375537e+02,-3.093588949405722360e+03
3.484161433653352105e+03,2.089763069691340434e+02,-2.703907851976109669e+03
3.742157035214137522e+03,6.621023433536599896e+02,-2.247649542415786073e+03
3.908003352573681241e+03,1.098920605353814381e+03,-1.736049273372646439e+03
3.977617818998888197e+03,1.508675445414757860e+03,-1.181704909676552234e+03
3.949287545045086972e+03,1.881277778117928392e+03,-5.982666736818465552e+02
3.823711440480944020e+03,2.207553502901478623e+03,-1.009898454680040886e-01
3.603982945511133039e+03,2.479469384684315173e+03,5.980632914079641296e+02
3.295513802034475702e+03,2.690330833018455905e+03,1.181497578443379325e+03
2.905900746602565960e+03,2.834946713052181622e+03,1.735836202144283561e+03
2.444738410819461933e+03,2.909757133511107895e+03,2.247430130889411430e+03
1.923383037996047278e+03,2.912921068308142821e+03,2.703683030349547153e+03
1.354672834313752219e+03,2.844361656749988015e+03,3.093361396792604864e+03
7.526118393347726396e+02,2.705768068561369091e+03,3.406871130789207200e+03
1.320250979828868481e+02,2.500553888484204890e+03,3.636493743935996463e+03
-4.918063775364826142e+02,2.233773045018692301e+03,3.776576384217832583e+03
-1.103521869756716796e+03,1.911995352615856063e+03,3.823671001764801986e+03
-1.688059178852735613e+03,1.543144730781374165e+03,3.776619228150062099e+03
-2.231025494426095975e+03,1.136304082510193211e+03,3.636580878429025688e+03
-2.719051784356883218e+03,7.014916356689101349e+02,3.407005372961831654e+03
-3.140121974061807123e+03,2.494142539990246519e+02,3.093546781517929503e+03
-3.483868809682423944e+03,-2.087962079916246125e+02,2.703924580649947984e+03
-3.741829118727258447e+03,-6.618570139516230029e+02,2.247733552510708705e+03
-3.907652181436255887e+03,-1.098612367975203824e+03,1.736207506314862712e+03
-3.977256080938839204e+03,-1.508308108018874009e+03,1.181942641420654581e+03
-3.948928181851442332e+03,-1.880856505090678183e+03,5.985873655676272165e+02
-3.823367263537906638e+03,-2.207084646586733470e+03,5.062083417366081139e-01
-3.603666272018327618e+03,-2.478960286788400481e+03,-5.975738918533526203e+02
-3.295236117702030697e+03,-2.689789603051022368e+03,-1.180926215178566736e+03
-2.905672398741731286e+03,-2.834381988895244376e+03,-1.735186870957261135e+03
-2.444568335699247200e+03,-2.909177827878472272e+03,-2.246708461815115697e+03
-1.923278527845866165e+03,-2.912336104622905623e+03,-2.702896093266701882e+03
-1.354639351870074961e+03,-2.843779699106193675e+03,-3.092517456973717799e+03
-7.526528904468175369e+02,-2.705197252774000845e+03,-3.405979355802270220e+03
-1.321421745235361698e+02,-2.500001564450401020e+03,-3.635563866626968320e+03
4.916137724054194678e+02,-2.233245543941473898e+03,-3.775618331665605183e+03
1.103256104798675779e+03,-1.911497795275110320e+03,-3.822694506548584741e+03
1.687724283315548291e+03,-1.542680893929067906e+03,-3.775633444828784377e+03
2.230626857713435129e+03,-1.135876338819593457e+03,-3.635594033373013644e+03
2.718595783446894529e+03,-7.011009779019523194e+02,-3.406024477939295139e+03
3.139615556390440815e+03,-2.490604062399114298e+02,-3.092577439310930004e+03
3.483319068231858182e+03,2.091145992722007918e+02,-2.702970903667227503e+03
3.741242900579282377e+03,6.621421270100961465e+02,-2.246798203114692114e+03
3.907035769163955138e+03,1.098866918382673020e+03,-1.735291852016448274e+03
3.976614977248108971e+03,1.508535059654332144e+03,-1.181047001884834572e+03
3.948267012708444327e+03,1.881058812781626330e+03,-5.977113147571703848e+02
3.822689794387822531e+03,2.207265062192811456e+03,3.511205616337829127e-01
3.602975428740162442e+03,2.479121349738408298e+03,5.984137741072871677e+02
3.294533801647670316e+03,2.689933786953732579e+03,1.181750714577194231e+03
2.904959387050677378e+03,2.834511550104182788e+03,1.735998699008121775e+03
2.443844340847597323e+03,2.909294607840864501e+03,2.247510629692440489e+03
1.922542384190056509e+03,2.912441403729533249e+03,2.703691561033408561e+03
1.353889305726227121e+03,2.843874244500994791e+03,3.093308834080373799e+03
7.518869503364568345e+02,2.705281265767901459e+03,3.406768698886372931e+03
1.313584654748306093e+02,2.500074915081784638e+03,3.636352604519332090e+03
-4.924167086947194321e+02,2.233307964102429196e+03,3.776407325131156540e+03
-1.104079113357104461e+03,1.911549110925480591e+03,3.823484226343270620e+03
-1.688567534549900529e+03,1.542721233255386096e+03,3.776424230808949233e+03
-2.231489930054744946e+03,1.135906277121768426e+03,3.636386383399287297e+03
-2.719477874538547894e+03,7.011215905508740889e+02,3.406819310206402406e+03
-3.140515786071325692e+03,2.490732163385131628e+02,3.093376276231719658e+03
-3.484236821402619626e+03,-2.091077744342368305e+02,2.703775938484455764e+03
-3.742178151608742610e+03,-6.621394097622126083e+02,2.247612230136945982e+03
-3.907989332881213613e+03,-1.098866650457497371e+03,1.736118064307484701e+03
-3.977588644552506139e+03,-1.508536086188748641e+03,1.181888682704064422e+03
-3.949263549211080317e+03,-1.881060728678364285e+03,5.985714668391452733e+02
-3.823712806574723345e+03,-2.207268382287758413e+03,5.298538379664363696e-01
-3.604029209615961918e+03,-2.479127477841324435e+03,-5.975103652534122602e+02
-3.295623373184236243e+03,-2.689944811443232538e+03,-1.180823654681537846e+03
-2.906090455899461176e+03,-2.834530322313057241e+03,-1.735047322964956948e+03
-2.445023100112354768e+03,-2.909324855457626199e+03,-2.246535165649358078e+03
-1.923775197539552892e+03,-2.912487766111657493e+03,-2.702693456927960597e+03
-1.355182297710311786e+03,-2.843942211188482361e+03,-3.092291020206627763e+03
-7.532455427460281498e+02,-2.705377014029974362e+03,-3.405735745739503272e+03
-1.327869093185895508e+02,-2.500205057273965394e+03,-3.635310749151028176e+03
4.909157552346675288e+02,-2.233479228260784112e+03,-3.775364357542422113e+03
1.102504918101934209e+03,-1.911767986065869536e+03,-3.822449245972360586e+03
1.686921506214658848e+03,-1.542993613132771543e+03,-3.775407298271360105e+03
2.229775701400102662e+03,-1.136237133255898470e+03,-3.635398102037600438e+03
2.717701255558090907e+03,-7.015146986087655705e+02,-3.405870375123416579e+03
3.138684601150776416e+03,-2.495309513722188228e+02,-3.092477026121926883e+03
3.482360652232196571e+03,2.085845670314201357e+02,-2.702935939425298329e+03
3.740268011160463175e+03,6.615514681684917377e+02,-2.246839912374520281e+03
3.906057295513214285e+03,1.098216281223708620e+03,-1.735420424716420030e+03
3.975647454372868651e+03,1.507827089182444070e+03,-1.181271058204172277e+03
3.947326224387556522e+03,1.880298272534689431e+03,-5.980373785421023740e+02
3.821792252417786131e+03,2.206458840173213503e+03,-8.091832053168789007e-02
3.602137849096752234e+03,2.478278231716134087e+03,5.978744623229766830e+02
3.293772800647606800e+03,2.689064030981000542e+03,1.181105126816662732e+03
2.904291118673469100e+03,2.833626722952922592e+03,1.735250195672633708e+03
2.443284013323072941e+03,2.908407439225029520e+03,2.246665134639366897e+03
1.922103699490196732e+03,2.911565549255465612e+03,2.702757691416483794e+03
1.353583855866624162e+03,2.843023944439778916e+03,3.092297911326549183e+03
7.517236227528826475e+02,2.704470904134587272e+03,3.405694602272915290e+03
1.313429205445374066e+02,2.499318501930192269e+03,3.635231447096409738e+03
-4.922824254897575429e+02,2.232618579786950704e+03,3.775256955991174436e+03
-1.103796773869122717e+03,1.910938361175786667e+03,3.822323588549646502e+03
-1.688142715256723704e+03,1.542198765984240026e+03,3.775272625602321568e+03
-2.230931780293418342e+03,1.135479405914569270e+03,3.635262704715997643e+03
-2.718798688046323150e+03,7.007950568918481622e+02,3.405741316961690245e+03
-3.139730420216204038e+03,2.488491054169840027e+02,3.092359963067498484e+03
-3.483362023019885328e+03,-2.092299680520092977e+02,2.702835050435159246e+03
-3.741231853365023198e+03,-6.621625870748054012e+02,2.246757945849262796e+03
-3.906989979410910564e+03,-1.098795816392281722e+03,1.735358849912859341e+03
-3.976554594740443918e+03,-1.508378000401552526e+03,1.181230297978834415e+03
-3.948212582731169277e+03,-1.880823537243868032e+03,5.980170903207589390e+02
-3.822661742411501564e+03,-2.206961263132678596e+03,8.028430422782437126e-02
-3.602993543603413400e+03,-2.478760421999609662e+03,-5.978566945673287591e+02
-3.294616748672315680e+03,-2.689528534493006191e+03,-1.181071001655593136e+03
-2.905124280773241026e+03,-2.834075863041897719e+03,-1.735202366262029500e+03
-2.444106336593571086e+03,-2.908843139296343452e+03,-2.246606531903962605e+03
-1.922914303107258092e+03,-2.911989225122726111e+03,-2.702691201892906520e+03
-1.354381304013772933e+03,-2.843436482607650760e+03,-3.092226108224724612e+03
-7.525062455614286137e+02,-2.704872728589210965e+03,-3.405619567721167186e+03
-1.321091335762527024e+02,-2.499709716851863504e+03,-3.635154709528806961e+03
4.915338541053443464e+02,-2.232999162035691825e+03,-3.775179547528803596e+03
1.103066551910021644e+03,-1.911308366977928699e+03,-3.822246206485876883e+03
1.687430978038945568e+03,-1.542558513034797215e+03,-3.775195863666742753e+03
2.230238172064072842e+03,-1.135829595812741900e+03,-3.635187307216368026e+03
2.718122557430788675e+03,-7.011368128851855772e+02,-3.405668404662366811e+03
3.139071094438086675e+03,-2.491839150349740919e+02,-3.092291184621263710e+03
3.482719112531914107e+03,2.089003995436997911e+02,-2.702772626382835824e+03
3.740605534173901106e+03,6.618365513606305512e+02,-2.246704591090311624e+03
3.906381205538292306e+03,1.098471852959294210e+03,-1.735317581423105821e+03
3.975965206439852409e+03,1.508055146566296116e+03,-1.181204153490713679e+03
3.947645294709780046e+03,1.880501542142549397e+03,-5.980087971349522604e+02
3.822120016848902196e+03,2.206640737241261377e+03,-9.192504226326091155e-02
3.602481453471830719e+03,2.478442805722251705e+03,5.978237532144851230e+02
3.294139029418622158e+03,2.689215898126597949e+03,1.181015764115555612e+03
2.904686268651510545e+03,2.833770988670114548e+03,1.735124384329133363e+03
2.443713777653062607e+03,2.908549615316526797e+03,2.246506211949025328e+03
1.922573063602622369e+03,2.911711470274584826e+03,2.702570091700330067e+03
1.354097002868391883e+03,2.843179686241627678e+03,3.092087125689916320e+03
7.522838416462128635e+02,2.704642704532343487e+03,3.405467139076443345e+03
1.319525078800195956e+02,2.499512679515789387e+03,3.634994795356519717e+03
-4.916222802243947854e+02,2.232841443251510555e+03,3.775019548618022327e+03
-1.103086126073050536e+03,1.911196098776649478e+03,3.822094755906399314e+03
-1.687383027156178287e+03,1.542497304316619875e+03,3.775062523906900424e+03
-2.230126099316203181e+03,1.135824229448816368e+03,3.635082199823753854e+03
-2.717951824253808809e+03,7.011909851293054317e+02,3.405601803760014263e+03
-3.138849096704465410e+03,2.493000323516033347e+02,3.092273104919436719e+03
-3.482454967765180754e+03,-2.087213584202128800e+02,2.702812431989644210e+03
-3.740309800560195981e+03,-6.615951069728412222e+02,2.246810644849774235e+03
-3.906065553954076222e+03,-1.098170034122315883e+03,1.735496947388091257e+03
-3.975642064504998871e+03,-1.507696443719933768e+03,1.181462358635438932e+03
-3.947327478146987687e+03,-1.880090813008610667e+03,5.983496536187375341e+02
-3.821820359309366722e+03,-2.206184072240232581e+03,5.174115019161089624e-01
-3.602212442529357304e+03,-2.477947359112112736e+03,-5.973135536095691123e+02
-3.293912454312490809e+03,-2.688689689059932789e+03,-1.180422670313127355e+03
-2.904512884995715012e+03,-2.833222675008120405e+03,-1.734452068486660892e+03
-2.443602995640081645e+03,-2.907988242616201205e+03,-2.245760092936236560e+03
-1.922532668860764488e+03,-2.911146199240293299e+03,-2.701757168021521466e+03
-1.354132922330088832e+03,-2.842619504150460216e+03,-3.091215745386844901e+03
-7.523999695977267947e+02,-2.704096129519599799e+03,-3.404546706801129403e+03
-1.321506088263382708e+02,-2.498987470566847605e+03,-3.634035421481014509e+03
4.913425761948730610e+02,-2.232344332608974128e+03,-3.774031651859111662e+03
1.102727223677936081e+03,-1.910732566218283637e+03,-3.821088638477202494e+03
1.686949157628527928e+03,-1.542071413533839177e+03,-3.774047945699821867e+03
2.229623009274498145e+03,-1.135438544601295689e+03,-3.634067983795965119e+03
2.717386379779764866e+03,-7.008465802044119073e+02,-3.404595507093721608e+03
3.138228832949224397e+03,-2.489965971927346970e+02,-3.091280788011921231e+03
3.481787624292146120e+03,2.089853226177877445e+02,-2.701838549292584048e+03
3.739602887652844402e+03,6.618220216880670250e+02,-2.245858068240905595e+03
3.905325993162711711e+03,1.098362936119862752e+03,-1.734567115958805516e+03
3.974875937302550938e+03,1.507858671444324500e+03,-1.180555531429003395e+03
3.946539900651350308e+03,1.880225722266078947e+03,-5.974652276138650677e+02
3.821015481746861497e+03,2.206294810725613843e+03,3.457406417861248471e-01
3.601393506867218093e+03,2.478036776526611447e+03,5.981568988185797480e+02
3.293081630270126880e+03,2.688760512395450405e+03,1.181248420043577653e+03
2.903671156003644683e+03,2.833277396038176903e+03,1.735263108721982235e+03
2.442750224622523092e+03,2.908028912117586515e+03,2.246559618553129894e+03
1.921667793956719379e+03,2.911174295996082947e+03,2.702548316793204776e+03
1.353254257705242480e+03,2.842635900978572863e+03,3.092001286515664560e+03
7.515055666428152108e+02,2.704101161294103349e+03,3.405328830143057075e+03
1.312386207767061705e+02,2.498981091021021712e+03,3.634815656981272241e+03
-4.922735847972440979e+02,2.232326330684186814e+03,3.774810926072692382e+03
-1.103678072097496170e+03,1.910702802070037706e+03,3.821867451141320089e+03
-1.687919980191971717e+03,1.542030030817227271e+03,3.774826628627448827e+03
-2.230613331276027566e+03,1.135386119756942662e+03,3.634846990540619572e+03
-2.718395322411819052e+03,7.007841801159838724e+02,3.405375676911398841e+03
-3.139255410301791926e+03,2.489257320048077418e+02,3.092063532296430822e+03
-3.482831080454465337e+03,-2.090628472037692518e+02,2.702625921958070194e+03
-3.740663015648263354e+03,-6.619043314142162444e+02,2.246652701426976819e+03
-3.906403381267971326e+03,-1.098448360047102369e+03,1.735372025536835736e+03
-3.975972101605255830e+03,-1.507946017096694050e+03,1.181373819083313265e+03
-3.947657283368610933e+03,-1.880314512984007024e+03,5.982997233560846553e+02
-3.822157318593707259e+03,-2.206385452256414737e+03,5.071567781405078579e-01
-3.602563635330078796e+03,-2.478130575570905421e+03,-5.972842364104918715e+02
-3.294284525414456311e+03,-2.688859419796263865e+03,-1.180355043391512481e+03
-2.904911928622228970e+03,-2.833384032011653289e+03,-1.734348522073988079e+03
-2.444034455896130112e+03,-2.908146684388378617e+03,-2.245624100052041285e+03
-1.923001256801375348e+03,-2.911307447695281553e+03,-2.701593231643375020e+03
-1.354642545574642782e+03,-2.842789468958300859e+03,-3.091029345922590892e+03
-7.529536663104544232e+02,-2.704280839557377931e+03,-3.404344256438680077e+03
-1.327504751014507463e+02,-2.499193008177162937e+03,-3.633824228463433428e+03
4.906954770897092999e+02,-2.232576762395628521e+03,-3.773819892275220354e+03
1.102032979410909775e+03,-1.910997847065214728e+03,-3.820885326575922136e+03
1.686209156003934140e+03,-1.542375281264963405e+03,-3.773862887090802360e+03
2.228840113855857453e+03,-1.135786354128643325e+03,-3.633911690765936328e+03
2.716565116992750973e+03,-7.012431005186514312e+02,-3.404479053128442956e+03
3.137375565297947560e+03,-2.494457601953440644e+02,-3.091215581053729238e+03
3.480910676117122875e+03,2.084807086334015764e+02,-2.701836010871944382e+03
3.738712586366255891e+03,6.612605726367374928e+02,-2.245929218286692503e+03
3.904434592050703031e+03,1.097744976814935399e+03,-1.734722078908428557e+03
3.973997396440573539e+03,1.507186469566294136e+03,-1.180802995541520204e+03
3.945689519130090957e+03,1.879503637800192791e+03,-5.978119023123747411e+02
3.820209394296357914e+03,2.205529334222796479e+03,-1.043819024145821728e-01
3.600648123602381020e+03,2.477236383604523326e+03,5.976018302781366174e+02
3.292413311702585361e+03,2.687935210212459879e+03,1.180589247625991447e+03
2.903095864134866133e+03,2.832438521222026338e+03,1.734503013870707946e+03
2.442283032330331480e+03,2.907188993209453656e+03,2.245704340584245983e+03
1.921322314131075700e+03,2.910346821039730912e+03,2.701606298664025417e+03
1.353042027515376049e+03,2.841834977539279862e+03,3.090983698092473333e+03
7.514354407955542001e+02,2.703341074186479091e+03,3.404249430246711654e+03
1.313162377898183877e+02,2.498275781480834667e+03,3.633690474365802402e+03
-4.920462002156115204e+02,2.231688836579003237e+03,3.773657764090826731e+03
-1.103302719816957961e+03,1.910144708519346523e+03,3.820705246204968716e+03
-1.687402278979226594e+03,1.541560982502276829e+03,3.773674713753181095e+03
-2.229962493214538426e+03,1.135013439920502151e+03,3.633724328491025972e+03
-2.717623730207019435e+03,7.005126281713266962e+02,3.404300130543793330e+03
-3.138378042284290586e+03,2.487574142542511595e+02,3.091051232678971246e+03
-3.481864842365822369e+03,-2.091284179120966655e+02,2.701690779164402556e+03
-3.739626042905839313e+03,-6.618700479506813963e+02,2.245806081884308242e+03
-3.905314370229416909e+03,-1.098319238153605511e+03,1.734622597152885191e+03
-3.974849714993089947e+03,-1.507728856110066317e+03,1.180727545244251360e+03
-3.946519656593209220e+03,-1.880017537745494337e+03,5.977599725261162575e+02
-3.821021673756491055e+03,-2.206017967836683056e+03,7.488612924911519642e-02
-3.601445942118791663e+03,-2.477702718955516957e+03,-5.976104022020202819e+02
-3.293199003138532589e+03,-2.688382073628342368e+03,-1.180579114006954342e+03
-2.903870612771216656e+03,-2.832868490605059833e+03,-1.734477015944632058e+03
-2.443046951830164744e+03,-2.907604217842235812e+03,-2.245665603840117001e+03
-1.922074643365009706e+03,-2.910748910013754085e+03,-2.701557895896617993e+03
-1.353781415201265872e+03,-2.842224977236241102e+03,-3.090928369118816590e+03
-7.521602777216445475e+02,-2.703719536607426107e+03,-3.404189396686536838e+03
-1.320249861514438692e+02,-2.498642909856351253e+03,-3.633627372843020112e+03
4.913547316910597829e+02,-2.232044681184248020e+03,-3.773592701690482045e+03
1.102629197995745017e+03,-1.910489376550893894e+03,-3.820638961245116661e+03
1.686746792657820151e+03,-1.541894823014041776e+03,-3.773607806714656363e+03
2.229324629495399677e+03,-1.135337168880359059e+03,-3.633657515745951059e+03
2.717002764426725662e+03,-7.008273690759391457e+02,-3.404234469759997864e+03
3.137773205708283058e+03,-2.490646444959079133e+02,-3.090988274201368768e+03
3.481275619135397392e+03,2.088270082946431785e+02,-2.701632611304841703e+03
3.739052444025403020e+03,6.615727636346393865e+02,-2.245755257156155494e+03
3.904757138048422803e+03,1.098024619873916663e+03,-1.734581947347678579e+03
3.974310425415414556e+03,1.507435919457166165e+03,-1.180699911749544981e+03
3.946000704922270870e+03,1.879725975215938433e+03,-5.977478909898669599e+02
3.820526150196265462e+03,2.205728287164590256e+03,-8.027114584161323951e-02
3.600977470388676011e+03,2.477416239386408506e+03,5.975863912673787581e+02
3.292761760192937345e+03,2.688100721918266117e+03,1.180535749940558389e+03
2.903469317700616557e+03,2.832594814251974185e+03,1.734414033140556512e+03
2.442686711646259937e+03,2.907341478048173030e+03,2.245583471299747998e+03
1.921760701827071898e+03,2.910501117136608627e+03,2.701458087927903307e+03
1.353518825417068228e+03,2.841996850373272082e+03,3.090813588248124688e+03
7.519535281130762314e+02,2.703516383451133152e+03,3.404063717365438151e+03
1.318776161696232805e+02,2.498470433673054686e+03,3.633496284716153241e+03
-4.914404884319340567e+02,2.231908730955089140e+03,3.773463043862919676e+03
-1.102652709891302948e+03,1.910395662556472644e+03,3.820518752152328943e+03
-1.686709240971036252e+03,1.541848622641794009e+03,3.773505985441575376e+03
-2.229229120339401561e+03,1.135343046211069804e+03,3.633583618386562648e+03
-2.716854339437189083e+03,7.008889276168247306e+02,3.404198267759831197e+03
-3.137578758352433397e+03,2.491843265144302677e+02,3.090999400879287805e+03
-3.481043729950255965e+03,-2.086480686461817129e+02,2.701700198852337962e+03
-3.738793151064659014e+03,-6.613348316856404381e+02,2.245887600788802956e+03
-3.904481658784224692e+03,-1.097729398456884383e+03,1.734786207432216770e+03
-3.974030844179070755e+03,-1.507086537818157240e+03,1.180981859754964034e+03
-3.945729636825690250e+03,-1.879326933377109299e+03,5.981117018905304121e+02
-3.820276389404450128e+03,-2.205285359455104754e+03,5.283635197059783906e-01
-3.600761628587113137e+03,-2.476936339387248609e+03,-5.970534657522052839e+02
-3.292591900585270196e+03,-2.687591729762514206e+03,-1.179919364441833977e+03
-2.903356591168667819e+03,-2.832065366611958325e+03,-1.733717485720880632e+03
-2.442641004474197871e+03,-2.906800721802916996e+03,-2.244811920504006139e+03
-1.921790308174946176e+03,-2.909958429709939537e+03,-2.700618416938833889e+03
-1.353630161593312778e+03,-2.841461533166037952e+03,-3.089914192480413021e+03
-7.521509086960287505e+02,-2.702997339139797532e+03,-3.403114214299384457e+03
-1.321631131413653861e+02,-2.497975842947040292e+03,-3.632507150996899782e+03
4.910670840379531228e+02,-2.231445748556362105e+03,-3.772445192573723489e+03
1.102193809326626479e+03,-1.909970155458569252e+03,-3.819483071958652999e+03
1.686169256132223609e+03,-1.541464973791401690e+03,-3.772462871577916758e+03
2.228614144810211656e+03,-1.135004044737333061e+03,-3.632542531744974440e+03
2.716171731413526686e+03,-7.005957602465814489e+02,-3.403167360815245956e+03
3.136836658141832686e+03,-2.489366753267831598e+02,-3.089985246463283602e+03
3.480250555578237254e+03,2.088518290933569972e+02,-2.700707649025623141e+03
3.737957121061180715e+03,6.614973575650036537e+02,-2.244919788748420615e+03
3.903610389358368138e+03,1.097854050832477697e+03,-1.733844687412491567e+03
3.973131058235785076e+03,1.507177045061165472e+03,-1.180066861405391137e+03
3.944807005782774013e+03,1.879387079857493518e+03,-5.972224602484679963e+02
3.819335507869710455e+03,2.205318735655889213e+03,3.365280925066522766e-01
3.599806064604672429e+03,2.476946224179383535e+03,5.978958356241436150e+02
3.291624114890276815e+03,2.687581170916082556e+03,1.180741653169469373e+03
2.902377817303897700e+03,2.832037127043692635e+03,1.734522769399741037e+03
2.441651303911262403e+03,2.906757094551454884e+03,2.245603585456454311e+03
1.920788771661487090e+03,2.909901105864581950e+03,2.701399787234117412e+03
1.352615217864104807e+03,2.841391566756117754e+03,3.090688209918438133e+03
7.511206933680372231e+02,2.702915215041920874e+03,3.403883220797880767e+03
1.311158403086889166e+02,2.497881634153683081e+03,3.633272802684656199e+03
-4.921328058180936864e+02,2.231339333299054033e+03,3.773208511822730088e+03
-1.103278765519391527e+03,1.909851454306687401e+03,3.820244619855757719e+03
-1.687273550162660968e+03,1.541334163663500021e+03,3.773223003069705101e+03
-2.229737265654602197e+03,1.134861710922039720e+03,3.633301682204795270e+03
-2.717312749137405262e+03,7.004429582269294770e+02,3.403926308120718204e+03
-3.137994510703442302e+03,2.487748895029874063e+02,3.090745297459779522e+03
-3.481424375410725133e+03,-2.090208252251819090e+02,2.701470712622286101e+03
-3.739146544039421769e+03,-6.616717185426324477e+02,2.245688317796979391e+03
-3.904815792818262707e+03,-1.098032119492882202e+03,1.734621494439964408e+03
-3.974353688316501575e+03,-1.507357615012211909e+03,1.180854835187945355e+03
-3.946048974941294091e+03,-1.879569620021934952e+03,5.980242268440158568e+02
-3.820599667762630361e+03,-2.205503542128805293e+03,4.810567796159163634e-01
-3.601095818727638289e+03,-2.477134431859036340e+03,-5.970611873082830243e+02
-3.292943384601684556e+03,-2.687774564380672473e+03,-1.179889222281831962e+03
-2.903731074305696893e+03,-2.832238090107022344e+03,-1.733652259053520766e+03
-2.443043456223578232e+03,-2.906968702350573949e+03,-2.244715357886729635e+03
-1.922224928134090305e+03,-2.910127180448511353e+03,-2.700495151120926948e+03
-1.354100361346823547e+03,-2.841636654221557819e+03,-3.089769669132425406e+03
-7.526592966602196384e+02,-2.703184475947020474e+03,-3.402954642618251910e+03
-1.327114668760003440e+02,-2.498180653921590419e+03,-3.632339479194271462e+03
4.904778734969151515e+02,-2.231673870687418002e+03,-3.772277104473626423e+03
1.101563833179980520e+03,-1.910227153153993868e+03,-3.819322993155015865e+03
1.685499729008199893e+03,-1.541756255120270225e+03,-3.772319966073324849e+03
2.227907587088391210e+03,-1.135334731029802242e+03,-3.632426664247340341e+03
2.715432176752431587e+03,-7.009705001470098296e+02,-3.403088997541794470e+03
3.136069858551700236e+03,-2.493594029200218927e+02,-3.089955269928474081e+03
3.479464147197403236e+03,2.083781816552356361e+02,-2.700737070547406802e+03
3.737160709669607513e+03,6.609711710313005142e+02,-2.245019356052185231e+03
3.902815517676406216e+03,1.097275321923251113e+03,-1.734024401707196603e+03
3.972351027809881998e+03,1.506547644715389879e+03,-1.180335435759496931e+03
3.944056543456274994e+03,1.878710930257027712e+03,-5.975867652098360168e+02
3.818630288400882819e+03,2.204601873704441914e+03,-1.280268594160061668e-01
3.599162158710877065e+03,2.476196684726341118e+03,5.973291653062531168e+02
3.291057581604201459e+03,2.686808628871312067e+03,1.180073472320557357e+03
2.901904361107734530e+03,2.831252637281632360e+03,1.733756059850105203e+03
2.441285794675090983e+03,2.905972934165929473e+03,2.244743885162184142e+03
1.920544667755003729e+03,2.909130543167755604e+03,2.700455343373054802e+03
1.352503941987734834e+03,2.840648522571190824e+03,3.089670011376685579e+03
7.511510175096798321e+02,2.702213820488076180e+03,3.402804867490200650e+03
1.312933445410752711e+02,2.497235709201880582e+03,3.632150192082357535e+03
-4.918061378299761373e+02,2.230761826030661723e+03,3.772059348143862280e+03
-1.102804764032779303e+03,1.909353890355131171e+03,3.819087776599585595e+03
-1.686657860995810779e+03,1.540926156832883180e+03,3.772077790364417979e+03
-2.228989132907885505e+03,1.134550579605704797e+03,3.632187083266233003e+03
-2.716444602105601007e+03,7.002334789942024145e+02,3.402860251887864706e+03
-3.137021399632515568e+03,2.486692018836381806e+02,3.089744027122630087e+03
-3.480363314736867778e+03,-2.090231673285748570e+02,2.700548293968679445e+03
-3.738015825781422336e+03,-6.615735697661974655e+02,2.244856310225855850e+03
-3.903634327277213742e+03,-1.097838472923699101e+03,1.733888785121494493e+03
-3.973140415568954722e+03,-1.507075277059656855e+03,1.180227617095890309e+03
-3.944822372272220491e+03,-1.879206867451752032e+03,5.975060866275238141e+02
-3.819377355812459882e+03,-2.205069798055587853e+03,7.311968946282575155e-02
-3.599894212748086829e+03,-2.476640024110352897e+03,-5.973601969891036561e+02
-3.291777256431886144e+03,-2.687230572291095086e+03,-1.180083130766581235e+03
-2.902613102930436526e+03,-2.831656062600593032e+03,-1.733747409405556937e+03
-2.441983929899313353e+03,-2.906360254371199972e+03,-2.244720262630637080e+03
-1.921231603056932954e+03,-2.909503597789189371e+03,-2.700420021882978745e+03
-1.353178456869570027e+03,-2.841008555847221487e+03,-3.089625914267957796e+03
-7.518116042311913816e+02,-2.702561550807844924e+03,-3.402754378087523946e+03
-1.319385438293083439e+02,-2.497571475956913673e+03,-3.632095083240794338e+03
4.911774565160524162e+02,-2.231085786380082482e+03,-3.772000834679250602e+03
1.102193220007234004e+03,-1.909666229618721445e+03,-3.819026672833316297e+03
1.686063503562331334e+03,-1.541227273835739879e+03,-3.772014737232415882e+03
2.228411511202885322e+03,-1.134841212651534534e+03,-3.632122797764737243e+03
2.715882946416819323e+03,-7.005147487481508506e+02,-3.402795748424221074e+03
3.136474878295375674e+03,-2.489425621936801178e+02,-3.089680766226019387e+03
3.479831318588006525e+03,2.087560633935438545e+02,-2.700488227691596876e+03
3.737498229124103545e+03,6.613110668816732414e+02,-2.244801812698314734e+03
3.903131680553969090e+03,1.097579141643628645e+03,-1.733842477210141624e+03
3.972654038973065326e+03,1.506818137393960342e+03,-1.180192112106381956e+03
3.944354338183904019e+03,1.878951574298023161e+03,-5.974836969475828710e+02
3.818930370328372646e+03,2.204816756541722043e+03,-6.558117591712256389e-02
3.599471462773986332e+03,2.476390377485004137e+03,5.973518392681008891e+02
3.291382369011271294e+03,2.686986063356885552e+03,1.180058349903360067e+03
2.902250150383999880e+03,2.831418993699040129e+03,1.733706132178615235e+03
2.441657327993853414e+03,2.906133547261246804e+03,2.244663047512759022e+03
1.920945906030445713e+03,2.909290832065259565e+03,2.700348294179654658e+03
1.352938076475875732e+03,2.840813945471964416e+03,3.089542174232584330e+03
7.516204811698692083e+02,2.702389850257303351e+03,3.402662344688164467e+03
1.317998042633632565e+02,2.497427820317662281e+03,3.631999751770536932e+03
-4.912618258953334589e+02,2.230975478578674938e+03,3.771908439002931573e+03
-1.102222648859582478e+03,1.909594493627196471e+03,3.818944554979766963e+03
-1.686039044872014983e+03,1.541198994894525413e+03,3.771951136973403209e+03
-2.228335966012349672e+03,1.134860684400700165e+03,3.632086581334348921e+03
-2.715760903372593475e+03,7.005854435393366657e+02,3.402796098234245619e+03
-3.136312672572469182e+03,2.490669358854632378e+02,3.089726852487017368e+03
-3.479636919558308364e+03,-2.085767258408854730e+02,2.700588879522395018e+03
-3.737281067931636244e+03,-6.610767628016915296e+02,2.244965201709070698e+03
-3.902902428173536464e+03,-1.097291219351719974e+03,1.734075822262672318e+03
-3.972424343242870691e+03,-1.506479323428773796e+03,1.180501410716879491e+03
-3.944136525855756190e+03,-1.878565959999700226e+03,5.978734873856330978e+02
-3.818737118356242718e+03,-2.204389743547764283e+03,5.387395494420772479e-01
-3.599315442615151369e+03,-2.475928580329888518e+03,-5.967942609562672942e+02
-3.291275869021800645e+03,-2.686497166582984391e+03,-1.179417236438893042e+03
-2.902204684406493470e+03,-2.830911561160330621e+03,-1.732984358062272349e+03
-2.441683242569294634e+03,-2.905616783061515434e+03,-2.243865458532678076e+03
-1.921052003557760827e+03,-2.908774295822716340e+03,-2.699481606661905971e+03
-1.353131276168262502e+03,-2.840307229186990298e+03,-3.088614783963512309e+03
-7.519055427915353675e+02,-2.701902229451287894e+03,-3.401684042873034741e+03
-1.321791404000171042e+02,-2.496967897645895846e+03,-3.630981353032104380e+03
4.907882256132818384e+02,-2.230550842922226821e+03,-3.770861335642763606e+03
1.101657164154139082e+03,-1.909211420809997890e+03,-3.817880221633603469e+03
1.685386234093156872e+03,-1.540862216702004162e+03,-3.770880618966265956e+03
2.227602243454364725e+03,-1.134573249689447039e+03,-3.631020006892923902e+03
2.714954104659302629e+03,-7.003486884633881573e+02,-3.401742257438971592e+03
3.135441542852606744e+03,-2.488805698135302293e+02,-3.088692882911725519e+03
3.478710571079652254e+03,2.087144251933964085e+02,-2.699580089178354683e+03
3.736308459680900796e+03,6.611686652020765678e+02,-2.243985044655249567e+03
3.901891918597924814e+03,1.097341000778816351e+03,-1.733126023158780527e+03
3.971383357089274341e+03,1.506491107116431067e+03,-1.179582214731598924e+03
3.943071358959227382e+03,1.878543981407304727e+03,-5.969839936825628683e+02
3.817652879670050879e+03,2.204338082274940462e+03,3.227467873299753043e-01
3.598216080071877514e+03,2.475851014989781106e+03,5.976299888367633457e+02
3.290164146668430931e+03,2.686397160285228438e+03,1.180230006792232871e+03
2.901082112872946709e+03,2.830792207517539282e+03,1.733777503063703307e+03
2.440550125072202263e+03,2.905480661509483525e+03,2.244642584742410236e+03
1.919907633466572406e+03,2.908623351256334445e+03,2.700246243382786361e+03
1.351974247324735643e+03,2.840142739297485150e+03,3.089370065500533201e+03
7.507341207319133218e+02,2.701724872572482582e+03,3.402432488817014018e+03
1.309916360759212921e+02,2.496777908690429285e+03,3.631724778510608758e+03
-4.919931372872079010e+02,2.230348228361058318e+03,3.771600897919912768e+03
-1.102880228569121073e+03,1.908996193557725064e+03,3.818616585609033791e+03
-1.686627534062229643e+03,1.540634608776759478e+03,3.771614204385365611e+03
-2.228861256818818219e+03,1.134333864779887335e+03,3.631751267085839117e+03
-2.716229886841049392e+03,7.000985670492802910e+02,3.402471935096799825e+03
-3.136732998358350869e+03,2.486211545393353504e+02,3.089422193276393045e+03
-3.480016763761217589e+03,-2.089814191250330282e+02,2.700310794325372626e+03
-3.737628906032360646e+03,-6.614414535964676816e+02,2.244719402148362406e+03
-3.903226812753436207e+03,-1.097617974484541719e+03,1.733866614850228871e+03
-3.972733689807307655e+03,-1.506771076577822669e+03,1.180331682976681122e+03
-3.944438913436139501e+03,-1.878826381846006825e+03,5.977447299425737128e+02
-3.819040113739401932e+03,-2.204623101045461681e+03,4.511050021588559056e-01
-3.599625957291464147e+03,-2.476139592339377486e+03,-5.968418653727798073e+02
-3.291600056126947038e+03,-2.686690864941534528e+03,-1.179427029708082273e+03
-2.902547879081251267e+03,-2.831093166753085825e+03,-1.732959551144622310e+03
-2.442049943892475767e+03,-2.905791605264432746e+03,-2.243810119175226646e+03
-1.921445890227356358e+03,-2.908947660844165057e+03,-2.699400538332150518e+03
-1.353555242419502520e+03,-2.840484438514843987e+03,-3.088513432411372378e+03
-7.523617366374996891e+02,-2.702088544393473967e+03,-3.401568439826758095e+03
-1.326689840635625046e+02,-2.497168540408232730e+03,-3.630858100119030496e+03
4.902640524369296600e+02,-2.230770999749799557e+03,-3.770737623597386118e+03
1.101098793366550808e+03,-1.909456229172621761e+03,-3.817763870890756607e+03
1.684794737915005726e+03,-1.541136717436616664e+03,-3.770780119351663870e+03
2.226979819187969042e+03,-1.134882287035280342e+03,-3.630944527684976038e+03
2.714304298866819408e+03,-7.006967467243616738e+02,-3.401701596506417900e+03
3.134769485411771711e+03,-2.492715446290258683e+02,-3.088697326318530941e+03
3.478023179284472462e+03,2.082775111466685871e+02,-2.699640161491621257e+03
3.735614567774573970e+03,6.606839798422356580e+02,-2.244111144676651747e+03
3.901202290890868426e+03,1.096808220821606255e+03,-1.733327957981130794e+03
3.970710553685814375e+03,1.505911697812683542e+03,-1.179868663847863218e+03
3.942429441077603315e+03,1.877921397780145753e+03,-5.973619519308855388e+02
3.817056966676759657e+03,2.203677851566428672e+03,-1.515234848020221847e-01
3.597681823544264716e+03,2.475160648246103847e+03,5.970571184462995689e+02
3.289707266254210026e+03,2.685685890543245023e+03,1.179558772224256700e+03
2.900718004194935475e+03,2.830070731019007326e+03,1.733010615680800356e+03
2.440293389622000632e+03,2.904760940637645490e+03,2.243785342856403076e+03
1.919771506075591105e+03,2.907918372787199587e+03,2.699306665457825147e+03
1.351969970732421643e+03,2.839466174104884431e+03,3.088358921349345110e+03
7.508703283714936561e+02,2.701090634249848790e+03,3.401363172056996518e+03
1.312738087532270299e+02,2.496199634116259404e+03,3.630612997942487254e+03
-4.915630785446705886e+02,2.229838719740865145e+03,3.770464193193467054e+03
-1.102304144480727928e+03,1.908566870650859073e+03,3.817473697793469910e+03
-1.685911075944870845e+03,1.540295021410712934e+03,3.770484352405881964e+03
-2.228013660007447470e+03,1.134091309111456667e+03,3.630653393212378433e+03
-2.715263571646732089e+03,6.999578360329225006e+02,3.401423985065920533e+03
-3.135663022651406209e+03,2.485844358271088765e+02,3.088440489064407302e+03
-3.478860184365425539e+03,-2.089145026898846993e+02,2.699409541839846497e+03
-3.736404109796821558e+03,-6.612736817206172191e+02,2.243910355307876671e+03
-3.901952872117090010e+03,-1.097354277366923725e+03,1.733158895572859819e+03
-3.971429784038064554e+03,-1.506418230218573171e+03,1.179731736995455094e+03
-3.943123837871997694e+03,-1.878392688036238724e+03,5.972563818109971407e+02
-3.817731874553857779e+03,-2.204118089267790765e+03,7.565429953964275533e-02
-3.598341406080931392e+03,-2.475573779409267445e+03,-5.971055999583979883e+02
-3.290354484420392509e+03,-2.686075552403223355e+03,-1.179582757640727323e+03
-2.901354591591000371e+03,-2.830440168533761153e+03,-1.733013471096212015e+03
-2.440919924346001608e+03,-2.905112881889957862e+03,-2.243770659747708578e+03
-1.920387609016079068e+03,-2.908254934443147704e+03,-2.699277947143938491e+03
-1.352574599492375228e+03,-2.839788844512049309e+03,-3.088319303094115185e+03
-7.514621191318644833e+02,-2.701400344425246203e+03,-3.401315231487986239e+03
-1.318514133072694676e+02,-2.496496904246279428e+03,-3.630558682920373940e+03
4.910007113804539358e+02,-2.230123854102072073e+03,-3.770404870484810999e+03
1.101757584145737837e+03,-1.908840165329839010e+03,-3.817410304677137901e+03
1.685380346681520223e+03,-1.540556947073996980e+03,-3.770417615876215223e+03
2.227498302439359122e+03,-1.134342635821522435e+03,-3.630584070531479938e+03
2.714762811842747851e+03,-7.001996776342623434e+02,-3.401353076756485734e+03
3.135176013081407291e+03,-2.488182060842657393e+02,-3.088369381790637817e+03
3.478386270027438968e+03,2.086872143146304097e+02,-2.699340052546966945e+03
3.735943070449347942e+03,6.610512928006036191e+02,-2.243844666900665288e+03
3.901505098384732719e+03,1.097135422543974983e+03,-1.733099394379720479e+03
3.970996359316245162e+03,1.506201963674621766e+03,-1.179680779991659847e+03
3.942706517053997231e+03,1.878178644843748543e+03,-5.972160361698166753e+02
3.817332975397441260e+03,2.203906573449661209e+03,-4.747122372981704003e-02
3.597963671955155405e+03,2.475365749127945037e+03,5.971206818849991578e+02
3.290001010708800095e+03,2.685872529496985408e+03,1.179584340494973276e+03
2.901028808361088977e+03,2.830244187896538733e+03,1.733001636693414412e+03
2.440625531608563051e+03,2.904926512885205284e+03,2.243746057829715937e+03
1.920128424054519428e+03,2.908081308854867075e+03,2.699241969522507134e+03
1.352354329931225266e+03,2.839631643859574524e+03,3.088274261151037990e+03
7.512840876682155340e+02,2.701263730582804328e+03,3.401264490494516849e+03
1.317182631683710952e+02,2.496385393649115940e+03,3.630506728427499638e+03
-4.910873014103088394e+02,2.230042145103797338e+03,3.770357296152934396e+03
-1.101797150165169569e+03,1.908792933490177347e+03,3.817373722095599533e+03
-1.685373837234070152e+03,1.540548624975744815e+03,3.770399495381980159e+03
-2.227448212698627231e+03,1.134377192933397737e+03,3.630592527211417291e+03
-2.714673251169976993e+03,7.002804127254387367e+02,3.401396617575451728e+03
-3.135052708090326178e+03,2.489475608553422603e+02,3.088456628692433696e+03
-3.478236508162185146e+03,-2.085078152357357624e+02,2.699479453585479860e+03
-3.735775589554304588e+03,-6.608215728195413021e+02,2.244044204162503320e+03
-3.901329926525085739e+03,-1.096856353339533371e+03,1.733366294905900986e+03
-3.970824607144163110e+03,-1.505875832711162957e+03,1.180021234692464077e+03
-3.942550123420985528e+03,-1.877809086857691454e+03,5.976349322895099476e+02
-3.817204406457788082e+03,-2.203498561029894518e+03,5.481458857197888390e-01
-3.597875575344919980e+03,-2.474925536276933144e+03,-5.965366565111460204e+02
-3.289965829552403193e+03,-2.685407541872511956e+03,-1.178917326833436618e+03
-2.901058364714908748e+03,-2.829762854646142841e+03,-1.732254040264762125e+03
-2.440730594771029700e+03,-2.904438037922184776e+03,-2.242922358017486204e+03
-1.920318285175741494e+03,-2.907595383881354337e+03,-2.698348657508069209e+03
-1.352636409463795189e+03,-2.839158111190900854e+03,-3.087319674106934599e+03
-7.516636054563131211e+02,-2.700812210160893301e+03,-3.400258537815967884e+03
-1.321980014817744404e+02,-2.495964894926602938e+03,-3.629460514777153548e+03
4.905071145422841710e+02,-2.229660689741268015e+03,-3.769282656542522091e+03
1.101118816771995171e+03,-1.908457218226245459e+03,-3.816282695248977234e+03
1.684602014576661531e+03,-1.540263754527145693e+03,-3.769303771680583395e+03
2.226589592121275928e+03,-1.134146509638738735e+03,-3.629502915037163348e+03
2.713736111099570735e+03,-7.001054423159723683e+02,-3.400322574853375045e+03
3.134046377587302686e+03,-2.488280825145839970e+02,-3.087405903401075648e+03
3.477170790191147262e+03,2.085735803250453557e+02,-2.698457867115328099e+03
3.734660199866685616e+03,6.608366748490703912e+02,-2.243055595313786853e+03
3.900174002545604708e+03,1.096824762209065739e+03,-1.732412622070528414e+03
3.969636331020039506e+03,1.505802062782746816e+03,-1.179102812274885537e+03
3.941336485027767139e+03,1.877697842974896048e+03,-5.967507564343817421e+02
3.815971104850197662e+03,2.203354450715998155e+03,3.037591663553370624e-01
3.596627013611312123e+03,2.474752885780392717e+03,5.973589669458326625e+02
3.288705119117870254e+03,2.685210305515367054e+03,1.179713279561047557e+03
2.899787318026730190e+03,2.829544531188195833e+03,1.733027313799200101e+03
2.439449791349895349e+03,2.904201551861277039e+03,2.243676837226259067e+03
1.919027266119964452e+03,2.907342986068883874e+03,2.699088116088435527e+03
1.351333982584094201e+03,2.838891354362426227e+03,3.088047473628741955e+03
7.503482115755642781e+02,2.700532017946262840e+03,3.400977414010734719e+03
1.308680837361923182e+02,2.495671714874581085e+03,3.630172487251738403e+03
-4.918527947951530450e+02,2.229354703016761960e+03,3.769989069740118794e+03
-1.102480963342274890e+03,1.908138568464342825e+03,3.816984374139663032e+03
-1.685980707658259917e+03,1.539932755542424275e+03,3.770001256436153653e+03
-2.227984334304549066e+03,1.133803795867969939e+03,3.630196726543454133e+03
-2.715145992925547944e+03,6.997520361202425647e+02,3.401013459037508710e+03
-3.135470327917387749e+03,2.484653669698873841e+02,3.088095007243739019e+03
-3.478607863327021278e+03,-2.089439780914754863e+02,2.699146812308292283e+03
-3.736109846409298370e+03,-6.612130691983351198e+02,2.243746434522126037e+03
-3.901636275714115982e+03,-1.097205630981864942e+03,1.733107684622532133e+03
-3.971111993741579226e+03,-1.506186267113262375e+03,1.179804467183590077e+03
-3.942827003978028188e+03,-1.878084805959482537e+03,5.974611392330358512e+02
-3.817478545620892874e+03,-2.203744259030318062e+03,4.170103642869065208e-01
-3.598153893259725464e+03,-2.475146288095722866e+03,-5.966267538545661182e+02
-3.290254307535106818e+03,-2.685608630973923482e+03,-1.178969131224100465e+03
-2.901362011106913997e+03,-2.829949626504454500e+03,-1.732271232562985233e+03
-2.441053466136581392e+03,-2.904615789057482289e+03,-2.242909369915887964e+03
-1.920663550995836886e+03,-2.907769292377994134e+03,-2.698310511281767504e+03
-1.353006442219730161e+03,-2.839333209179807909e+03,-3.087261863323423313e+03
-7.520600734441426312e+02,-2.700993392598578794e+03,-3.400186960123250174e+03
-1.326219397387004619e+02,-2.496156952741711848e+03,-3.629381460199683261e+03
4.900552785571071013e+02,-2.229868349993331321e+03,-3.769202845479110692e+03
1.100639301096326335e+03,-1.908685170109138426e+03,-3.816209350316675682e+03
1.684095793847699724e+03,-1.540516638915005387e+03,-3.769244698251136469e+03
2.226058579274494605e+03,-1.134428852127100072e+03,-3.629466558154723771e+03
2.713183392841455770e+03,-7.004215159912959052e+02,-3.400318017313697510e+03
3.133476472609082521e+03,-2.491816966738641099e+02,-3.087442772451112887e+03
3.476589887769983761e+03,2.081793565114156195e+02,-2.698546126581617955e+03
3.734076331051128363e+03,6.603998314239075853e+02,-2.243205215224606491e+03
3.899597098569318860e+03,1.096344676445211917e+03,-1.732633137217300600e+03
3.969078134728765235e+03,1.505279795101990885e+03,-1.179402801627684994e+03
3.940810300131412532e+03,1.877136357423960590e+03,-5.971372952732401700e+02
3.815491395814496173e+03,2.202758717789466573e+03,-1.744000123169091032e-01
3.596208912982930087e+03,2.474129833759041503e+03,5.967864746793229642e+02
3.288363938396688354e+03,2.684568635943257505e+03,1.179046246374707835e+03
2.899538095386027635e+03,2.828894491048457894e+03,1.732268086727639229e+03
2.439306803329364811e+03,2.903554711986491384e+03,2.242830408672471094e+03
1.919003459775167585e+03,2.906711979963066824e+03,2.698162223829228424e+03
1.351440356574018324e+03,2.838289531318079753e+03,3.087052616484391820e+03
7.505932048822730849e+02,2.699973002126159827e+03,3.399926719853311624e+03
1.312570373859490758e+02,2.495168890373289287e+03,3.629081406758216417e+03
-4.913180420570617457e+02,2.228920662671129776e+03,3.768874899765739883e+03
-1.101802298208010143e+03,1.907784573420364950e+03,3.815865640326760968e+03
-1.685163757892987860e+03,1.539668253748732695e+03,3.768897004495308465e+03
-2.227038275230836462e+03,1.133636041088502225e+03,3.629125783182936630e+03
-2.714083167458093612e+03,6.996858363151270623e+02,3.399993725475134397e+03
-3.134305722807741859e+03,2.485029742447720480e+02,3.087142840545607669e+03
-3.477358496492117865e+03,-2.088028411320676696e+02,2.698276534329731930e+03
-3.734794123166884219e+03,-6.609710670475097913e+02,2.242969987996083546e+03
-3.900273365327447664e+03,-1.096867587587971229e+03,1.732434434695435812e+03
-3.969721263951359106e+03,-1.505758888647860203e+03,1.179241127553356137e+03
-3.941427531908590026e+03,-1.877576389255817730e+03,5.970117859245127647e+02
-3.816088699216913483e+03,-2.203164416340273419e+03,8.313210614873664528e-02
-3.596790948017515802e+03,-2.474505704063703433e+03,-5.968462230102581998e+02
-3.288934052270129996e+03,-2.684918829643864228e+03,-1.179077803828166680e+03
-2.900098345928814524e+03,-2.829222693814335798e+03,-1.732275199673919815e+03
-2.439858056761248918e+03,-2.903864031641040583e+03,-2.242816988678183861e+03
-1.919545593248327805e+03,-2.907004868838671882e+03,-2.698132055782484713e+03
-1.351972549578178359e+03,-2.838567778370848828e+03,-3.087009094402354549e+03
-7.511142767210726561e+02,-2.700237806516754063e+03,-3.399872664989507939e+03
-1.317657793878270240e+02,-2.495421006129372017e+03,-3.629018996894676093e+03
4.908225889124679497e+02,-2.229160588796425145e+03,-3.768805713944047056e+03
1.101320659367165035e+03,-1.908012755342423361e+03,-3.815790801738227401e+03
1.684695957716740168e+03,-1.539885260209483477e+03,-3.768817387349875389e+03
2.226583888431936430e+03,-1.133842685462343070e+03,-3.629042239232706834e+03
2.713641471706189805e+03,-6.998832217559615856e+02,-3.399907283894492139e+03
3.133875917883156490e+03,-2.486924562476330891e+02,-3.087054841566536652e+03
3.476939945395391078e+03,2.086197661971640116e+02,-2.698188670849694063e+03
3.734386569170326311e+03,6.607929257891635189e+02,-2.242884247769169178e+03
3.899877086340576170e+03,1.096693115650121172e+03,-1.732352954932594457e+03
3.969337139929753903e+03,1.505587205620299528e+03,-1.179165990933989633e+03
3.941057020551673304e+03,1.877407131025002855e+03,-5.969448010232547404e+02
3.815733739424324540e+03,2.202997799441454845e+03,-2.565325689105881976e-02
3.596453839530471669e+03,2.474342512532552519e+03,5.968933802273573974e+02
3.288617370284350727e+03,2.684760353929143093e+03,1.179114344900690185e+03
2.899804898984992178e+03,2.829070684402392999e+03,1.732301318064017551e+03
2.439590834030340829e+03,2.903720695174970388e+03,2.242833405652514102e+03
1.919307656105961996e+03,2.906872879405807453e+03,2.698140131242980715e+03
1.351766861737125055e+03,2.838450268261679412e+03,3.087010960134202378e+03
7.509434891610160321e+02,2.700138317436450052e+03,3.399871337734710323e+03
1.316319930723597054e+02,2.495343396858448614e+03,3.629018445336231252e+03
-4.909180594328025791e+02,2.229108904538317347e+03,3.768810867452840739e+03
-1.101377501995416196e+03,1.907991068741184790e+03,3.815807498996452523e+03
-1.684715044497968847e+03,1.539897495417847267e+03,3.768852269799841451e+03
-2.226567414808921058e+03,1.133892435637259268e+03,3.629102597919124037e+03
-2.713593050039253285e+03,6.999735680588321429e+02,3.400000868955137776e+03
-3.133800624839174816e+03,2.488257938955883048e+02,3.087189642349653695e+03
-3.476844323483815970e+03,-2.084418910914040168e+02,2.698372672503596732e+03
-3.734278581735883108e+03,-6.605699654980714968e+02,2.243125168344290614e+03
-3.899766023423183469e+03,-1.096425652449747304e+03,1.732657966425274935e+03
-3.969233470681891504e+03,-1.505277060299294135e+03,1.179541428713257801e+03
-3.940972187243761709e+03,-1.877057440686565315e+03,5.973958687311734366e+02
-3.815679889157025627e+03,-2.202613055107319269e+03,5.561340586128328267e-01
-3.596443492941748900e+03,-2.473928546040505353e+03,-5.962813908979622965e+02
-3.288663031635263906e+03,-2.684324264069241508e+03,-1.178420666220976500e+03
-2.899918618618260552e+03,-2.828620694444856781e+03,-1.731527849036394628e+03
-2.439783741436434411e+03,-2.903265937985579058e+03,-2.241984207154171600e+03
-1.919589488827528385e+03,-2.906423111971043454e+03,-2.697221405794186467e+03
-1.352145520984765653e+03,-2.838015524212691616e+03,-3.086030915532885501e+03
-7.514246564594651545e+02,-2.699728513393107733e+03,-3.398839928565768787e+03
-1.322188426129146137e+02,-2.494967915398060086e+03,-3.627946996535328253e+03
4.902250214041153527e+02,-2.228776182391789007e+03,-3.767711595694415792e+03
1.100580446891381825e+03,-1.907708222569853888e+03,-3.814692959771146434e+03
1.683818668059379206e+03,-1.539670018094755278e+03,-3.767734769048065118e+03
2.225578623838320709e+03,-1.133723992621682328e+03,-3.627993615296119515e+03
2.712520509737170414e+03,-6.998659155904608724e+02,-3.398910543104394492e+03
3.132654204308953013e+03,-2.487788288193053177e+02,-3.086126365432636248e+03
3.475634490619238477e+03,2.084299548643548121e+02,-2.697342830849112943e+03
3.733015805862960406e+03,6.605023142462526948e+02,-2.242133049236781517e+03
3.898460242650196051e+03,1.096306517281969946e+03,-1.731705829855953652e+03
3.967893670324746836e+03,1.505111331773901384e+03,-1.178629720355854488e+03
3.939606116409094284e+03,1.876850299110935794e+03,-5.965235290484264397e+02
3.814293915270191974e+03,2.202369658394557973e+03,2.790594672255035658e-01
3.595042560898810279e+03,2.473653801280308926e+03,5.970825164958292817e+02
3.287250674732299103e+03,2.684022673839321214e+03,1.179191417833274045e+03
2.898496998825969968e+03,2.828296235782423537e+03,1.732272319897391299e+03
2.438353752811524373e+03,2.902921950064493558e+03,2.242706631748838845e+03
1.918150961296605828e+03,2.906062215581680448e+03,2.697925862596117895e+03
1.350697519735925425e+03,2.837639608983102789e+03,3.086721048554709341e+03
7.499658374052413592e+02,2.699338809406073324e+03,3.399518746945699604e+03
1.307478103825822870e+02,2.494565142016845584e+03,3.628616787744694193e+03
-4.917094061435175263e+02,2.228360749492500872e+03,3.768373961238761694e+03
-1.102078853860114805e+03,1.907280449343263399e+03,3.815348958431391111e+03
-1.685331203990635231e+03,1.539230331891724063e+03,3.768385134284123069e+03
-2.227104865326908566e+03,1.133273074357107589e+03,3.628639001800683673e+03
-2.714059647538647823e+03,6.994047679857769708e+02,3.399551754133372924e+03
-3.134205266221845704e+03,2.483087574841579794e+02,3.086764517449323648e+03
-3.477196597984518121e+03,-2.089074420838234971e+02,2.697979424681835553e+03
-3.734588414599293174e+03,-6.609856697628082429e+02,2.242769935077825721e+03
-3.900043324912067874e+03,-1.096794347366637112e+03,1.732345074183821225e+03
-3.969487806441220073e+03,-1.505602585041212933e+03,1.179273402828843246e+03
-3.941212487513473206e+03,-1.877344414412963488e+03,5.971735142798960396e+02
-3.815914213469634888e+03,-2.202866643821949310e+03,3.786817938945531425e-01
-3.596678863631259446e+03,-2.474154233949484023e+03,-5.964160857650094840e+02
-3.288905343932262895e+03,-2.684527645798411413e+03,-1.178515890209881945e+03
-2.900172627804743115e+03,-2.828807303057444642e+03,-1.731587783547180834e+03
-2.440053119501549645e+03,-2.903441120323796895e+03,-2.242013692413886474e+03
-1.919876935076236578e+03,-2.906591957707303663e+03,-2.697225738645126967e+03
-1.352452904329982402e+03,-2.838182848612520047e+03,-3.086015700346969879e+03
-7.517531623537877294e+02,-2.699898886788278105e+03,-3.398810994208748525e+03
-1.325690957246864343e+02,-2.495145725438184400e+03,-3.627910383502899094e+03
4.898528860835557452e+02,-2.228965709192671966e+03,-3.767673607254490435e+03
1.100186786280690740e+03,-1.907913702666890913e+03,-3.814660259827374375e+03
1.683404418657679798e+03,-1.539895671875957078e+03,-3.767714499214460375e+03
2.225145473742692957e+03,-1.133973992234651405e+03,-3.627993495729174811e+03
2.712071138369659366e+03,-7.001442770905841826e+02,-3.398938918334680238e+03
3.132192557880024196e+03,-2.490892229396526716e+02,-3.086192159078138957e+03
3.475166049063537685e+03,2.080844653288840505e+02,-2.697455382864896364e+03
3.732547790955977234e+03,6.601195883298972831e+02,-2.242301825312692927e+03
3.898001719331809909e+03,1.095885666674181948e+03,-1.731940012925493193e+03
3.967455504640865456e+03,1.504653026428434487e+03,-1.178937715760746187e+03
3.939200773485986247e+03,1.876357003445736154e+03,-5.969124352775704665e+02
3.813935108678721008e+03,2.201845758849808135e+03,-1.960542264239336641e-01
3.594744798417392303e+03,2.473105602904041916e+03,5.965180888046299970e+02
3.287028765415538601e+03,2.683458279909909834e+03,1.178537006044601867e+03
2.898365555990667417e+03,2.827725358820771362e+03,1.731529837289236184e+03
2.438326671166763845e+03,2.902355685619074393e+03,2.241880688473047940e+03
1.918240842445183262e+03,2.905512764222625719e+03,2.697023846199546369e+03
1.350915061350475980e+03,2.837119919995277542e+03,3.085753118508390799e+03
7.503192346723442370e+02,2.698862139676961306e+03,3.398497691340994152e+03
1.312422303210081793e+02,2.494144547735695596e+03,3.627557716096221156e+03
-4.910722199130376566e+02,2.228008545737451641e+03,3.767293836143685894e+03
-1.101300801628085992e+03,1.907007681687481636e+03,3.814265993949310086e+03
-1.684417851536734133e+03,1.539046305236174931e+03,3.767318107873077679e+03
-2.226065265861320768e+03,1.133184977741806051e+03,3.627606537330772426e+03
-2.712905986030499662e+03,6.994174219654578337e+02,3.398571634929469838e+03
-3.132952366632257053e+03,2.484244948553537427e+02,3.085853080633141872e+03
-3.475861344743271275e+03,-2.086887676184969393e+02,2.697151073152267145e+03
-3.733189141798611672e+03,-6.606665664386678145e+02,2.242036784271998386e+03
-3.898599219838894442e+03,-1.096379488466837984e+03,1.731716730854224579e+03
-3.968018360444177233e+03,-1.505098564797406880e+03,1.178756855631623012e+03
-3.939737008639974647e+03,-1.876759487034710901e+03,5.967731031600773122e+02
-3.814451394587887989e+03,-2.202210467734185386e+03,9.610761303034037750e-02
-3.595246381774633846e+03,-2.473437626946874843e+03,-5.965817409393924891e+02
-3.287519465262480935e+03,-2.683762334461244791e+03,-1.178568129338726067e+03
-2.898847819358033576e+03,-2.828005638608368827e+03,-1.731532604643371769e+03
-2.438801702398711768e+03,-2.902615750441529599e+03,-2.241859396592098619e+03
-1.918708819249402495e+03,-2.905755472219747844e+03,-2.696982628394393942e+03
-1.351375425361557745e+03,-2.837347428760815092e+03,-3.085695694728111903e+03
-7.507710209373909720e+02,-2.699075982403818216e+03,-3.398427197048767994e+03
-1.316843893357950037e+02,-2.494345774329584401e+03,-3.627476635047736636e+03
4.906405531464014302e+02,-2.228197904986337562e+03,-3.767204040631138469e+03
1.100880127446184133e+03,-1.907185812733391003e+03,-3.814168875989931166e+03
1.684008234512861463e+03,-1.539213905186136572e+03,-3.767214769049524875e+03
2.225666373859525265e+03,-1.133342917217104286e+03,-3.627497995936797452e+03
2.712517221682264335e+03,-6.995667904714306360e+02,-3.398459007886770451e+03
3.132573058287533058e+03,-2.485665712596894537e+02,-3.085737704577246859e+03
3.475490955471100278e+03,2.085526103138390681e+02,-2.697034542590417004e+03
3.732827454688625039e+03,6.605350010464935622e+02,-2.241920902134613243e+03
3.898246465785093733e+03,1.096251389938691318e+03,-1.731603384674758672e+03
3.967675268998326374e+03,1.504973152647239658e+03,-1.178647847949152947e+03
3.939404781310315684e+03,1.876636427342684328e+03,-5.966699753905872967e+02
3.814131620676671901e+03,2.202089917922318818e+03,1.860366261007791772e-10
